[2025-05-23 06:16:21Z INFO HostContext] No proxy settings were found based on environmental variables (http_proxy/https_proxy/HTTP_PROXY/HTTPS_PROXY)
[2025-05-23 06:16:21Z INFO HostContext] Well known directory 'Bin': 'C:\Users\legen\OneDrive\Dokumenti\GitHub\GitHooks\actions-runner\bin'
[2025-05-23 06:16:21Z INFO HostContext] Well known directory 'Root': 'C:\Users\legen\OneDrive\Dokumenti\GitHub\GitHooks\actions-runner'
[2025-05-23 06:16:21Z INFO HostContext] Well known config file 'Credentials': 'C:\Users\legen\OneDrive\Dokumenti\GitHub\GitHooks\actions-runner\.credentials'
[2025-05-23 06:16:21Z INFO HostContext] Well known directory 'Bin': 'C:\Users\legen\OneDrive\Dokumenti\GitHub\GitHooks\actions-runner\bin'
[2025-05-23 06:16:21Z INFO HostContext] Well known directory 'Root': 'C:\Users\legen\OneDrive\Dokumenti\GitHub\GitHooks\actions-runner'
[2025-05-23 06:16:21Z INFO HostContext] Well known config file 'Runner': 'C:\Users\legen\OneDrive\Dokumenti\GitHub\GitHooks\actions-runner\.runner'
[2025-05-23 06:16:21Z INFO Listener] Runner is built for Windows (X64) - win-x64.
[2025-05-23 06:16:21Z INFO Listener] RuntimeInformation: Microsoft Windows 10.0.22631.
[2025-05-23 06:16:21Z INFO Listener] Version: 2.324.0
[2025-05-23 06:16:21Z INFO Listener] Commit: da3412efd49b1cf1a0fbdcbcee4e4ac4cc2177c8
[2025-05-23 06:16:21Z INFO Listener] Culture: en-GB
[2025-05-23 06:16:21Z INFO Listener] UI Culture: en-GB
[2025-05-23 06:16:21Z INFO HostContext] Well known directory 'Bin': 'C:\Users\legen\OneDrive\Dokumenti\GitHub\GitHooks\actions-runner\bin'
[2025-05-23 06:16:21Z INFO HostContext] Well known directory 'Root': 'C:\Users\legen\OneDrive\Dokumenti\GitHub\GitHooks\actions-runner'
[2025-05-23 06:16:21Z INFO Listener] Validating directory permissions for: 'C:\Users\legen\OneDrive\Dokumenti\GitHub\GitHooks\actions-runner'
[2025-05-23 06:16:21Z INFO CommandLineParser] Parse
[2025-05-23 06:16:21Z INFO CommandLineParser] Parsing 1 args
[2025-05-23 06:16:21Z INFO CommandLineParser] parsing argument
[2025-05-23 06:16:21Z INFO CommandLineParser] HasArgs: False
[2025-05-23 06:16:21Z INFO CommandLineParser] Adding Command: run
[2025-05-23 06:16:21Z INFO Listener] Arguments parsed
[2025-05-23 06:16:21Z INFO Runner] ExecuteCommand
[2025-05-23 06:16:21Z INFO ConfigurationStore] currentAssemblyLocation: C:\Users\legen\OneDrive\Dokumenti\GitHub\GitHooks\actions-runner\bin\Runner.Listener.dll
[2025-05-23 06:16:21Z INFO HostContext] Well known directory 'Bin': 'C:\Users\legen\OneDrive\Dokumenti\GitHub\GitHooks\actions-runner\bin'
[2025-05-23 06:16:21Z INFO ConfigurationStore] binPath: C:\Users\legen\OneDrive\Dokumenti\GitHub\GitHooks\actions-runner\bin
[2025-05-23 06:16:21Z INFO HostContext] Well known directory 'Bin': 'C:\Users\legen\OneDrive\Dokumenti\GitHub\GitHooks\actions-runner\bin'
[2025-05-23 06:16:21Z INFO HostContext] Well known directory 'Root': 'C:\Users\legen\OneDrive\Dokumenti\GitHub\GitHooks\actions-runner'
[2025-05-23 06:16:21Z INFO ConfigurationStore] RootFolder: C:\Users\legen\OneDrive\Dokumenti\GitHub\GitHooks\actions-runner
[2025-05-23 06:16:21Z INFO HostContext] Well known directory 'Bin': 'C:\Users\legen\OneDrive\Dokumenti\GitHub\GitHooks\actions-runner\bin'
[2025-05-23 06:16:21Z INFO HostContext] Well known directory 'Root': 'C:\Users\legen\OneDrive\Dokumenti\GitHub\GitHooks\actions-runner'
[2025-05-23 06:16:21Z INFO HostContext] Well known config file 'Runner': 'C:\Users\legen\OneDrive\Dokumenti\GitHub\GitHooks\actions-runner\.runner'
[2025-05-23 06:16:21Z INFO ConfigurationStore] ConfigFilePath: C:\Users\legen\OneDrive\Dokumenti\GitHub\GitHooks\actions-runner\.runner
[2025-05-23 06:16:21Z INFO HostContext] Well known directory 'Bin': 'C:\Users\legen\OneDrive\Dokumenti\GitHub\GitHooks\actions-runner\bin'
[2025-05-23 06:16:21Z INFO HostContext] Well known directory 'Root': 'C:\Users\legen\OneDrive\Dokumenti\GitHub\GitHooks\actions-runner'
[2025-05-23 06:16:21Z INFO HostContext] Well known config file 'MigratedRunner': 'C:\Users\legen\OneDrive\Dokumenti\GitHub\GitHooks\actions-runner\.runner_migrated'
[2025-05-23 06:16:21Z INFO ConfigurationStore] MigratedConfigFilePath: C:\Users\legen\OneDrive\Dokumenti\GitHub\GitHooks\actions-runner\.runner_migrated
[2025-05-23 06:16:21Z INFO HostContext] Well known directory 'Bin': 'C:\Users\legen\OneDrive\Dokumenti\GitHub\GitHooks\actions-runner\bin'
[2025-05-23 06:16:21Z INFO HostContext] Well known directory 'Root': 'C:\Users\legen\OneDrive\Dokumenti\GitHub\GitHooks\actions-runner'
[2025-05-23 06:16:21Z INFO HostContext] Well known config file 'Credentials': 'C:\Users\legen\OneDrive\Dokumenti\GitHub\GitHooks\actions-runner\.credentials'
[2025-05-23 06:16:21Z INFO ConfigurationStore] CredFilePath: C:\Users\legen\OneDrive\Dokumenti\GitHub\GitHooks\actions-runner\.credentials
[2025-05-23 06:16:21Z INFO HostContext] Well known directory 'Bin': 'C:\Users\legen\OneDrive\Dokumenti\GitHub\GitHooks\actions-runner\bin'
[2025-05-23 06:16:21Z INFO HostContext] Well known directory 'Root': 'C:\Users\legen\OneDrive\Dokumenti\GitHub\GitHooks\actions-runner'
[2025-05-23 06:16:21Z INFO HostContext] Well known config file 'MigratedCredentials': 'C:\Users\legen\OneDrive\Dokumenti\GitHub\GitHooks\actions-runner\.credentials_migrated'
[2025-05-23 06:16:21Z INFO ConfigurationStore] MigratedCredFilePath: C:\Users\legen\OneDrive\Dokumenti\GitHub\GitHooks\actions-runner\.credentials_migrated
[2025-05-23 06:16:21Z INFO HostContext] Well known directory 'Bin': 'C:\Users\legen\OneDrive\Dokumenti\GitHub\GitHooks\actions-runner\bin'
[2025-05-23 06:16:21Z INFO HostContext] Well known directory 'Root': 'C:\Users\legen\OneDrive\Dokumenti\GitHub\GitHooks\actions-runner'
[2025-05-23 06:16:21Z INFO HostContext] Well known config file 'Service': 'C:\Users\legen\OneDrive\Dokumenti\GitHub\GitHooks\actions-runner\.service'
[2025-05-23 06:16:21Z INFO ConfigurationStore] ServiceConfigFilePath: C:\Users\legen\OneDrive\Dokumenti\GitHub\GitHooks\actions-runner\.service
[2025-05-23 06:16:21Z INFO CommandSettings] Flag 'help': 'False'
[2025-05-23 06:16:21Z INFO CommandSettings] Flag 'version': 'False'
[2025-05-23 06:16:21Z INFO CommandSettings] Flag 'commit': 'False'
[2025-05-23 06:16:21Z INFO CommandSettings] Flag 'check': 'False'
[2025-05-23 06:16:21Z INFO CommandSettings] Command 'configure': 'False'
[2025-05-23 06:16:21Z INFO CommandSettings] Command 'remove': 'False'
[2025-05-23 06:16:21Z INFO CommandSettings] Command 'warmup': 'False'
[2025-05-23 06:16:21Z INFO ConfigurationManager] LoadSettings
[2025-05-23 06:16:21Z INFO ConfigurationStore] IsConfigured()
[2025-05-23 06:16:21Z INFO ConfigurationStore] IsConfigured: True
[2025-05-23 06:16:21Z INFO ConfigurationManager] Is configured: True
[2025-05-23 06:16:21Z INFO ConfigurationStore] Read setting file: 311 chars
[2025-05-23 06:16:21Z INFO ConfigurationManager] Settings Loaded
[2025-05-23 06:16:21Z INFO ConfigurationStore] IsServiceConfigured()
[2025-05-23 06:16:21Z INFO ConfigurationStore] IsServiceConfigured: True
[2025-05-23 06:16:21Z INFO CommandSettings] Command 'run': 'True'
[2025-05-23 06:16:21Z INFO ConfigurationStore] IsConfigured()
[2025-05-23 06:16:21Z INFO ConfigurationStore] IsConfigured: True
[2025-05-23 06:16:21Z INFO ConfigurationManager] Is configured: True
[2025-05-23 06:16:21Z INFO Runner] Try determine runner startup type base on console redirects.
[2025-05-23 06:16:21Z INFO Runner] Set runner startup type - Manual
[2025-05-23 06:16:21Z INFO CommandSettings] Flag 'once': 'False'
[2025-05-23 06:16:21Z INFO CommandSettings] Flag 'once': 'False'
[2025-05-23 06:16:21Z INFO Runner] RunAsync
[2025-05-23 06:16:21Z INFO ConfigurationManager] LoadMigratedSettings
[2025-05-23 06:16:21Z INFO ConfigurationStore] IsMigratedConfigured()
[2025-05-23 06:16:21Z INFO ConfigurationStore] IsMigratedConfigured: False
[2025-05-23 06:16:21Z INFO Runner] Failed to load migrated settings: No migrated configuration found.
[2025-05-23 06:16:21Z INFO Runner] Falling back to original .runner settings
[2025-05-23 06:16:21Z INFO ConfigurationManager] LoadSettings
[2025-05-23 06:16:21Z INFO ConfigurationStore] IsConfigured()
[2025-05-23 06:16:21Z INFO ConfigurationStore] IsConfigured: True
[2025-05-23 06:16:21Z INFO ConfigurationManager] Is configured: True
[2025-05-23 06:16:21Z INFO ConfigurationManager] Settings Loaded
[2025-05-23 06:16:21Z INFO MessageListener] {
  "AgentId": 2,
  "AgentName": "SENAD",
  "PoolId": 1,
  "PoolName": "Default",
  "ServerUrl": "https://pipelinesghubeus14.actions.githubusercontent.com/hZSaElmMbImhC8FHDY2LAuX8xYbjIlKtxIoQG7c52WMG2J3hyA/",
  "GitHubUrl": "https://github.com/SenadSalkanovic2002/GitHooks",
  "WorkFolder": "GitHooks"
}
[2025-05-23 06:16:21Z INFO MessageListener] Loading Credentials
[2025-05-23 06:16:21Z INFO ConfigurationStore] HasCredentials()
[2025-05-23 06:16:21Z INFO ConfigurationStore] stored True
[2025-05-23 06:16:21Z INFO CredentialManager] GetCredentialProvider
[2025-05-23 06:16:21Z INFO CredentialManager] Creating type OAuth
[2025-05-23 06:16:21Z INFO CredentialManager] Creating credential type: OAuth
[2025-05-23 06:16:21Z INFO HostContext] Well known directory 'Bin': 'C:\Users\legen\OneDrive\Dokumenti\GitHub\GitHooks\actions-runner\bin'
[2025-05-23 06:16:21Z INFO HostContext] Well known directory 'Root': 'C:\Users\legen\OneDrive\Dokumenti\GitHub\GitHooks\actions-runner'
[2025-05-23 06:16:21Z INFO HostContext] Well known config file 'RSACredentials': 'C:\Users\legen\OneDrive\Dokumenti\GitHub\GitHooks\actions-runner\.credentials_rsaparams'
[2025-05-23 06:16:21Z INFO RSAEncryptedFileKeyManager] Loading RSA key parameters from file C:\Users\legen\OneDrive\Dokumenti\GitHub\GitHooks\actions-runner\.credentials_rsaparams
[2025-05-23 06:16:21Z INFO MessageListener] Attempt to create session.
[2025-05-23 06:16:21Z INFO MessageListener] Connecting to the Runner Server...
[2025-05-23 06:16:21Z INFO RunnerServer] EstablishVssConnection
[2025-05-23 06:16:21Z INFO RunnerServer] Establish connection with 100 seconds timeout.
[2025-05-23 06:16:21Z INFO GitHubActionsService] Starting operation Location.GetConnectionData
[2025-05-23 06:16:21Z INFO RunnerServer] EstablishVssConnection
[2025-05-23 06:16:21Z INFO RunnerServer] Establish connection with 60 seconds timeout.
[2025-05-23 06:16:21Z INFO GitHubActionsService] Starting operation Location.GetConnectionData
[2025-05-23 06:16:21Z INFO RunnerServer] EstablishVssConnection
[2025-05-23 06:16:21Z INFO RunnerServer] Establish connection with 60 seconds timeout.
[2025-05-23 06:16:21Z INFO GitHubActionsService] Starting operation Location.GetConnectionData
[2025-05-23 06:16:22Z INFO GitHubActionsService] Finished operation Location.GetConnectionData
[2025-05-23 06:16:22Z INFO GitHubActionsService] Finished operation Location.GetConnectionData
[2025-05-23 06:16:22Z INFO GitHubActionsService] Finished operation Location.GetConnectionData
[2025-05-23 06:16:22Z INFO MessageListener] VssConnection created
[2025-05-23 06:16:22Z INFO Terminal] WRITE LINE: 
[2025-05-23 06:16:22Z INFO Terminal] WRITE LINE: 
[2025-05-23 06:16:22Z INFO RSAEncryptedFileKeyManager] Loading RSA key parameters from file C:\Users\legen\OneDrive\Dokumenti\GitHub\GitHooks\actions-runner\.credentials_rsaparams
[2025-05-23 06:16:22Z INFO RSAEncryptedFileKeyManager] Loading RSA key parameters from file C:\Users\legen\OneDrive\Dokumenti\GitHub\GitHooks\actions-runner\.credentials_rsaparams
[2025-05-23 06:16:23Z INFO GitHubActionsService] AAD Correlation ID for this token request: Unknown
[2025-05-23 06:16:23Z INFO MessageListener] Session created.
[2025-05-23 06:16:23Z INFO MessageListener] Registering AuthMigrationChanged event handler.
[2025-05-23 06:16:23Z INFO Terminal] WRITE LINE: Current runner version: '2.324.0'
[2025-05-23 06:16:23Z INFO Terminal] WRITE LINE: 2025-05-23 06:16:23Z: Listening for Jobs
[2025-05-23 06:16:23Z INFO JobDispatcher] Set runner/worker IPC timeout to 30 seconds.
[2025-05-23 06:16:24Z INFO ConfigurationStore] HasCredentials()
[2025-05-23 06:16:24Z INFO ConfigurationStore] stored True
[2025-05-23 06:16:24Z INFO CredentialManager] GetCredentialProvider
[2025-05-23 06:16:24Z INFO CredentialManager] Creating type OAuth
[2025-05-23 06:16:24Z INFO CredentialManager] Creating credential type: OAuth
[2025-05-23 06:16:24Z INFO RSAEncryptedFileKeyManager] Loading RSA key parameters from file C:\Users\legen\OneDrive\Dokumenti\GitHub\GitHooks\actions-runner\.credentials_rsaparams
[2025-05-23 06:16:24Z INFO RSAEncryptedFileKeyManager] Loading RSA key parameters from file C:\Users\legen\OneDrive\Dokumenti\GitHub\GitHooks\actions-runner\.credentials_rsaparams
[2025-05-23 06:16:24Z INFO RSAEncryptedFileKeyManager] Loading RSA key parameters from file C:\Users\legen\OneDrive\Dokumenti\GitHub\GitHooks\actions-runner\.credentials_rsaparams
[2025-05-23 06:16:24Z INFO GitHubActionsService] AAD Correlation ID for this token request: Unknown
[2025-05-23 06:17:15Z INFO ConfigurationStore] HasCredentials()
[2025-05-23 06:17:15Z INFO ConfigurationStore] stored True
[2025-05-23 06:17:15Z INFO CredentialManager] GetCredentialProvider
[2025-05-23 06:17:15Z INFO CredentialManager] Creating type OAuth
[2025-05-23 06:17:15Z INFO CredentialManager] Creating credential type: OAuth
[2025-05-23 06:17:15Z INFO RSAEncryptedFileKeyManager] Loading RSA key parameters from file C:\Users\legen\OneDrive\Dokumenti\GitHub\GitHooks\actions-runner\.credentials_rsaparams
[2025-05-23 07:07:25Z WARN GitHubActionsService] Attempt 1 of GET request to https://broker.actions.githubusercontent.com/message?sessionId=2d8f211f-2be3-4e30-a56c-8ea2ed6a58d0&status=Online&runnerVersion=2.324.0&os=Windows&architecture=X64&disableUpdate=false failed (Socket Error: ConnectionReset). The operation will be retried in 10.874 seconds.
[2025-05-23 07:07:36Z INFO RSAEncryptedFileKeyManager] Loading RSA key parameters from file C:\Users\legen\OneDrive\Dokumenti\GitHub\GitHooks\actions-runner\.credentials_rsaparams
[2025-05-23 07:07:37Z INFO GitHubActionsService] AAD Correlation ID for this token request: Unknown
[2025-05-23 07:09:53Z INFO MessageListener] No message retrieved from session '2d8f211f-2be3-4e30-a56c-8ea2ed6a58d0' within last 30 minutes.
[2025-05-23 07:09:53Z INFO ConfigurationStore] HasCredentials()
[2025-05-23 07:09:53Z INFO ConfigurationStore] stored True
[2025-05-23 07:09:53Z INFO CredentialManager] GetCredentialProvider
[2025-05-23 07:09:53Z INFO CredentialManager] Creating type OAuth
[2025-05-23 07:09:53Z INFO CredentialManager] Creating credential type: OAuth
[2025-05-23 07:09:53Z INFO RSAEncryptedFileKeyManager] Loading RSA key parameters from file C:\Users\legen\OneDrive\Dokumenti\GitHub\GitHooks\actions-runner\.credentials_rsaparams
[2025-05-23 07:10:44Z INFO ConfigurationStore] HasCredentials()
[2025-05-23 07:10:44Z INFO ConfigurationStore] stored True
[2025-05-23 07:10:44Z INFO CredentialManager] GetCredentialProvider
[2025-05-23 07:10:44Z INFO CredentialManager] Creating type OAuth
[2025-05-23 07:10:44Z INFO CredentialManager] Creating credential type: OAuth
[2025-05-23 07:10:44Z INFO RSAEncryptedFileKeyManager] Loading RSA key parameters from file C:\Users\legen\OneDrive\Dokumenti\GitHub\GitHooks\actions-runner\.credentials_rsaparams
[2025-05-23 07:11:34Z INFO RSAEncryptedFileKeyManager] Loading RSA key parameters from file C:\Users\legen\OneDrive\Dokumenti\GitHub\GitHooks\actions-runner\.credentials_rsaparams
[2025-05-23 07:11:35Z INFO GitHubActionsService] AAD Correlation ID for this token request: Unknown
[2025-05-23 07:11:35Z INFO ConfigurationStore] HasCredentials()
[2025-05-23 07:11:35Z INFO ConfigurationStore] stored True
[2025-05-23 07:11:35Z INFO CredentialManager] GetCredentialProvider
[2025-05-23 07:11:35Z INFO CredentialManager] Creating type OAuth
[2025-05-23 07:11:35Z INFO CredentialManager] Creating credential type: OAuth
[2025-05-23 07:11:35Z INFO RSAEncryptedFileKeyManager] Loading RSA key parameters from file C:\Users\legen\OneDrive\Dokumenti\GitHub\GitHooks\actions-runner\.credentials_rsaparams
[2025-05-23 07:12:26Z INFO ConfigurationStore] HasCredentials()
[2025-05-23 07:12:26Z INFO ConfigurationStore] stored True
[2025-05-23 07:12:26Z INFO CredentialManager] GetCredentialProvider
[2025-05-23 07:12:26Z INFO CredentialManager] Creating type OAuth
[2025-05-23 07:12:26Z INFO CredentialManager] Creating credential type: OAuth
[2025-05-23 07:12:26Z INFO RSAEncryptedFileKeyManager] Loading RSA key parameters from file C:\Users\legen\OneDrive\Dokumenti\GitHub\GitHooks\actions-runner\.credentials_rsaparams
[2025-05-23 07:13:16Z INFO ConfigurationStore] HasCredentials()
[2025-05-23 07:13:16Z INFO ConfigurationStore] stored True
[2025-05-23 07:13:16Z INFO CredentialManager] GetCredentialProvider
[2025-05-23 07:13:16Z INFO CredentialManager] Creating type OAuth
[2025-05-23 07:13:16Z INFO CredentialManager] Creating credential type: OAuth
[2025-05-23 07:13:16Z INFO RSAEncryptedFileKeyManager] Loading RSA key parameters from file C:\Users\legen\OneDrive\Dokumenti\GitHub\GitHooks\actions-runner\.credentials_rsaparams
[2025-05-23 07:14:06Z INFO ConfigurationStore] HasCredentials()
[2025-05-23 07:14:06Z INFO ConfigurationStore] stored True
[2025-05-23 07:14:06Z INFO CredentialManager] GetCredentialProvider
[2025-05-23 07:14:06Z INFO CredentialManager] Creating type OAuth
[2025-05-23 07:14:06Z INFO CredentialManager] Creating credential type: OAuth
[2025-05-23 07:14:06Z INFO RSAEncryptedFileKeyManager] Loading RSA key parameters from file C:\Users\legen\OneDrive\Dokumenti\GitHub\GitHooks\actions-runner\.credentials_rsaparams
[2025-05-23 07:14:57Z INFO ConfigurationStore] HasCredentials()
[2025-05-23 07:14:57Z INFO ConfigurationStore] stored True
[2025-05-23 07:14:57Z INFO CredentialManager] GetCredentialProvider
[2025-05-23 07:14:57Z INFO CredentialManager] Creating type OAuth
[2025-05-23 07:14:57Z INFO CredentialManager] Creating credential type: OAuth
[2025-05-23 07:14:57Z INFO RSAEncryptedFileKeyManager] Loading RSA key parameters from file C:\Users\legen\OneDrive\Dokumenti\GitHub\GitHooks\actions-runner\.credentials_rsaparams
[2025-05-23 07:15:47Z INFO ConfigurationStore] HasCredentials()
[2025-05-23 07:15:47Z INFO ConfigurationStore] stored True
[2025-05-23 07:15:47Z INFO CredentialManager] GetCredentialProvider
[2025-05-23 07:15:47Z INFO CredentialManager] Creating type OAuth
[2025-05-23 07:15:47Z INFO CredentialManager] Creating credential type: OAuth
[2025-05-23 07:15:47Z INFO RSAEncryptedFileKeyManager] Loading RSA key parameters from file C:\Users\legen\OneDrive\Dokumenti\GitHub\GitHooks\actions-runner\.credentials_rsaparams
[2025-05-23 07:16:38Z INFO ConfigurationStore] HasCredentials()
[2025-05-23 07:16:38Z INFO ConfigurationStore] stored True
[2025-05-23 07:16:38Z INFO CredentialManager] GetCredentialProvider
[2025-05-23 07:16:38Z INFO CredentialManager] Creating type OAuth
[2025-05-23 07:16:38Z INFO CredentialManager] Creating credential type: OAuth
[2025-05-23 07:16:38Z INFO RSAEncryptedFileKeyManager] Loading RSA key parameters from file C:\Users\legen\OneDrive\Dokumenti\GitHub\GitHooks\actions-runner\.credentials_rsaparams
[2025-05-23 07:17:28Z INFO ConfigurationStore] HasCredentials()
[2025-05-23 07:17:28Z INFO ConfigurationStore] stored True
[2025-05-23 07:17:28Z INFO CredentialManager] GetCredentialProvider
[2025-05-23 07:17:28Z INFO CredentialManager] Creating type OAuth
[2025-05-23 07:17:28Z INFO CredentialManager] Creating credential type: OAuth
[2025-05-23 07:17:28Z INFO RSAEncryptedFileKeyManager] Loading RSA key parameters from file C:\Users\legen\OneDrive\Dokumenti\GitHub\GitHooks\actions-runner\.credentials_rsaparams
[2025-05-23 07:18:19Z INFO ConfigurationStore] HasCredentials()
[2025-05-23 07:18:19Z INFO ConfigurationStore] stored True
[2025-05-23 07:18:19Z INFO CredentialManager] GetCredentialProvider
[2025-05-23 07:18:19Z INFO CredentialManager] Creating type OAuth
[2025-05-23 07:18:19Z INFO CredentialManager] Creating credential type: OAuth
[2025-05-23 07:18:19Z INFO RSAEncryptedFileKeyManager] Loading RSA key parameters from file C:\Users\legen\OneDrive\Dokumenti\GitHub\GitHooks\actions-runner\.credentials_rsaparams
[2025-05-23 07:19:09Z INFO ConfigurationStore] HasCredentials()
[2025-05-23 07:19:09Z INFO ConfigurationStore] stored True
[2025-05-23 07:19:09Z INFO CredentialManager] GetCredentialProvider
[2025-05-23 07:19:09Z INFO CredentialManager] Creating type OAuth
[2025-05-23 07:19:09Z INFO CredentialManager] Creating credential type: OAuth
[2025-05-23 07:19:09Z INFO RSAEncryptedFileKeyManager] Loading RSA key parameters from file C:\Users\legen\OneDrive\Dokumenti\GitHub\GitHooks\actions-runner\.credentials_rsaparams
[2025-05-23 07:19:59Z INFO ConfigurationStore] HasCredentials()
[2025-05-23 07:19:59Z INFO ConfigurationStore] stored True
[2025-05-23 07:19:59Z INFO CredentialManager] GetCredentialProvider
[2025-05-23 07:19:59Z INFO CredentialManager] Creating type OAuth
[2025-05-23 07:19:59Z INFO CredentialManager] Creating credential type: OAuth
[2025-05-23 07:19:59Z INFO RSAEncryptedFileKeyManager] Loading RSA key parameters from file C:\Users\legen\OneDrive\Dokumenti\GitHub\GitHooks\actions-runner\.credentials_rsaparams
[2025-05-23 07:34:52Z WARN GitHubActionsService] Attempt 1 of GET request to https://broker.actions.githubusercontent.com/message?sessionId=2d8f211f-2be3-4e30-a56c-8ea2ed6a58d0&status=Online&runnerVersion=2.324.0&os=Windows&architecture=X64&disableUpdate=false failed (Socket Error: ConnectionReset). The operation will be retried in 10.972 seconds.
[2025-05-23 07:35:55Z INFO ConfigurationStore] HasCredentials()
[2025-05-23 07:35:55Z INFO ConfigurationStore] stored True
[2025-05-23 07:35:55Z INFO CredentialManager] GetCredentialProvider
[2025-05-23 07:35:55Z INFO CredentialManager] Creating type OAuth
[2025-05-23 07:35:55Z INFO CredentialManager] Creating credential type: OAuth
[2025-05-23 07:35:55Z INFO RSAEncryptedFileKeyManager] Loading RSA key parameters from file C:\Users\legen\OneDrive\Dokumenti\GitHub\GitHooks\actions-runner\.credentials_rsaparams
[2025-05-23 07:36:45Z INFO ConfigurationStore] HasCredentials()
[2025-05-23 07:36:45Z INFO ConfigurationStore] stored True
[2025-05-23 07:36:45Z INFO CredentialManager] GetCredentialProvider
[2025-05-23 07:36:45Z INFO CredentialManager] Creating type OAuth
[2025-05-23 07:36:45Z INFO CredentialManager] Creating credential type: OAuth
[2025-05-23 07:36:45Z INFO RSAEncryptedFileKeyManager] Loading RSA key parameters from file C:\Users\legen\OneDrive\Dokumenti\GitHub\GitHooks\actions-runner\.credentials_rsaparams
[2025-05-23 07:37:36Z INFO ConfigurationStore] HasCredentials()
[2025-05-23 07:37:36Z INFO ConfigurationStore] stored True
[2025-05-23 07:37:36Z INFO CredentialManager] GetCredentialProvider
[2025-05-23 07:37:36Z INFO CredentialManager] Creating type OAuth
[2025-05-23 07:37:36Z INFO CredentialManager] Creating credential type: OAuth
[2025-05-23 07:37:36Z INFO RSAEncryptedFileKeyManager] Loading RSA key parameters from file C:\Users\legen\OneDrive\Dokumenti\GitHub\GitHooks\actions-runner\.credentials_rsaparams
[2025-05-23 07:38:26Z INFO ConfigurationStore] HasCredentials()
[2025-05-23 07:38:26Z INFO ConfigurationStore] stored True
[2025-05-23 07:38:26Z INFO CredentialManager] GetCredentialProvider
[2025-05-23 07:38:26Z INFO CredentialManager] Creating type OAuth
[2025-05-23 07:38:26Z INFO CredentialManager] Creating credential type: OAuth
[2025-05-23 07:38:26Z INFO RSAEncryptedFileKeyManager] Loading RSA key parameters from file C:\Users\legen\OneDrive\Dokumenti\GitHub\GitHooks\actions-runner\.credentials_rsaparams
[2025-05-23 07:39:16Z INFO ConfigurationStore] HasCredentials()
[2025-05-23 07:39:16Z INFO ConfigurationStore] stored True
[2025-05-23 07:39:16Z INFO CredentialManager] GetCredentialProvider
[2025-05-23 07:39:16Z INFO CredentialManager] Creating type OAuth
[2025-05-23 07:39:16Z INFO CredentialManager] Creating credential type: OAuth
[2025-05-23 07:39:16Z INFO RSAEncryptedFileKeyManager] Loading RSA key parameters from file C:\Users\legen\OneDrive\Dokumenti\GitHub\GitHooks\actions-runner\.credentials_rsaparams
[2025-05-23 07:40:06Z INFO MessageListener] No message retrieved from session '2d8f211f-2be3-4e30-a56c-8ea2ed6a58d0' within last 30 minutes.
[2025-05-23 07:40:07Z INFO ConfigurationStore] HasCredentials()
[2025-05-23 07:40:07Z INFO ConfigurationStore] stored True
[2025-05-23 07:40:07Z INFO CredentialManager] GetCredentialProvider
[2025-05-23 07:40:07Z INFO CredentialManager] Creating type OAuth
[2025-05-23 07:40:07Z INFO CredentialManager] Creating credential type: OAuth
[2025-05-23 07:40:07Z INFO RSAEncryptedFileKeyManager] Loading RSA key parameters from file C:\Users\legen\OneDrive\Dokumenti\GitHub\GitHooks\actions-runner\.credentials_rsaparams
[2025-05-23 07:40:57Z INFO ConfigurationStore] HasCredentials()
[2025-05-23 07:40:57Z INFO ConfigurationStore] stored True
[2025-05-23 07:40:57Z INFO CredentialManager] GetCredentialProvider
[2025-05-23 07:40:57Z INFO CredentialManager] Creating type OAuth
[2025-05-23 07:40:57Z INFO CredentialManager] Creating credential type: OAuth
[2025-05-23 07:40:57Z INFO RSAEncryptedFileKeyManager] Loading RSA key parameters from file C:\Users\legen\OneDrive\Dokumenti\GitHub\GitHooks\actions-runner\.credentials_rsaparams
[2025-05-23 07:41:47Z INFO ConfigurationStore] HasCredentials()
[2025-05-23 07:41:47Z INFO ConfigurationStore] stored True
[2025-05-23 07:41:47Z INFO CredentialManager] GetCredentialProvider
[2025-05-23 07:41:47Z INFO CredentialManager] Creating type OAuth
[2025-05-23 07:41:47Z INFO CredentialManager] Creating credential type: OAuth
[2025-05-23 07:41:47Z INFO RSAEncryptedFileKeyManager] Loading RSA key parameters from file C:\Users\legen\OneDrive\Dokumenti\GitHub\GitHooks\actions-runner\.credentials_rsaparams
[2025-05-23 07:42:38Z INFO ConfigurationStore] HasCredentials()
[2025-05-23 07:42:38Z INFO ConfigurationStore] stored True
[2025-05-23 07:42:38Z INFO CredentialManager] GetCredentialProvider
[2025-05-23 07:42:38Z INFO CredentialManager] Creating type OAuth
[2025-05-23 07:42:38Z INFO CredentialManager] Creating credential type: OAuth
[2025-05-23 07:42:38Z INFO RSAEncryptedFileKeyManager] Loading RSA key parameters from file C:\Users\legen\OneDrive\Dokumenti\GitHub\GitHooks\actions-runner\.credentials_rsaparams
[2025-05-23 07:43:28Z INFO ConfigurationStore] HasCredentials()
[2025-05-23 07:43:28Z INFO ConfigurationStore] stored True
[2025-05-23 07:43:28Z INFO CredentialManager] GetCredentialProvider
[2025-05-23 07:43:28Z INFO CredentialManager] Creating type OAuth
[2025-05-23 07:43:28Z INFO CredentialManager] Creating credential type: OAuth
[2025-05-23 07:43:28Z INFO RSAEncryptedFileKeyManager] Loading RSA key parameters from file C:\Users\legen\OneDrive\Dokumenti\GitHub\GitHooks\actions-runner\.credentials_rsaparams
[2025-05-23 07:44:18Z INFO ConfigurationStore] HasCredentials()
[2025-05-23 07:44:18Z INFO ConfigurationStore] stored True
[2025-05-23 07:44:18Z INFO CredentialManager] GetCredentialProvider
[2025-05-23 07:44:18Z INFO CredentialManager] Creating type OAuth
[2025-05-23 07:44:18Z INFO CredentialManager] Creating credential type: OAuth
[2025-05-23 07:44:18Z INFO RSAEncryptedFileKeyManager] Loading RSA key parameters from file C:\Users\legen\OneDrive\Dokumenti\GitHub\GitHooks\actions-runner\.credentials_rsaparams
[2025-05-23 07:45:09Z INFO ConfigurationStore] HasCredentials()
[2025-05-23 07:45:09Z INFO ConfigurationStore] stored True
[2025-05-23 07:45:09Z INFO CredentialManager] GetCredentialProvider
[2025-05-23 07:45:09Z INFO CredentialManager] Creating type OAuth
[2025-05-23 07:45:09Z INFO CredentialManager] Creating credential type: OAuth
[2025-05-23 07:45:09Z INFO RSAEncryptedFileKeyManager] Loading RSA key parameters from file C:\Users\legen\OneDrive\Dokumenti\GitHub\GitHooks\actions-runner\.credentials_rsaparams
[2025-05-23 07:45:59Z INFO ConfigurationStore] HasCredentials()
[2025-05-23 07:45:59Z INFO ConfigurationStore] stored True
[2025-05-23 07:45:59Z INFO CredentialManager] GetCredentialProvider
[2025-05-23 07:45:59Z INFO CredentialManager] Creating type OAuth
[2025-05-23 07:45:59Z INFO CredentialManager] Creating credential type: OAuth
[2025-05-23 07:45:59Z INFO RSAEncryptedFileKeyManager] Loading RSA key parameters from file C:\Users\legen\OneDrive\Dokumenti\GitHub\GitHooks\actions-runner\.credentials_rsaparams
[2025-05-23 07:46:49Z INFO ConfigurationStore] HasCredentials()
[2025-05-23 07:46:49Z INFO ConfigurationStore] stored True
[2025-05-23 07:46:49Z INFO CredentialManager] GetCredentialProvider
[2025-05-23 07:46:49Z INFO CredentialManager] Creating type OAuth
[2025-05-23 07:46:49Z INFO CredentialManager] Creating credential type: OAuth
[2025-05-23 07:46:49Z INFO RSAEncryptedFileKeyManager] Loading RSA key parameters from file C:\Users\legen\OneDrive\Dokumenti\GitHub\GitHooks\actions-runner\.credentials_rsaparams
[2025-05-23 07:47:40Z INFO ConfigurationStore] HasCredentials()
[2025-05-23 07:47:40Z INFO ConfigurationStore] stored True
[2025-05-23 07:47:40Z INFO CredentialManager] GetCredentialProvider
[2025-05-23 07:47:40Z INFO CredentialManager] Creating type OAuth
[2025-05-23 07:47:40Z INFO CredentialManager] Creating credential type: OAuth
[2025-05-23 07:47:40Z INFO RSAEncryptedFileKeyManager] Loading RSA key parameters from file C:\Users\legen\OneDrive\Dokumenti\GitHub\GitHooks\actions-runner\.credentials_rsaparams
[2025-05-23 07:48:30Z INFO ConfigurationStore] HasCredentials()
[2025-05-23 07:48:30Z INFO ConfigurationStore] stored True
[2025-05-23 07:48:30Z INFO CredentialManager] GetCredentialProvider
[2025-05-23 07:48:30Z INFO CredentialManager] Creating type OAuth
[2025-05-23 07:48:30Z INFO CredentialManager] Creating credential type: OAuth
[2025-05-23 07:48:30Z INFO RSAEncryptedFileKeyManager] Loading RSA key parameters from file C:\Users\legen\OneDrive\Dokumenti\GitHub\GitHooks\actions-runner\.credentials_rsaparams
[2025-05-23 07:49:20Z INFO ConfigurationStore] HasCredentials()
[2025-05-23 07:49:20Z INFO ConfigurationStore] stored True
[2025-05-23 07:49:20Z INFO CredentialManager] GetCredentialProvider
[2025-05-23 07:49:20Z INFO CredentialManager] Creating type OAuth
[2025-05-23 07:49:20Z INFO CredentialManager] Creating credential type: OAuth
[2025-05-23 07:49:20Z INFO RSAEncryptedFileKeyManager] Loading RSA key parameters from file C:\Users\legen\OneDrive\Dokumenti\GitHub\GitHooks\actions-runner\.credentials_rsaparams
[2025-05-23 07:50:11Z INFO ConfigurationStore] HasCredentials()
[2025-05-23 07:50:11Z INFO ConfigurationStore] stored True
[2025-05-23 07:50:11Z INFO CredentialManager] GetCredentialProvider
[2025-05-23 07:50:11Z INFO CredentialManager] Creating type OAuth
[2025-05-23 07:50:11Z INFO CredentialManager] Creating credential type: OAuth
[2025-05-23 07:50:11Z INFO RSAEncryptedFileKeyManager] Loading RSA key parameters from file C:\Users\legen\OneDrive\Dokumenti\GitHub\GitHooks\actions-runner\.credentials_rsaparams
[2025-05-23 07:51:01Z INFO ConfigurationStore] HasCredentials()
[2025-05-23 07:51:01Z INFO ConfigurationStore] stored True
[2025-05-23 07:51:01Z INFO CredentialManager] GetCredentialProvider
[2025-05-23 07:51:01Z INFO CredentialManager] Creating type OAuth
[2025-05-23 07:51:01Z INFO CredentialManager] Creating credential type: OAuth
[2025-05-23 07:51:01Z INFO RSAEncryptedFileKeyManager] Loading RSA key parameters from file C:\Users\legen\OneDrive\Dokumenti\GitHub\GitHooks\actions-runner\.credentials_rsaparams
[2025-05-23 07:51:52Z INFO ConfigurationStore] HasCredentials()
[2025-05-23 07:51:52Z INFO ConfigurationStore] stored True
[2025-05-23 07:51:52Z INFO CredentialManager] GetCredentialProvider
[2025-05-23 07:51:52Z INFO CredentialManager] Creating type OAuth
[2025-05-23 07:51:52Z INFO CredentialManager] Creating credential type: OAuth
[2025-05-23 07:51:52Z INFO RSAEncryptedFileKeyManager] Loading RSA key parameters from file C:\Users\legen\OneDrive\Dokumenti\GitHub\GitHooks\actions-runner\.credentials_rsaparams
[2025-05-23 07:52:42Z INFO ConfigurationStore] HasCredentials()
[2025-05-23 07:52:42Z INFO ConfigurationStore] stored True
[2025-05-23 07:52:42Z INFO CredentialManager] GetCredentialProvider
[2025-05-23 07:52:42Z INFO CredentialManager] Creating type OAuth
[2025-05-23 07:52:42Z INFO CredentialManager] Creating credential type: OAuth
[2025-05-23 07:52:42Z INFO RSAEncryptedFileKeyManager] Loading RSA key parameters from file C:\Users\legen\OneDrive\Dokumenti\GitHub\GitHooks\actions-runner\.credentials_rsaparams
[2025-05-23 07:53:32Z INFO ConfigurationStore] HasCredentials()
[2025-05-23 07:53:32Z INFO ConfigurationStore] stored True
[2025-05-23 07:53:32Z INFO CredentialManager] GetCredentialProvider
[2025-05-23 07:53:32Z INFO CredentialManager] Creating type OAuth
[2025-05-23 07:53:32Z INFO CredentialManager] Creating credential type: OAuth
[2025-05-23 07:53:32Z INFO RSAEncryptedFileKeyManager] Loading RSA key parameters from file C:\Users\legen\OneDrive\Dokumenti\GitHub\GitHooks\actions-runner\.credentials_rsaparams
[2025-05-23 07:54:23Z INFO ConfigurationStore] HasCredentials()
[2025-05-23 07:54:23Z INFO ConfigurationStore] stored True
[2025-05-23 07:54:23Z INFO CredentialManager] GetCredentialProvider
[2025-05-23 07:54:23Z INFO CredentialManager] Creating type OAuth
[2025-05-23 07:54:23Z INFO CredentialManager] Creating credential type: OAuth
[2025-05-23 07:54:23Z INFO RSAEncryptedFileKeyManager] Loading RSA key parameters from file C:\Users\legen\OneDrive\Dokumenti\GitHub\GitHooks\actions-runner\.credentials_rsaparams
[2025-05-23 07:55:13Z INFO ConfigurationStore] HasCredentials()
[2025-05-23 07:55:13Z INFO ConfigurationStore] stored True
[2025-05-23 07:55:13Z INFO CredentialManager] GetCredentialProvider
[2025-05-23 07:55:13Z INFO CredentialManager] Creating type OAuth
[2025-05-23 07:55:13Z INFO CredentialManager] Creating credential type: OAuth
[2025-05-23 07:55:13Z INFO RSAEncryptedFileKeyManager] Loading RSA key parameters from file C:\Users\legen\OneDrive\Dokumenti\GitHub\GitHooks\actions-runner\.credentials_rsaparams
[2025-05-23 07:56:03Z INFO ConfigurationStore] HasCredentials()
[2025-05-23 07:56:03Z INFO ConfigurationStore] stored True
[2025-05-23 07:56:03Z INFO CredentialManager] GetCredentialProvider
[2025-05-23 07:56:03Z INFO CredentialManager] Creating type OAuth
[2025-05-23 07:56:03Z INFO CredentialManager] Creating credential type: OAuth
[2025-05-23 07:56:03Z INFO RSAEncryptedFileKeyManager] Loading RSA key parameters from file C:\Users\legen\OneDrive\Dokumenti\GitHub\GitHooks\actions-runner\.credentials_rsaparams
[2025-05-23 07:56:54Z INFO ConfigurationStore] HasCredentials()
[2025-05-23 07:56:54Z INFO ConfigurationStore] stored True
[2025-05-23 07:56:54Z INFO CredentialManager] GetCredentialProvider
[2025-05-23 07:56:54Z INFO CredentialManager] Creating type OAuth
[2025-05-23 07:56:54Z INFO CredentialManager] Creating credential type: OAuth
[2025-05-23 07:56:54Z INFO RSAEncryptedFileKeyManager] Loading RSA key parameters from file C:\Users\legen\OneDrive\Dokumenti\GitHub\GitHooks\actions-runner\.credentials_rsaparams
[2025-05-23 07:57:44Z INFO ConfigurationStore] HasCredentials()
[2025-05-23 07:57:44Z INFO ConfigurationStore] stored True
[2025-05-23 07:57:44Z INFO CredentialManager] GetCredentialProvider
[2025-05-23 07:57:44Z INFO CredentialManager] Creating type OAuth
[2025-05-23 07:57:44Z INFO CredentialManager] Creating credential type: OAuth
[2025-05-23 07:57:44Z INFO RSAEncryptedFileKeyManager] Loading RSA key parameters from file C:\Users\legen\OneDrive\Dokumenti\GitHub\GitHooks\actions-runner\.credentials_rsaparams
[2025-05-23 07:57:44Z INFO RSAEncryptedFileKeyManager] Loading RSA key parameters from file C:\Users\legen\OneDrive\Dokumenti\GitHub\GitHooks\actions-runner\.credentials_rsaparams
[2025-05-23 07:57:45Z INFO GitHubActionsService] AAD Correlation ID for this token request: Unknown
[2025-05-23 07:58:35Z INFO ConfigurationStore] HasCredentials()
[2025-05-23 07:58:35Z INFO ConfigurationStore] stored True
[2025-05-23 07:58:35Z INFO CredentialManager] GetCredentialProvider
[2025-05-23 07:58:35Z INFO CredentialManager] Creating type OAuth
[2025-05-23 07:58:35Z INFO CredentialManager] Creating credential type: OAuth
[2025-05-23 07:58:35Z INFO RSAEncryptedFileKeyManager] Loading RSA key parameters from file C:\Users\legen\OneDrive\Dokumenti\GitHub\GitHooks\actions-runner\.credentials_rsaparams
[2025-05-23 07:59:26Z INFO ConfigurationStore] HasCredentials()
[2025-05-23 07:59:26Z INFO ConfigurationStore] stored True
[2025-05-23 07:59:26Z INFO CredentialManager] GetCredentialProvider
[2025-05-23 07:59:26Z INFO CredentialManager] Creating type OAuth
[2025-05-23 07:59:26Z INFO CredentialManager] Creating credential type: OAuth
[2025-05-23 07:59:26Z INFO RSAEncryptedFileKeyManager] Loading RSA key parameters from file C:\Users\legen\OneDrive\Dokumenti\GitHub\GitHooks\actions-runner\.credentials_rsaparams
[2025-05-23 08:00:16Z INFO ConfigurationStore] HasCredentials()
[2025-05-23 08:00:16Z INFO ConfigurationStore] stored True
[2025-05-23 08:00:16Z INFO CredentialManager] GetCredentialProvider
[2025-05-23 08:00:16Z INFO CredentialManager] Creating type OAuth
[2025-05-23 08:00:16Z INFO CredentialManager] Creating credential type: OAuth
[2025-05-23 08:00:16Z INFO RSAEncryptedFileKeyManager] Loading RSA key parameters from file C:\Users\legen\OneDrive\Dokumenti\GitHub\GitHooks\actions-runner\.credentials_rsaparams
[2025-05-23 08:02:00Z INFO ConfigurationStore] HasCredentials()
[2025-05-23 08:02:00Z INFO ConfigurationStore] stored True
[2025-05-23 08:02:00Z INFO CredentialManager] GetCredentialProvider
[2025-05-23 08:02:00Z INFO CredentialManager] Creating type OAuth
[2025-05-23 08:02:00Z INFO CredentialManager] Creating credential type: OAuth
[2025-05-23 08:02:00Z INFO RSAEncryptedFileKeyManager] Loading RSA key parameters from file C:\Users\legen\OneDrive\Dokumenti\GitHub\GitHooks\actions-runner\.credentials_rsaparams
[2025-05-23 08:02:51Z INFO ConfigurationStore] HasCredentials()
[2025-05-23 08:02:51Z INFO ConfigurationStore] stored True
[2025-05-23 08:02:51Z INFO CredentialManager] GetCredentialProvider
[2025-05-23 08:02:51Z INFO CredentialManager] Creating type OAuth
[2025-05-23 08:02:51Z INFO CredentialManager] Creating credential type: OAuth
[2025-05-23 08:02:51Z INFO RSAEncryptedFileKeyManager] Loading RSA key parameters from file C:\Users\legen\OneDrive\Dokumenti\GitHub\GitHooks\actions-runner\.credentials_rsaparams
[2025-05-23 08:03:41Z INFO ConfigurationStore] HasCredentials()
[2025-05-23 08:03:41Z INFO ConfigurationStore] stored True
[2025-05-23 08:03:41Z INFO CredentialManager] GetCredentialProvider
[2025-05-23 08:03:41Z INFO CredentialManager] Creating type OAuth
[2025-05-23 08:03:41Z INFO CredentialManager] Creating credential type: OAuth
[2025-05-23 08:03:41Z INFO RSAEncryptedFileKeyManager] Loading RSA key parameters from file C:\Users\legen\OneDrive\Dokumenti\GitHub\GitHooks\actions-runner\.credentials_rsaparams
[2025-05-23 08:04:31Z INFO ConfigurationStore] HasCredentials()
[2025-05-23 08:04:31Z INFO ConfigurationStore] stored True
[2025-05-23 08:04:31Z INFO CredentialManager] GetCredentialProvider
[2025-05-23 08:04:31Z INFO CredentialManager] Creating type OAuth
[2025-05-23 08:04:31Z INFO CredentialManager] Creating credential type: OAuth
[2025-05-23 08:04:31Z INFO RSAEncryptedFileKeyManager] Loading RSA key parameters from file C:\Users\legen\OneDrive\Dokumenti\GitHub\GitHooks\actions-runner\.credentials_rsaparams
[2025-05-23 08:05:22Z INFO ConfigurationStore] HasCredentials()
[2025-05-23 08:05:22Z INFO ConfigurationStore] stored True
[2025-05-23 08:05:22Z INFO CredentialManager] GetCredentialProvider
[2025-05-23 08:05:22Z INFO CredentialManager] Creating type OAuth
[2025-05-23 08:05:22Z INFO CredentialManager] Creating credential type: OAuth
[2025-05-23 08:05:22Z INFO RSAEncryptedFileKeyManager] Loading RSA key parameters from file C:\Users\legen\OneDrive\Dokumenti\GitHub\GitHooks\actions-runner\.credentials_rsaparams
[2025-05-23 08:06:12Z INFO ConfigurationStore] HasCredentials()
[2025-05-23 08:06:12Z INFO ConfigurationStore] stored True
[2025-05-23 08:06:12Z INFO CredentialManager] GetCredentialProvider
[2025-05-23 08:06:12Z INFO CredentialManager] Creating type OAuth
[2025-05-23 08:06:12Z INFO CredentialManager] Creating credential type: OAuth
[2025-05-23 08:06:12Z INFO RSAEncryptedFileKeyManager] Loading RSA key parameters from file C:\Users\legen\OneDrive\Dokumenti\GitHub\GitHooks\actions-runner\.credentials_rsaparams
[2025-05-23 08:07:03Z INFO RSAEncryptedFileKeyManager] Loading RSA key parameters from file C:\Users\legen\OneDrive\Dokumenti\GitHub\GitHooks\actions-runner\.credentials_rsaparams
[2025-05-23 08:07:03Z INFO GitHubActionsService] AAD Correlation ID for this token request: Unknown
[2025-05-23 08:07:04Z INFO ConfigurationStore] HasCredentials()
[2025-05-23 08:07:04Z INFO ConfigurationStore] stored True
[2025-05-23 08:07:04Z INFO CredentialManager] GetCredentialProvider
[2025-05-23 08:07:04Z INFO CredentialManager] Creating type OAuth
[2025-05-23 08:07:04Z INFO CredentialManager] Creating credential type: OAuth
[2025-05-23 08:07:04Z INFO RSAEncryptedFileKeyManager] Loading RSA key parameters from file C:\Users\legen\OneDrive\Dokumenti\GitHub\GitHooks\actions-runner\.credentials_rsaparams
[2025-05-23 08:07:54Z INFO ConfigurationStore] HasCredentials()
[2025-05-23 08:07:54Z INFO ConfigurationStore] stored True
[2025-05-23 08:07:54Z INFO CredentialManager] GetCredentialProvider
[2025-05-23 08:07:54Z INFO CredentialManager] Creating type OAuth
[2025-05-23 08:07:54Z INFO CredentialManager] Creating credential type: OAuth
[2025-05-23 08:07:54Z INFO RSAEncryptedFileKeyManager] Loading RSA key parameters from file C:\Users\legen\OneDrive\Dokumenti\GitHub\GitHooks\actions-runner\.credentials_rsaparams
[2025-05-23 08:08:44Z INFO ConfigurationStore] HasCredentials()
[2025-05-23 08:08:44Z INFO ConfigurationStore] stored True
[2025-05-23 08:08:44Z INFO CredentialManager] GetCredentialProvider
[2025-05-23 08:08:44Z INFO CredentialManager] Creating type OAuth
[2025-05-23 08:08:44Z INFO CredentialManager] Creating credential type: OAuth
[2025-05-23 08:08:44Z INFO RSAEncryptedFileKeyManager] Loading RSA key parameters from file C:\Users\legen\OneDrive\Dokumenti\GitHub\GitHooks\actions-runner\.credentials_rsaparams
[2025-05-23 08:09:35Z INFO ConfigurationStore] HasCredentials()
[2025-05-23 08:09:35Z INFO ConfigurationStore] stored True
[2025-05-23 08:09:35Z INFO CredentialManager] GetCredentialProvider
[2025-05-23 08:09:35Z INFO CredentialManager] Creating type OAuth
[2025-05-23 08:09:35Z INFO CredentialManager] Creating credential type: OAuth
[2025-05-23 08:09:35Z INFO RSAEncryptedFileKeyManager] Loading RSA key parameters from file C:\Users\legen\OneDrive\Dokumenti\GitHub\GitHooks\actions-runner\.credentials_rsaparams
[2025-05-23 08:10:25Z INFO MessageListener] No message retrieved from session '2d8f211f-2be3-4e30-a56c-8ea2ed6a58d0' within last 30 minutes.
[2025-05-23 08:10:25Z INFO ConfigurationStore] HasCredentials()
[2025-05-23 08:10:25Z INFO ConfigurationStore] stored True
[2025-05-23 08:10:25Z INFO CredentialManager] GetCredentialProvider
[2025-05-23 08:10:25Z INFO CredentialManager] Creating type OAuth
[2025-05-23 08:10:25Z INFO CredentialManager] Creating credential type: OAuth
[2025-05-23 08:10:25Z INFO RSAEncryptedFileKeyManager] Loading RSA key parameters from file C:\Users\legen\OneDrive\Dokumenti\GitHub\GitHooks\actions-runner\.credentials_rsaparams
[2025-05-23 08:11:15Z INFO ConfigurationStore] HasCredentials()
[2025-05-23 08:11:15Z INFO ConfigurationStore] stored True
[2025-05-23 08:11:15Z INFO CredentialManager] GetCredentialProvider
[2025-05-23 08:11:15Z INFO CredentialManager] Creating type OAuth
[2025-05-23 08:11:15Z INFO CredentialManager] Creating credential type: OAuth
[2025-05-23 08:11:15Z INFO RSAEncryptedFileKeyManager] Loading RSA key parameters from file C:\Users\legen\OneDrive\Dokumenti\GitHub\GitHooks\actions-runner\.credentials_rsaparams
[2025-05-23 08:12:06Z INFO ConfigurationStore] HasCredentials()
[2025-05-23 08:12:06Z INFO ConfigurationStore] stored True
[2025-05-23 08:12:06Z INFO CredentialManager] GetCredentialProvider
[2025-05-23 08:12:06Z INFO CredentialManager] Creating type OAuth
[2025-05-23 08:12:06Z INFO CredentialManager] Creating credential type: OAuth
[2025-05-23 08:12:06Z INFO RSAEncryptedFileKeyManager] Loading RSA key parameters from file C:\Users\legen\OneDrive\Dokumenti\GitHub\GitHooks\actions-runner\.credentials_rsaparams
[2025-05-23 08:12:56Z INFO ConfigurationStore] HasCredentials()
[2025-05-23 08:12:56Z INFO ConfigurationStore] stored True
[2025-05-23 08:12:56Z INFO CredentialManager] GetCredentialProvider
[2025-05-23 08:12:56Z INFO CredentialManager] Creating type OAuth
[2025-05-23 08:12:56Z INFO CredentialManager] Creating credential type: OAuth
[2025-05-23 08:12:56Z INFO RSAEncryptedFileKeyManager] Loading RSA key parameters from file C:\Users\legen\OneDrive\Dokumenti\GitHub\GitHooks\actions-runner\.credentials_rsaparams
[2025-05-23 08:13:47Z INFO ConfigurationStore] HasCredentials()
[2025-05-23 08:13:47Z INFO ConfigurationStore] stored True
[2025-05-23 08:13:47Z INFO CredentialManager] GetCredentialProvider
[2025-05-23 08:13:47Z INFO CredentialManager] Creating type OAuth
[2025-05-23 08:13:47Z INFO CredentialManager] Creating credential type: OAuth
[2025-05-23 08:13:47Z INFO RSAEncryptedFileKeyManager] Loading RSA key parameters from file C:\Users\legen\OneDrive\Dokumenti\GitHub\GitHooks\actions-runner\.credentials_rsaparams
[2025-05-23 08:14:37Z INFO ConfigurationStore] HasCredentials()
[2025-05-23 08:14:37Z INFO ConfigurationStore] stored True
[2025-05-23 08:14:37Z INFO CredentialManager] GetCredentialProvider
[2025-05-23 08:14:37Z INFO CredentialManager] Creating type OAuth
[2025-05-23 08:14:37Z INFO CredentialManager] Creating credential type: OAuth
[2025-05-23 08:14:37Z INFO RSAEncryptedFileKeyManager] Loading RSA key parameters from file C:\Users\legen\OneDrive\Dokumenti\GitHub\GitHooks\actions-runner\.credentials_rsaparams
[2025-05-23 08:15:27Z INFO ConfigurationStore] HasCredentials()
[2025-05-23 08:15:27Z INFO ConfigurationStore] stored True
[2025-05-23 08:15:27Z INFO CredentialManager] GetCredentialProvider
[2025-05-23 08:15:27Z INFO CredentialManager] Creating type OAuth
[2025-05-23 08:15:27Z INFO CredentialManager] Creating credential type: OAuth
[2025-05-23 08:15:27Z INFO RSAEncryptedFileKeyManager] Loading RSA key parameters from file C:\Users\legen\OneDrive\Dokumenti\GitHub\GitHooks\actions-runner\.credentials_rsaparams
[2025-05-23 08:16:18Z INFO ConfigurationStore] HasCredentials()
[2025-05-23 08:16:18Z INFO ConfigurationStore] stored True
[2025-05-23 08:16:18Z INFO CredentialManager] GetCredentialProvider
[2025-05-23 08:16:18Z INFO CredentialManager] Creating type OAuth
[2025-05-23 08:16:18Z INFO CredentialManager] Creating credential type: OAuth
[2025-05-23 08:16:18Z INFO RSAEncryptedFileKeyManager] Loading RSA key parameters from file C:\Users\legen\OneDrive\Dokumenti\GitHub\GitHooks\actions-runner\.credentials_rsaparams
[2025-05-23 08:17:08Z INFO ConfigurationStore] HasCredentials()
[2025-05-23 08:17:08Z INFO ConfigurationStore] stored True
[2025-05-23 08:17:08Z INFO CredentialManager] GetCredentialProvider
[2025-05-23 08:17:08Z INFO CredentialManager] Creating type OAuth
[2025-05-23 08:17:08Z INFO CredentialManager] Creating credential type: OAuth
[2025-05-23 08:17:08Z INFO RSAEncryptedFileKeyManager] Loading RSA key parameters from file C:\Users\legen\OneDrive\Dokumenti\GitHub\GitHooks\actions-runner\.credentials_rsaparams
[2025-05-23 08:17:58Z INFO ConfigurationStore] HasCredentials()
[2025-05-23 08:17:58Z INFO ConfigurationStore] stored True
[2025-05-23 08:17:58Z INFO CredentialManager] GetCredentialProvider
[2025-05-23 08:17:58Z INFO CredentialManager] Creating type OAuth
[2025-05-23 08:17:58Z INFO CredentialManager] Creating credential type: OAuth
[2025-05-23 08:17:58Z INFO RSAEncryptedFileKeyManager] Loading RSA key parameters from file C:\Users\legen\OneDrive\Dokumenti\GitHub\GitHooks\actions-runner\.credentials_rsaparams
[2025-05-23 08:18:49Z INFO ConfigurationStore] HasCredentials()
[2025-05-23 08:18:49Z INFO ConfigurationStore] stored True
[2025-05-23 08:18:49Z INFO CredentialManager] GetCredentialProvider
[2025-05-23 08:18:49Z INFO CredentialManager] Creating type OAuth
[2025-05-23 08:18:49Z INFO CredentialManager] Creating credential type: OAuth
[2025-05-23 08:18:49Z INFO RSAEncryptedFileKeyManager] Loading RSA key parameters from file C:\Users\legen\OneDrive\Dokumenti\GitHub\GitHooks\actions-runner\.credentials_rsaparams
[2025-05-23 08:19:39Z INFO ConfigurationStore] HasCredentials()
[2025-05-23 08:19:39Z INFO ConfigurationStore] stored True
[2025-05-23 08:19:39Z INFO CredentialManager] GetCredentialProvider
[2025-05-23 08:19:39Z INFO CredentialManager] Creating type OAuth
[2025-05-23 08:19:39Z INFO CredentialManager] Creating credential type: OAuth
[2025-05-23 08:19:39Z INFO RSAEncryptedFileKeyManager] Loading RSA key parameters from file C:\Users\legen\OneDrive\Dokumenti\GitHub\GitHooks\actions-runner\.credentials_rsaparams
[2025-05-23 08:20:29Z INFO ConfigurationStore] HasCredentials()
[2025-05-23 08:20:29Z INFO ConfigurationStore] stored True
[2025-05-23 08:20:29Z INFO CredentialManager] GetCredentialProvider
[2025-05-23 08:20:29Z INFO CredentialManager] Creating type OAuth
[2025-05-23 08:20:29Z INFO CredentialManager] Creating credential type: OAuth
[2025-05-23 08:20:29Z INFO RSAEncryptedFileKeyManager] Loading RSA key parameters from file C:\Users\legen\OneDrive\Dokumenti\GitHub\GitHooks\actions-runner\.credentials_rsaparams
[2025-05-23 08:21:20Z INFO ConfigurationStore] HasCredentials()
[2025-05-23 08:21:20Z INFO ConfigurationStore] stored True
[2025-05-23 08:21:20Z INFO CredentialManager] GetCredentialProvider
[2025-05-23 08:21:20Z INFO CredentialManager] Creating type OAuth
[2025-05-23 08:21:20Z INFO CredentialManager] Creating credential type: OAuth
[2025-05-23 08:21:20Z INFO RSAEncryptedFileKeyManager] Loading RSA key parameters from file C:\Users\legen\OneDrive\Dokumenti\GitHub\GitHooks\actions-runner\.credentials_rsaparams
[2025-05-23 08:22:10Z INFO ConfigurationStore] HasCredentials()
[2025-05-23 08:22:10Z INFO ConfigurationStore] stored True
[2025-05-23 08:22:10Z INFO CredentialManager] GetCredentialProvider
[2025-05-23 08:22:10Z INFO CredentialManager] Creating type OAuth
[2025-05-23 08:22:10Z INFO CredentialManager] Creating credential type: OAuth
[2025-05-23 08:22:10Z INFO RSAEncryptedFileKeyManager] Loading RSA key parameters from file C:\Users\legen\OneDrive\Dokumenti\GitHub\GitHooks\actions-runner\.credentials_rsaparams
[2025-05-23 08:23:01Z INFO ConfigurationStore] HasCredentials()
[2025-05-23 08:23:01Z INFO ConfigurationStore] stored True
[2025-05-23 08:23:01Z INFO CredentialManager] GetCredentialProvider
[2025-05-23 08:23:01Z INFO CredentialManager] Creating type OAuth
[2025-05-23 08:23:01Z INFO CredentialManager] Creating credential type: OAuth
[2025-05-23 08:23:01Z INFO RSAEncryptedFileKeyManager] Loading RSA key parameters from file C:\Users\legen\OneDrive\Dokumenti\GitHub\GitHooks\actions-runner\.credentials_rsaparams
[2025-05-23 08:23:51Z INFO ConfigurationStore] HasCredentials()
[2025-05-23 08:23:51Z INFO ConfigurationStore] stored True
[2025-05-23 08:23:51Z INFO CredentialManager] GetCredentialProvider
[2025-05-23 08:23:51Z INFO CredentialManager] Creating type OAuth
[2025-05-23 08:23:51Z INFO CredentialManager] Creating credential type: OAuth
[2025-05-23 08:23:51Z INFO RSAEncryptedFileKeyManager] Loading RSA key parameters from file C:\Users\legen\OneDrive\Dokumenti\GitHub\GitHooks\actions-runner\.credentials_rsaparams
[2025-05-23 08:24:41Z INFO ConfigurationStore] HasCredentials()
[2025-05-23 08:24:41Z INFO ConfigurationStore] stored True
[2025-05-23 08:24:41Z INFO CredentialManager] GetCredentialProvider
[2025-05-23 08:24:41Z INFO CredentialManager] Creating type OAuth
[2025-05-23 08:24:41Z INFO CredentialManager] Creating credential type: OAuth
[2025-05-23 08:24:41Z INFO RSAEncryptedFileKeyManager] Loading RSA key parameters from file C:\Users\legen\OneDrive\Dokumenti\GitHub\GitHooks\actions-runner\.credentials_rsaparams
[2025-05-23 08:25:32Z INFO ConfigurationStore] HasCredentials()
[2025-05-23 08:25:32Z INFO ConfigurationStore] stored True
[2025-05-23 08:25:32Z INFO CredentialManager] GetCredentialProvider
[2025-05-23 08:25:32Z INFO CredentialManager] Creating type OAuth
[2025-05-23 08:25:32Z INFO CredentialManager] Creating credential type: OAuth
[2025-05-23 08:25:32Z INFO RSAEncryptedFileKeyManager] Loading RSA key parameters from file C:\Users\legen\OneDrive\Dokumenti\GitHub\GitHooks\actions-runner\.credentials_rsaparams
[2025-05-23 08:26:22Z INFO ConfigurationStore] HasCredentials()
[2025-05-23 08:26:22Z INFO ConfigurationStore] stored True
[2025-05-23 08:26:22Z INFO CredentialManager] GetCredentialProvider
[2025-05-23 08:26:22Z INFO CredentialManager] Creating type OAuth
[2025-05-23 08:26:22Z INFO CredentialManager] Creating credential type: OAuth
[2025-05-23 08:26:22Z INFO RSAEncryptedFileKeyManager] Loading RSA key parameters from file C:\Users\legen\OneDrive\Dokumenti\GitHub\GitHooks\actions-runner\.credentials_rsaparams
[2025-05-23 08:27:13Z INFO ConfigurationStore] HasCredentials()
[2025-05-23 08:27:13Z INFO ConfigurationStore] stored True
[2025-05-23 08:27:13Z INFO CredentialManager] GetCredentialProvider
[2025-05-23 08:27:13Z INFO CredentialManager] Creating type OAuth
[2025-05-23 08:27:13Z INFO CredentialManager] Creating credential type: OAuth
[2025-05-23 08:27:13Z INFO RSAEncryptedFileKeyManager] Loading RSA key parameters from file C:\Users\legen\OneDrive\Dokumenti\GitHub\GitHooks\actions-runner\.credentials_rsaparams
[2025-05-23 08:28:03Z INFO ConfigurationStore] HasCredentials()
[2025-05-23 08:28:03Z INFO ConfigurationStore] stored True
[2025-05-23 08:28:03Z INFO CredentialManager] GetCredentialProvider
[2025-05-23 08:28:03Z INFO CredentialManager] Creating type OAuth
[2025-05-23 08:28:03Z INFO CredentialManager] Creating credential type: OAuth
[2025-05-23 08:28:03Z INFO RSAEncryptedFileKeyManager] Loading RSA key parameters from file C:\Users\legen\OneDrive\Dokumenti\GitHub\GitHooks\actions-runner\.credentials_rsaparams
[2025-05-23 08:28:53Z INFO ConfigurationStore] HasCredentials()
[2025-05-23 08:28:53Z INFO ConfigurationStore] stored True
[2025-05-23 08:28:53Z INFO CredentialManager] GetCredentialProvider
[2025-05-23 08:28:53Z INFO CredentialManager] Creating type OAuth
[2025-05-23 08:28:53Z INFO CredentialManager] Creating credential type: OAuth
[2025-05-23 08:28:53Z INFO RSAEncryptedFileKeyManager] Loading RSA key parameters from file C:\Users\legen\OneDrive\Dokumenti\GitHub\GitHooks\actions-runner\.credentials_rsaparams
[2025-05-23 08:29:44Z INFO ConfigurationStore] HasCredentials()
[2025-05-23 08:29:44Z INFO ConfigurationStore] stored True
[2025-05-23 08:29:44Z INFO CredentialManager] GetCredentialProvider
[2025-05-23 08:29:44Z INFO CredentialManager] Creating type OAuth
[2025-05-23 08:29:44Z INFO CredentialManager] Creating credential type: OAuth
[2025-05-23 08:29:44Z INFO RSAEncryptedFileKeyManager] Loading RSA key parameters from file C:\Users\legen\OneDrive\Dokumenti\GitHub\GitHooks\actions-runner\.credentials_rsaparams
[2025-05-23 08:30:34Z INFO ConfigurationStore] HasCredentials()
[2025-05-23 08:30:34Z INFO ConfigurationStore] stored True
[2025-05-23 08:30:34Z INFO CredentialManager] GetCredentialProvider
[2025-05-23 08:30:34Z INFO CredentialManager] Creating type OAuth
[2025-05-23 08:30:34Z INFO CredentialManager] Creating credential type: OAuth
[2025-05-23 08:30:34Z INFO RSAEncryptedFileKeyManager] Loading RSA key parameters from file C:\Users\legen\OneDrive\Dokumenti\GitHub\GitHooks\actions-runner\.credentials_rsaparams
[2025-05-23 08:31:24Z INFO ConfigurationStore] HasCredentials()
[2025-05-23 08:31:24Z INFO ConfigurationStore] stored True
[2025-05-23 08:31:24Z INFO CredentialManager] GetCredentialProvider
[2025-05-23 08:31:24Z INFO CredentialManager] Creating type OAuth
[2025-05-23 08:31:24Z INFO CredentialManager] Creating credential type: OAuth
[2025-05-23 08:31:24Z INFO RSAEncryptedFileKeyManager] Loading RSA key parameters from file C:\Users\legen\OneDrive\Dokumenti\GitHub\GitHooks\actions-runner\.credentials_rsaparams
[2025-05-23 08:32:15Z INFO ConfigurationStore] HasCredentials()
[2025-05-23 08:32:15Z INFO ConfigurationStore] stored True
[2025-05-23 08:32:15Z INFO CredentialManager] GetCredentialProvider
[2025-05-23 08:32:15Z INFO CredentialManager] Creating type OAuth
[2025-05-23 08:32:15Z INFO CredentialManager] Creating credential type: OAuth
[2025-05-23 08:32:15Z INFO RSAEncryptedFileKeyManager] Loading RSA key parameters from file C:\Users\legen\OneDrive\Dokumenti\GitHub\GitHooks\actions-runner\.credentials_rsaparams
[2025-05-23 08:33:05Z INFO ConfigurationStore] HasCredentials()
[2025-05-23 08:33:05Z INFO ConfigurationStore] stored True
[2025-05-23 08:33:05Z INFO CredentialManager] GetCredentialProvider
[2025-05-23 08:33:05Z INFO CredentialManager] Creating type OAuth
[2025-05-23 08:33:05Z INFO CredentialManager] Creating credential type: OAuth
[2025-05-23 08:33:05Z INFO RSAEncryptedFileKeyManager] Loading RSA key parameters from file C:\Users\legen\OneDrive\Dokumenti\GitHub\GitHooks\actions-runner\.credentials_rsaparams
[2025-05-23 08:33:55Z INFO ConfigurationStore] HasCredentials()
[2025-05-23 08:33:55Z INFO ConfigurationStore] stored True
[2025-05-23 08:33:55Z INFO CredentialManager] GetCredentialProvider
[2025-05-23 08:33:55Z INFO CredentialManager] Creating type OAuth
[2025-05-23 08:33:55Z INFO CredentialManager] Creating credential type: OAuth
[2025-05-23 08:33:55Z INFO RSAEncryptedFileKeyManager] Loading RSA key parameters from file C:\Users\legen\OneDrive\Dokumenti\GitHub\GitHooks\actions-runner\.credentials_rsaparams
[2025-05-23 08:34:46Z INFO ConfigurationStore] HasCredentials()
[2025-05-23 08:34:46Z INFO ConfigurationStore] stored True
[2025-05-23 08:34:46Z INFO CredentialManager] GetCredentialProvider
[2025-05-23 08:34:46Z INFO CredentialManager] Creating type OAuth
[2025-05-23 08:34:46Z INFO CredentialManager] Creating credential type: OAuth
[2025-05-23 08:34:46Z INFO RSAEncryptedFileKeyManager] Loading RSA key parameters from file C:\Users\legen\OneDrive\Dokumenti\GitHub\GitHooks\actions-runner\.credentials_rsaparams
[2025-05-23 08:38:26Z WARN GitHubActionsService] Attempt 1 of GET request to https://broker.actions.githubusercontent.com/message?sessionId=2d8f211f-2be3-4e30-a56c-8ea2ed6a58d0&status=Online&runnerVersion=2.324.0&os=Windows&architecture=X64&disableUpdate=false failed (Socket Error: ConnectionReset). The operation will be retried in 10.814 seconds.
[2025-05-23 08:39:29Z INFO ConfigurationStore] HasCredentials()
[2025-05-23 08:39:29Z INFO ConfigurationStore] stored True
[2025-05-23 08:39:29Z INFO CredentialManager] GetCredentialProvider
[2025-05-23 08:39:29Z INFO CredentialManager] Creating type OAuth
[2025-05-23 08:39:29Z INFO CredentialManager] Creating credential type: OAuth
[2025-05-23 08:39:29Z INFO RSAEncryptedFileKeyManager] Loading RSA key parameters from file C:\Users\legen\OneDrive\Dokumenti\GitHub\GitHooks\actions-runner\.credentials_rsaparams
[2025-05-23 08:40:19Z INFO ConfigurationStore] HasCredentials()
[2025-05-23 08:40:19Z INFO ConfigurationStore] stored True
[2025-05-23 08:40:19Z INFO CredentialManager] GetCredentialProvider
[2025-05-23 08:40:19Z INFO CredentialManager] Creating type OAuth
[2025-05-23 08:40:19Z INFO CredentialManager] Creating credential type: OAuth
[2025-05-23 08:40:19Z INFO RSAEncryptedFileKeyManager] Loading RSA key parameters from file C:\Users\legen\OneDrive\Dokumenti\GitHub\GitHooks\actions-runner\.credentials_rsaparams
[2025-05-23 08:41:09Z INFO MessageListener] No message retrieved from session '2d8f211f-2be3-4e30-a56c-8ea2ed6a58d0' within last 30 minutes.
[2025-05-23 08:41:10Z INFO ConfigurationStore] HasCredentials()
[2025-05-23 08:41:10Z INFO ConfigurationStore] stored True
[2025-05-23 08:41:10Z INFO CredentialManager] GetCredentialProvider
[2025-05-23 08:41:10Z INFO CredentialManager] Creating type OAuth
[2025-05-23 08:41:10Z INFO CredentialManager] Creating credential type: OAuth
[2025-05-23 08:41:10Z INFO RSAEncryptedFileKeyManager] Loading RSA key parameters from file C:\Users\legen\OneDrive\Dokumenti\GitHub\GitHooks\actions-runner\.credentials_rsaparams
[2025-05-23 08:42:00Z INFO ConfigurationStore] HasCredentials()
[2025-05-23 08:42:00Z INFO ConfigurationStore] stored True
[2025-05-23 08:42:00Z INFO CredentialManager] GetCredentialProvider
[2025-05-23 08:42:00Z INFO CredentialManager] Creating type OAuth
[2025-05-23 08:42:00Z INFO CredentialManager] Creating credential type: OAuth
[2025-05-23 08:42:00Z INFO RSAEncryptedFileKeyManager] Loading RSA key parameters from file C:\Users\legen\OneDrive\Dokumenti\GitHub\GitHooks\actions-runner\.credentials_rsaparams
[2025-05-23 08:42:50Z INFO ConfigurationStore] HasCredentials()
[2025-05-23 08:42:50Z INFO ConfigurationStore] stored True
[2025-05-23 08:42:50Z INFO CredentialManager] GetCredentialProvider
[2025-05-23 08:42:50Z INFO CredentialManager] Creating type OAuth
[2025-05-23 08:42:50Z INFO CredentialManager] Creating credential type: OAuth
[2025-05-23 08:42:50Z INFO RSAEncryptedFileKeyManager] Loading RSA key parameters from file C:\Users\legen\OneDrive\Dokumenti\GitHub\GitHooks\actions-runner\.credentials_rsaparams
[2025-05-23 08:43:41Z INFO ConfigurationStore] HasCredentials()
[2025-05-23 08:43:41Z INFO ConfigurationStore] stored True
[2025-05-23 08:43:41Z INFO CredentialManager] GetCredentialProvider
[2025-05-23 08:43:41Z INFO CredentialManager] Creating type OAuth
[2025-05-23 08:43:41Z INFO CredentialManager] Creating credential type: OAuth
[2025-05-23 08:43:41Z INFO RSAEncryptedFileKeyManager] Loading RSA key parameters from file C:\Users\legen\OneDrive\Dokumenti\GitHub\GitHooks\actions-runner\.credentials_rsaparams
[2025-05-23 08:44:32Z INFO ConfigurationStore] HasCredentials()
[2025-05-23 08:44:32Z INFO ConfigurationStore] stored True
[2025-05-23 08:44:32Z INFO CredentialManager] GetCredentialProvider
[2025-05-23 08:44:32Z INFO CredentialManager] Creating type OAuth
[2025-05-23 08:44:32Z INFO CredentialManager] Creating credential type: OAuth
[2025-05-23 08:44:32Z INFO RSAEncryptedFileKeyManager] Loading RSA key parameters from file C:\Users\legen\OneDrive\Dokumenti\GitHub\GitHooks\actions-runner\.credentials_rsaparams
[2025-05-23 08:45:22Z INFO ConfigurationStore] HasCredentials()
[2025-05-23 08:45:22Z INFO ConfigurationStore] stored True
[2025-05-23 08:45:22Z INFO CredentialManager] GetCredentialProvider
[2025-05-23 08:45:22Z INFO CredentialManager] Creating type OAuth
[2025-05-23 08:45:22Z INFO CredentialManager] Creating credential type: OAuth
[2025-05-23 08:45:22Z INFO RSAEncryptedFileKeyManager] Loading RSA key parameters from file C:\Users\legen\OneDrive\Dokumenti\GitHub\GitHooks\actions-runner\.credentials_rsaparams
[2025-05-23 08:46:12Z INFO ConfigurationStore] HasCredentials()
[2025-05-23 08:46:12Z INFO ConfigurationStore] stored True
[2025-05-23 08:46:12Z INFO CredentialManager] GetCredentialProvider
[2025-05-23 08:46:12Z INFO CredentialManager] Creating type OAuth
[2025-05-23 08:46:12Z INFO CredentialManager] Creating credential type: OAuth
[2025-05-23 08:46:12Z INFO RSAEncryptedFileKeyManager] Loading RSA key parameters from file C:\Users\legen\OneDrive\Dokumenti\GitHub\GitHooks\actions-runner\.credentials_rsaparams
[2025-05-23 08:47:03Z INFO ConfigurationStore] HasCredentials()
[2025-05-23 08:47:03Z INFO ConfigurationStore] stored True
[2025-05-23 08:47:03Z INFO CredentialManager] GetCredentialProvider
[2025-05-23 08:47:03Z INFO CredentialManager] Creating type OAuth
[2025-05-23 08:47:03Z INFO CredentialManager] Creating credential type: OAuth
[2025-05-23 08:47:03Z INFO RSAEncryptedFileKeyManager] Loading RSA key parameters from file C:\Users\legen\OneDrive\Dokumenti\GitHub\GitHooks\actions-runner\.credentials_rsaparams
[2025-05-23 08:47:53Z INFO ConfigurationStore] HasCredentials()
[2025-05-23 08:47:53Z INFO ConfigurationStore] stored True
[2025-05-23 08:47:53Z INFO CredentialManager] GetCredentialProvider
[2025-05-23 08:47:53Z INFO CredentialManager] Creating type OAuth
[2025-05-23 08:47:53Z INFO CredentialManager] Creating credential type: OAuth
[2025-05-23 08:47:53Z INFO RSAEncryptedFileKeyManager] Loading RSA key parameters from file C:\Users\legen\OneDrive\Dokumenti\GitHub\GitHooks\actions-runner\.credentials_rsaparams
[2025-05-23 08:47:54Z INFO RSAEncryptedFileKeyManager] Loading RSA key parameters from file C:\Users\legen\OneDrive\Dokumenti\GitHub\GitHooks\actions-runner\.credentials_rsaparams
[2025-05-23 08:47:55Z INFO GitHubActionsService] AAD Correlation ID for this token request: Unknown
[2025-05-23 08:48:45Z INFO ConfigurationStore] HasCredentials()
[2025-05-23 08:48:45Z INFO ConfigurationStore] stored True
[2025-05-23 08:48:45Z INFO CredentialManager] GetCredentialProvider
[2025-05-23 08:48:45Z INFO CredentialManager] Creating type OAuth
[2025-05-23 08:48:45Z INFO CredentialManager] Creating credential type: OAuth
[2025-05-23 08:48:45Z INFO RSAEncryptedFileKeyManager] Loading RSA key parameters from file C:\Users\legen\OneDrive\Dokumenti\GitHub\GitHooks\actions-runner\.credentials_rsaparams
[2025-05-23 08:49:36Z INFO ConfigurationStore] HasCredentials()
[2025-05-23 08:49:36Z INFO ConfigurationStore] stored True
[2025-05-23 08:49:36Z INFO CredentialManager] GetCredentialProvider
[2025-05-23 08:49:36Z INFO CredentialManager] Creating type OAuth
[2025-05-23 08:49:36Z INFO CredentialManager] Creating credential type: OAuth
[2025-05-23 08:49:36Z INFO RSAEncryptedFileKeyManager] Loading RSA key parameters from file C:\Users\legen\OneDrive\Dokumenti\GitHub\GitHooks\actions-runner\.credentials_rsaparams
[2025-05-23 08:50:26Z INFO ConfigurationStore] HasCredentials()
[2025-05-23 08:50:26Z INFO ConfigurationStore] stored True
[2025-05-23 08:50:26Z INFO CredentialManager] GetCredentialProvider
[2025-05-23 08:50:26Z INFO CredentialManager] Creating type OAuth
[2025-05-23 08:50:26Z INFO CredentialManager] Creating credential type: OAuth
[2025-05-23 08:50:26Z INFO RSAEncryptedFileKeyManager] Loading RSA key parameters from file C:\Users\legen\OneDrive\Dokumenti\GitHub\GitHooks\actions-runner\.credentials_rsaparams
[2025-05-23 09:50:04Z WARN GitHubActionsService] Attempt 1 of GET request to https://broker.actions.githubusercontent.com/message?sessionId=2d8f211f-2be3-4e30-a56c-8ea2ed6a58d0&status=Online&runnerVersion=2.324.0&os=Windows&architecture=X64&disableUpdate=false failed (Socket Error: ConnectionReset). The operation will be retried in 10.862 seconds.
[2025-05-23 09:50:15Z INFO RSAEncryptedFileKeyManager] Loading RSA key parameters from file C:\Users\legen\OneDrive\Dokumenti\GitHub\GitHooks\actions-runner\.credentials_rsaparams
[2025-05-23 09:50:16Z INFO GitHubActionsService] AAD Correlation ID for this token request: Unknown
[2025-05-23 09:51:06Z INFO MessageListener] No message retrieved from session '2d8f211f-2be3-4e30-a56c-8ea2ed6a58d0' within last 30 minutes.
[2025-05-23 09:51:07Z INFO RSAEncryptedFileKeyManager] Loading RSA key parameters from file C:\Users\legen\OneDrive\Dokumenti\GitHub\GitHooks\actions-runner\.credentials_rsaparams
[2025-05-23 09:51:08Z INFO GitHubActionsService] AAD Correlation ID for this token request: Unknown
[2025-05-23 09:51:08Z INFO ConfigurationStore] HasCredentials()
[2025-05-23 09:51:08Z INFO ConfigurationStore] stored True
[2025-05-23 09:51:08Z INFO CredentialManager] GetCredentialProvider
[2025-05-23 09:51:08Z INFO CredentialManager] Creating type OAuth
[2025-05-23 09:51:08Z INFO CredentialManager] Creating credential type: OAuth
[2025-05-23 09:51:08Z INFO RSAEncryptedFileKeyManager] Loading RSA key parameters from file C:\Users\legen\OneDrive\Dokumenti\GitHub\GitHooks\actions-runner\.credentials_rsaparams
[2025-05-23 09:51:59Z INFO ConfigurationStore] HasCredentials()
[2025-05-23 09:51:59Z INFO ConfigurationStore] stored True
[2025-05-23 09:51:59Z INFO CredentialManager] GetCredentialProvider
[2025-05-23 09:51:59Z INFO CredentialManager] Creating type OAuth
[2025-05-23 09:51:59Z INFO CredentialManager] Creating credential type: OAuth
[2025-05-23 09:51:59Z INFO RSAEncryptedFileKeyManager] Loading RSA key parameters from file C:\Users\legen\OneDrive\Dokumenti\GitHub\GitHooks\actions-runner\.credentials_rsaparams
[2025-05-23 09:52:49Z INFO ConfigurationStore] HasCredentials()
[2025-05-23 09:52:49Z INFO ConfigurationStore] stored True
[2025-05-23 09:52:49Z INFO CredentialManager] GetCredentialProvider
[2025-05-23 09:52:49Z INFO CredentialManager] Creating type OAuth
[2025-05-23 09:52:49Z INFO CredentialManager] Creating credential type: OAuth
[2025-05-23 09:52:49Z INFO RSAEncryptedFileKeyManager] Loading RSA key parameters from file C:\Users\legen\OneDrive\Dokumenti\GitHub\GitHooks\actions-runner\.credentials_rsaparams
[2025-05-23 09:53:40Z INFO ConfigurationStore] HasCredentials()
[2025-05-23 09:53:40Z INFO ConfigurationStore] stored True
[2025-05-23 09:53:40Z INFO CredentialManager] GetCredentialProvider
[2025-05-23 09:53:40Z INFO CredentialManager] Creating type OAuth
[2025-05-23 09:53:40Z INFO CredentialManager] Creating credential type: OAuth
[2025-05-23 09:53:40Z INFO RSAEncryptedFileKeyManager] Loading RSA key parameters from file C:\Users\legen\OneDrive\Dokumenti\GitHub\GitHooks\actions-runner\.credentials_rsaparams
[2025-05-23 09:54:30Z INFO ConfigurationStore] HasCredentials()
[2025-05-23 09:54:30Z INFO ConfigurationStore] stored True
[2025-05-23 09:54:30Z INFO CredentialManager] GetCredentialProvider
[2025-05-23 09:54:30Z INFO CredentialManager] Creating type OAuth
[2025-05-23 09:54:30Z INFO CredentialManager] Creating credential type: OAuth
[2025-05-23 09:54:30Z INFO RSAEncryptedFileKeyManager] Loading RSA key parameters from file C:\Users\legen\OneDrive\Dokumenti\GitHub\GitHooks\actions-runner\.credentials_rsaparams
[2025-05-23 09:55:21Z INFO ConfigurationStore] HasCredentials()
[2025-05-23 09:55:21Z INFO ConfigurationStore] stored True
[2025-05-23 09:55:21Z INFO CredentialManager] GetCredentialProvider
[2025-05-23 09:55:21Z INFO CredentialManager] Creating type OAuth
[2025-05-23 09:55:21Z INFO CredentialManager] Creating credential type: OAuth
[2025-05-23 09:55:21Z INFO RSAEncryptedFileKeyManager] Loading RSA key parameters from file C:\Users\legen\OneDrive\Dokumenti\GitHub\GitHooks\actions-runner\.credentials_rsaparams
[2025-05-23 09:56:11Z INFO ConfigurationStore] HasCredentials()
[2025-05-23 09:56:11Z INFO ConfigurationStore] stored True
[2025-05-23 09:56:11Z INFO CredentialManager] GetCredentialProvider
[2025-05-23 09:56:11Z INFO CredentialManager] Creating type OAuth
[2025-05-23 09:56:11Z INFO CredentialManager] Creating credential type: OAuth
[2025-05-23 09:56:11Z INFO RSAEncryptedFileKeyManager] Loading RSA key parameters from file C:\Users\legen\OneDrive\Dokumenti\GitHub\GitHooks\actions-runner\.credentials_rsaparams
[2025-05-23 09:57:02Z INFO ConfigurationStore] HasCredentials()
[2025-05-23 09:57:02Z INFO ConfigurationStore] stored True
[2025-05-23 09:57:02Z INFO CredentialManager] GetCredentialProvider
[2025-05-23 09:57:02Z INFO CredentialManager] Creating type OAuth
[2025-05-23 09:57:02Z INFO CredentialManager] Creating credential type: OAuth
[2025-05-23 09:57:02Z INFO RSAEncryptedFileKeyManager] Loading RSA key parameters from file C:\Users\legen\OneDrive\Dokumenti\GitHub\GitHooks\actions-runner\.credentials_rsaparams
[2025-05-23 09:57:52Z INFO ConfigurationStore] HasCredentials()
[2025-05-23 09:57:52Z INFO ConfigurationStore] stored True
[2025-05-23 09:57:52Z INFO CredentialManager] GetCredentialProvider
[2025-05-23 09:57:52Z INFO CredentialManager] Creating type OAuth
[2025-05-23 09:57:52Z INFO CredentialManager] Creating credential type: OAuth
[2025-05-23 09:57:52Z INFO RSAEncryptedFileKeyManager] Loading RSA key parameters from file C:\Users\legen\OneDrive\Dokumenti\GitHub\GitHooks\actions-runner\.credentials_rsaparams
[2025-05-23 09:58:43Z INFO ConfigurationStore] HasCredentials()
[2025-05-23 09:58:43Z INFO ConfigurationStore] stored True
[2025-05-23 09:58:43Z INFO CredentialManager] GetCredentialProvider
[2025-05-23 09:58:43Z INFO CredentialManager] Creating type OAuth
[2025-05-23 09:58:43Z INFO CredentialManager] Creating credential type: OAuth
[2025-05-23 09:58:43Z INFO RSAEncryptedFileKeyManager] Loading RSA key parameters from file C:\Users\legen\OneDrive\Dokumenti\GitHub\GitHooks\actions-runner\.credentials_rsaparams
[2025-05-23 09:59:33Z INFO ConfigurationStore] HasCredentials()
[2025-05-23 09:59:33Z INFO ConfigurationStore] stored True
[2025-05-23 09:59:33Z INFO CredentialManager] GetCredentialProvider
[2025-05-23 09:59:33Z INFO CredentialManager] Creating type OAuth
[2025-05-23 09:59:33Z INFO CredentialManager] Creating credential type: OAuth
[2025-05-23 09:59:33Z INFO RSAEncryptedFileKeyManager] Loading RSA key parameters from file C:\Users\legen\OneDrive\Dokumenti\GitHub\GitHooks\actions-runner\.credentials_rsaparams
[2025-05-23 10:00:24Z INFO ConfigurationStore] HasCredentials()
[2025-05-23 10:00:24Z INFO ConfigurationStore] stored True
[2025-05-23 10:00:24Z INFO CredentialManager] GetCredentialProvider
[2025-05-23 10:00:24Z INFO CredentialManager] Creating type OAuth
[2025-05-23 10:00:24Z INFO CredentialManager] Creating credential type: OAuth
[2025-05-23 10:00:24Z INFO RSAEncryptedFileKeyManager] Loading RSA key parameters from file C:\Users\legen\OneDrive\Dokumenti\GitHub\GitHooks\actions-runner\.credentials_rsaparams
[2025-05-23 10:01:15Z INFO ConfigurationStore] HasCredentials()
[2025-05-23 10:01:15Z INFO ConfigurationStore] stored True
[2025-05-23 10:01:15Z INFO CredentialManager] GetCredentialProvider
[2025-05-23 10:01:15Z INFO CredentialManager] Creating type OAuth
[2025-05-23 10:01:15Z INFO CredentialManager] Creating credential type: OAuth
[2025-05-23 10:01:15Z INFO RSAEncryptedFileKeyManager] Loading RSA key parameters from file C:\Users\legen\OneDrive\Dokumenti\GitHub\GitHooks\actions-runner\.credentials_rsaparams
[2025-05-23 10:02:06Z INFO ConfigurationStore] HasCredentials()
[2025-05-23 10:02:06Z INFO ConfigurationStore] stored True
[2025-05-23 10:02:06Z INFO CredentialManager] GetCredentialProvider
[2025-05-23 10:02:06Z INFO CredentialManager] Creating type OAuth
[2025-05-23 10:02:06Z INFO CredentialManager] Creating credential type: OAuth
[2025-05-23 10:02:06Z INFO RSAEncryptedFileKeyManager] Loading RSA key parameters from file C:\Users\legen\OneDrive\Dokumenti\GitHub\GitHooks\actions-runner\.credentials_rsaparams
[2025-05-23 10:02:56Z INFO ConfigurationStore] HasCredentials()
[2025-05-23 10:02:56Z INFO ConfigurationStore] stored True
[2025-05-23 10:02:56Z INFO CredentialManager] GetCredentialProvider
[2025-05-23 10:02:56Z INFO CredentialManager] Creating type OAuth
[2025-05-23 10:02:56Z INFO CredentialManager] Creating credential type: OAuth
[2025-05-23 10:02:56Z INFO RSAEncryptedFileKeyManager] Loading RSA key parameters from file C:\Users\legen\OneDrive\Dokumenti\GitHub\GitHooks\actions-runner\.credentials_rsaparams
[2025-05-23 10:03:47Z INFO ConfigurationStore] HasCredentials()
[2025-05-23 10:03:47Z INFO ConfigurationStore] stored True
[2025-05-23 10:03:47Z INFO CredentialManager] GetCredentialProvider
[2025-05-23 10:03:47Z INFO CredentialManager] Creating type OAuth
[2025-05-23 10:03:47Z INFO CredentialManager] Creating credential type: OAuth
[2025-05-23 10:03:47Z INFO RSAEncryptedFileKeyManager] Loading RSA key parameters from file C:\Users\legen\OneDrive\Dokumenti\GitHub\GitHooks\actions-runner\.credentials_rsaparams
[2025-05-23 10:04:38Z INFO ConfigurationStore] HasCredentials()
[2025-05-23 10:04:38Z INFO ConfigurationStore] stored True
[2025-05-23 10:04:38Z INFO CredentialManager] GetCredentialProvider
[2025-05-23 10:04:38Z INFO CredentialManager] Creating type OAuth
[2025-05-23 10:04:38Z INFO CredentialManager] Creating credential type: OAuth
[2025-05-23 10:04:38Z INFO RSAEncryptedFileKeyManager] Loading RSA key parameters from file C:\Users\legen\OneDrive\Dokumenti\GitHub\GitHooks\actions-runner\.credentials_rsaparams
[2025-05-23 10:05:28Z INFO ConfigurationStore] HasCredentials()
[2025-05-23 10:05:28Z INFO ConfigurationStore] stored True
[2025-05-23 10:05:28Z INFO CredentialManager] GetCredentialProvider
[2025-05-23 10:05:28Z INFO CredentialManager] Creating type OAuth
[2025-05-23 10:05:28Z INFO CredentialManager] Creating credential type: OAuth
[2025-05-23 10:05:28Z INFO RSAEncryptedFileKeyManager] Loading RSA key parameters from file C:\Users\legen\OneDrive\Dokumenti\GitHub\GitHooks\actions-runner\.credentials_rsaparams
[2025-05-23 10:06:29Z WARN GitHubActionsService] Attempt 1 of GET request to https://broker.actions.githubusercontent.com/message?sessionId=2d8f211f-2be3-4e30-a56c-8ea2ed6a58d0&status=Online&runnerVersion=2.324.0&os=Windows&architecture=X64&disableUpdate=false failed (Socket Error: ConnectionReset). The operation will be retried in 11.089 seconds.
[2025-05-23 10:07:32Z INFO ConfigurationStore] HasCredentials()
[2025-05-23 10:07:32Z INFO ConfigurationStore] stored True
[2025-05-23 10:07:32Z INFO CredentialManager] GetCredentialProvider
[2025-05-23 10:07:32Z INFO CredentialManager] Creating type OAuth
[2025-05-23 10:07:32Z INFO CredentialManager] Creating credential type: OAuth
[2025-05-23 10:07:32Z INFO RSAEncryptedFileKeyManager] Loading RSA key parameters from file C:\Users\legen\OneDrive\Dokumenti\GitHub\GitHooks\actions-runner\.credentials_rsaparams
[2025-05-23 10:08:22Z INFO ConfigurationStore] HasCredentials()
[2025-05-23 10:08:22Z INFO ConfigurationStore] stored True
[2025-05-23 10:08:22Z INFO CredentialManager] GetCredentialProvider
[2025-05-23 10:08:22Z INFO CredentialManager] Creating type OAuth
[2025-05-23 10:08:22Z INFO CredentialManager] Creating credential type: OAuth
[2025-05-23 10:08:22Z INFO RSAEncryptedFileKeyManager] Loading RSA key parameters from file C:\Users\legen\OneDrive\Dokumenti\GitHub\GitHooks\actions-runner\.credentials_rsaparams
[2025-05-23 10:09:12Z INFO ConfigurationStore] HasCredentials()
[2025-05-23 10:09:12Z INFO ConfigurationStore] stored True
[2025-05-23 10:09:12Z INFO CredentialManager] GetCredentialProvider
[2025-05-23 10:09:12Z INFO CredentialManager] Creating type OAuth
[2025-05-23 10:09:12Z INFO CredentialManager] Creating credential type: OAuth
[2025-05-23 10:09:12Z INFO RSAEncryptedFileKeyManager] Loading RSA key parameters from file C:\Users\legen\OneDrive\Dokumenti\GitHub\GitHooks\actions-runner\.credentials_rsaparams
[2025-05-23 10:10:03Z INFO ConfigurationStore] HasCredentials()
[2025-05-23 10:10:03Z INFO ConfigurationStore] stored True
[2025-05-23 10:10:03Z INFO CredentialManager] GetCredentialProvider
[2025-05-23 10:10:03Z INFO CredentialManager] Creating type OAuth
[2025-05-23 10:10:03Z INFO CredentialManager] Creating credential type: OAuth
[2025-05-23 10:10:03Z INFO RSAEncryptedFileKeyManager] Loading RSA key parameters from file C:\Users\legen\OneDrive\Dokumenti\GitHub\GitHooks\actions-runner\.credentials_rsaparams
[2025-05-23 10:10:53Z INFO ConfigurationStore] HasCredentials()
[2025-05-23 10:10:53Z INFO ConfigurationStore] stored True
[2025-05-23 10:10:53Z INFO CredentialManager] GetCredentialProvider
[2025-05-23 10:10:53Z INFO CredentialManager] Creating type OAuth
[2025-05-23 10:10:53Z INFO CredentialManager] Creating credential type: OAuth
[2025-05-23 10:10:53Z INFO RSAEncryptedFileKeyManager] Loading RSA key parameters from file C:\Users\legen\OneDrive\Dokumenti\GitHub\GitHooks\actions-runner\.credentials_rsaparams
[2025-05-23 10:11:44Z INFO ConfigurationStore] HasCredentials()
[2025-05-23 10:11:44Z INFO ConfigurationStore] stored True
[2025-05-23 10:11:44Z INFO CredentialManager] GetCredentialProvider
[2025-05-23 10:11:44Z INFO CredentialManager] Creating type OAuth
[2025-05-23 10:11:44Z INFO CredentialManager] Creating credential type: OAuth
[2025-05-23 10:11:44Z INFO RSAEncryptedFileKeyManager] Loading RSA key parameters from file C:\Users\legen\OneDrive\Dokumenti\GitHub\GitHooks\actions-runner\.credentials_rsaparams
[2025-05-23 10:12:34Z INFO ConfigurationStore] HasCredentials()
[2025-05-23 10:12:34Z INFO ConfigurationStore] stored True
[2025-05-23 10:12:34Z INFO CredentialManager] GetCredentialProvider
[2025-05-23 10:12:34Z INFO CredentialManager] Creating type OAuth
[2025-05-23 10:12:34Z INFO CredentialManager] Creating credential type: OAuth
[2025-05-23 10:12:34Z INFO RSAEncryptedFileKeyManager] Loading RSA key parameters from file C:\Users\legen\OneDrive\Dokumenti\GitHub\GitHooks\actions-runner\.credentials_rsaparams
[2025-05-23 10:13:24Z INFO ConfigurationStore] HasCredentials()
[2025-05-23 10:13:24Z INFO ConfigurationStore] stored True
[2025-05-23 10:13:24Z INFO CredentialManager] GetCredentialProvider
[2025-05-23 10:13:24Z INFO CredentialManager] Creating type OAuth
[2025-05-23 10:13:24Z INFO CredentialManager] Creating credential type: OAuth
[2025-05-23 10:13:24Z INFO RSAEncryptedFileKeyManager] Loading RSA key parameters from file C:\Users\legen\OneDrive\Dokumenti\GitHub\GitHooks\actions-runner\.credentials_rsaparams
[2025-05-23 10:14:15Z INFO ConfigurationStore] HasCredentials()
[2025-05-23 10:14:15Z INFO ConfigurationStore] stored True
[2025-05-23 10:14:15Z INFO CredentialManager] GetCredentialProvider
[2025-05-23 10:14:15Z INFO CredentialManager] Creating type OAuth
[2025-05-23 10:14:15Z INFO CredentialManager] Creating credential type: OAuth
[2025-05-23 10:14:15Z INFO RSAEncryptedFileKeyManager] Loading RSA key parameters from file C:\Users\legen\OneDrive\Dokumenti\GitHub\GitHooks\actions-runner\.credentials_rsaparams
[2025-05-23 10:15:05Z INFO ConfigurationStore] HasCredentials()
[2025-05-23 10:15:05Z INFO ConfigurationStore] stored True
[2025-05-23 10:15:05Z INFO CredentialManager] GetCredentialProvider
[2025-05-23 10:15:05Z INFO CredentialManager] Creating type OAuth
[2025-05-23 10:15:05Z INFO CredentialManager] Creating credential type: OAuth
[2025-05-23 10:15:05Z INFO RSAEncryptedFileKeyManager] Loading RSA key parameters from file C:\Users\legen\OneDrive\Dokumenti\GitHub\GitHooks\actions-runner\.credentials_rsaparams
[2025-05-23 10:15:55Z INFO ConfigurationStore] HasCredentials()
[2025-05-23 10:15:55Z INFO ConfigurationStore] stored True
[2025-05-23 10:15:55Z INFO CredentialManager] GetCredentialProvider
[2025-05-23 10:15:55Z INFO CredentialManager] Creating type OAuth
[2025-05-23 10:15:55Z INFO CredentialManager] Creating credential type: OAuth
[2025-05-23 10:15:55Z INFO RSAEncryptedFileKeyManager] Loading RSA key parameters from file C:\Users\legen\OneDrive\Dokumenti\GitHub\GitHooks\actions-runner\.credentials_rsaparams
[2025-05-23 10:16:46Z INFO ConfigurationStore] HasCredentials()
[2025-05-23 10:16:46Z INFO ConfigurationStore] stored True
[2025-05-23 10:16:46Z INFO CredentialManager] GetCredentialProvider
[2025-05-23 10:16:46Z INFO CredentialManager] Creating type OAuth
[2025-05-23 10:16:46Z INFO CredentialManager] Creating credential type: OAuth
[2025-05-23 10:16:46Z INFO RSAEncryptedFileKeyManager] Loading RSA key parameters from file C:\Users\legen\OneDrive\Dokumenti\GitHub\GitHooks\actions-runner\.credentials_rsaparams
[2025-05-23 10:17:36Z INFO ConfigurationStore] HasCredentials()
[2025-05-23 10:17:36Z INFO ConfigurationStore] stored True
[2025-05-23 10:17:36Z INFO CredentialManager] GetCredentialProvider
[2025-05-23 10:17:36Z INFO CredentialManager] Creating type OAuth
[2025-05-23 10:17:36Z INFO CredentialManager] Creating credential type: OAuth
[2025-05-23 10:17:36Z INFO RSAEncryptedFileKeyManager] Loading RSA key parameters from file C:\Users\legen\OneDrive\Dokumenti\GitHub\GitHooks\actions-runner\.credentials_rsaparams
[2025-05-23 10:18:26Z INFO ConfigurationStore] HasCredentials()
[2025-05-23 10:18:26Z INFO ConfigurationStore] stored True
[2025-05-23 10:18:26Z INFO CredentialManager] GetCredentialProvider
[2025-05-23 10:18:26Z INFO CredentialManager] Creating type OAuth
[2025-05-23 10:18:26Z INFO CredentialManager] Creating credential type: OAuth
[2025-05-23 10:18:26Z INFO RSAEncryptedFileKeyManager] Loading RSA key parameters from file C:\Users\legen\OneDrive\Dokumenti\GitHub\GitHooks\actions-runner\.credentials_rsaparams
[2025-05-23 10:19:17Z INFO ConfigurationStore] HasCredentials()
[2025-05-23 10:19:17Z INFO ConfigurationStore] stored True
[2025-05-23 10:19:17Z INFO CredentialManager] GetCredentialProvider
[2025-05-23 10:19:17Z INFO CredentialManager] Creating type OAuth
[2025-05-23 10:19:17Z INFO CredentialManager] Creating credential type: OAuth
[2025-05-23 10:19:17Z INFO RSAEncryptedFileKeyManager] Loading RSA key parameters from file C:\Users\legen\OneDrive\Dokumenti\GitHub\GitHooks\actions-runner\.credentials_rsaparams
[2025-05-23 10:20:07Z INFO ConfigurationStore] HasCredentials()
[2025-05-23 10:20:07Z INFO ConfigurationStore] stored True
[2025-05-23 10:20:07Z INFO CredentialManager] GetCredentialProvider
[2025-05-23 10:20:07Z INFO CredentialManager] Creating type OAuth
[2025-05-23 10:20:07Z INFO CredentialManager] Creating credential type: OAuth
[2025-05-23 10:20:07Z INFO RSAEncryptedFileKeyManager] Loading RSA key parameters from file C:\Users\legen\OneDrive\Dokumenti\GitHub\GitHooks\actions-runner\.credentials_rsaparams
[2025-05-23 10:20:57Z INFO ConfigurationStore] HasCredentials()
[2025-05-23 10:20:57Z INFO ConfigurationStore] stored True
[2025-05-23 10:20:57Z INFO CredentialManager] GetCredentialProvider
[2025-05-23 10:20:57Z INFO CredentialManager] Creating type OAuth
[2025-05-23 10:20:57Z INFO CredentialManager] Creating credential type: OAuth
[2025-05-23 10:20:57Z INFO RSAEncryptedFileKeyManager] Loading RSA key parameters from file C:\Users\legen\OneDrive\Dokumenti\GitHub\GitHooks\actions-runner\.credentials_rsaparams
[2025-05-23 10:21:47Z INFO MessageListener] No message retrieved from session '2d8f211f-2be3-4e30-a56c-8ea2ed6a58d0' within last 30 minutes.
[2025-05-23 10:21:47Z INFO ConfigurationStore] HasCredentials()
[2025-05-23 10:21:47Z INFO ConfigurationStore] stored True
[2025-05-23 10:21:47Z INFO CredentialManager] GetCredentialProvider
[2025-05-23 10:21:47Z INFO CredentialManager] Creating type OAuth
[2025-05-23 10:21:47Z INFO CredentialManager] Creating credential type: OAuth
[2025-05-23 10:21:47Z INFO RSAEncryptedFileKeyManager] Loading RSA key parameters from file C:\Users\legen\OneDrive\Dokumenti\GitHub\GitHooks\actions-runner\.credentials_rsaparams
[2025-05-23 10:22:38Z INFO ConfigurationStore] HasCredentials()
[2025-05-23 10:22:38Z INFO ConfigurationStore] stored True
[2025-05-23 10:22:38Z INFO CredentialManager] GetCredentialProvider
[2025-05-23 10:22:38Z INFO CredentialManager] Creating type OAuth
[2025-05-23 10:22:38Z INFO CredentialManager] Creating credential type: OAuth
[2025-05-23 10:22:38Z INFO RSAEncryptedFileKeyManager] Loading RSA key parameters from file C:\Users\legen\OneDrive\Dokumenti\GitHub\GitHooks\actions-runner\.credentials_rsaparams
[2025-05-23 10:23:28Z INFO ConfigurationStore] HasCredentials()
[2025-05-23 10:23:28Z INFO ConfigurationStore] stored True
[2025-05-23 10:23:28Z INFO CredentialManager] GetCredentialProvider
[2025-05-23 10:23:28Z INFO CredentialManager] Creating type OAuth
[2025-05-23 10:23:28Z INFO CredentialManager] Creating credential type: OAuth
[2025-05-23 10:23:28Z INFO RSAEncryptedFileKeyManager] Loading RSA key parameters from file C:\Users\legen\OneDrive\Dokumenti\GitHub\GitHooks\actions-runner\.credentials_rsaparams
[2025-05-23 10:24:18Z INFO ConfigurationStore] HasCredentials()
[2025-05-23 10:24:18Z INFO ConfigurationStore] stored True
[2025-05-23 10:24:18Z INFO CredentialManager] GetCredentialProvider
[2025-05-23 10:24:18Z INFO CredentialManager] Creating type OAuth
[2025-05-23 10:24:18Z INFO CredentialManager] Creating credential type: OAuth
[2025-05-23 10:24:18Z INFO RSAEncryptedFileKeyManager] Loading RSA key parameters from file C:\Users\legen\OneDrive\Dokumenti\GitHub\GitHooks\actions-runner\.credentials_rsaparams
[2025-05-23 10:25:09Z INFO ConfigurationStore] HasCredentials()
[2025-05-23 10:25:09Z INFO ConfigurationStore] stored True
[2025-05-23 10:25:09Z INFO CredentialManager] GetCredentialProvider
[2025-05-23 10:25:09Z INFO CredentialManager] Creating type OAuth
[2025-05-23 10:25:09Z INFO CredentialManager] Creating credential type: OAuth
[2025-05-23 10:25:09Z INFO RSAEncryptedFileKeyManager] Loading RSA key parameters from file C:\Users\legen\OneDrive\Dokumenti\GitHub\GitHooks\actions-runner\.credentials_rsaparams
[2025-05-23 10:25:59Z INFO ConfigurationStore] HasCredentials()
[2025-05-23 10:25:59Z INFO ConfigurationStore] stored True
[2025-05-23 10:25:59Z INFO CredentialManager] GetCredentialProvider
[2025-05-23 10:25:59Z INFO CredentialManager] Creating type OAuth
[2025-05-23 10:25:59Z INFO CredentialManager] Creating credential type: OAuth
[2025-05-23 10:25:59Z INFO RSAEncryptedFileKeyManager] Loading RSA key parameters from file C:\Users\legen\OneDrive\Dokumenti\GitHub\GitHooks\actions-runner\.credentials_rsaparams
[2025-05-23 10:26:49Z INFO ConfigurationStore] HasCredentials()
[2025-05-23 10:26:49Z INFO ConfigurationStore] stored True
[2025-05-23 10:26:49Z INFO CredentialManager] GetCredentialProvider
[2025-05-23 10:26:49Z INFO CredentialManager] Creating type OAuth
[2025-05-23 10:26:49Z INFO CredentialManager] Creating credential type: OAuth
[2025-05-23 10:26:49Z INFO RSAEncryptedFileKeyManager] Loading RSA key parameters from file C:\Users\legen\OneDrive\Dokumenti\GitHub\GitHooks\actions-runner\.credentials_rsaparams
[2025-05-23 10:27:40Z INFO ConfigurationStore] HasCredentials()
[2025-05-23 10:27:40Z INFO ConfigurationStore] stored True
[2025-05-23 10:27:40Z INFO CredentialManager] GetCredentialProvider
[2025-05-23 10:27:40Z INFO CredentialManager] Creating type OAuth
[2025-05-23 10:27:40Z INFO CredentialManager] Creating credential type: OAuth
[2025-05-23 10:27:40Z INFO RSAEncryptedFileKeyManager] Loading RSA key parameters from file C:\Users\legen\OneDrive\Dokumenti\GitHub\GitHooks\actions-runner\.credentials_rsaparams
[2025-05-23 10:28:30Z INFO ConfigurationStore] HasCredentials()
[2025-05-23 10:28:30Z INFO ConfigurationStore] stored True
[2025-05-23 10:28:30Z INFO CredentialManager] GetCredentialProvider
[2025-05-23 10:28:30Z INFO CredentialManager] Creating type OAuth
[2025-05-23 10:28:30Z INFO CredentialManager] Creating credential type: OAuth
[2025-05-23 10:28:30Z INFO RSAEncryptedFileKeyManager] Loading RSA key parameters from file C:\Users\legen\OneDrive\Dokumenti\GitHub\GitHooks\actions-runner\.credentials_rsaparams
[2025-05-23 10:29:20Z INFO ConfigurationStore] HasCredentials()
[2025-05-23 10:29:20Z INFO ConfigurationStore] stored True
[2025-05-23 10:29:20Z INFO CredentialManager] GetCredentialProvider
[2025-05-23 10:29:20Z INFO CredentialManager] Creating type OAuth
[2025-05-23 10:29:20Z INFO CredentialManager] Creating credential type: OAuth
[2025-05-23 10:29:20Z INFO RSAEncryptedFileKeyManager] Loading RSA key parameters from file C:\Users\legen\OneDrive\Dokumenti\GitHub\GitHooks\actions-runner\.credentials_rsaparams
[2025-05-23 10:30:11Z INFO ConfigurationStore] HasCredentials()
[2025-05-23 10:30:11Z INFO ConfigurationStore] stored True
[2025-05-23 10:30:11Z INFO CredentialManager] GetCredentialProvider
[2025-05-23 10:30:11Z INFO CredentialManager] Creating type OAuth
[2025-05-23 10:30:11Z INFO CredentialManager] Creating credential type: OAuth
[2025-05-23 10:30:11Z INFO RSAEncryptedFileKeyManager] Loading RSA key parameters from file C:\Users\legen\OneDrive\Dokumenti\GitHub\GitHooks\actions-runner\.credentials_rsaparams
[2025-05-23 10:31:01Z INFO ConfigurationStore] HasCredentials()
[2025-05-23 10:31:01Z INFO ConfigurationStore] stored True
[2025-05-23 10:31:01Z INFO CredentialManager] GetCredentialProvider
[2025-05-23 10:31:01Z INFO CredentialManager] Creating type OAuth
[2025-05-23 10:31:01Z INFO CredentialManager] Creating credential type: OAuth
[2025-05-23 10:31:01Z INFO RSAEncryptedFileKeyManager] Loading RSA key parameters from file C:\Users\legen\OneDrive\Dokumenti\GitHub\GitHooks\actions-runner\.credentials_rsaparams
[2025-05-23 10:31:51Z INFO ConfigurationStore] HasCredentials()
[2025-05-23 10:31:51Z INFO ConfigurationStore] stored True
[2025-05-23 10:31:51Z INFO CredentialManager] GetCredentialProvider
[2025-05-23 10:31:51Z INFO CredentialManager] Creating type OAuth
[2025-05-23 10:31:51Z INFO CredentialManager] Creating credential type: OAuth
[2025-05-23 10:31:51Z INFO RSAEncryptedFileKeyManager] Loading RSA key parameters from file C:\Users\legen\OneDrive\Dokumenti\GitHub\GitHooks\actions-runner\.credentials_rsaparams
[2025-05-23 10:32:42Z INFO ConfigurationStore] HasCredentials()
[2025-05-23 10:32:42Z INFO ConfigurationStore] stored True
[2025-05-23 10:32:42Z INFO CredentialManager] GetCredentialProvider
[2025-05-23 10:32:42Z INFO CredentialManager] Creating type OAuth
[2025-05-23 10:32:42Z INFO CredentialManager] Creating credential type: OAuth
[2025-05-23 10:32:42Z INFO RSAEncryptedFileKeyManager] Loading RSA key parameters from file C:\Users\legen\OneDrive\Dokumenti\GitHub\GitHooks\actions-runner\.credentials_rsaparams
[2025-05-23 10:33:32Z INFO ConfigurationStore] HasCredentials()
[2025-05-23 10:33:32Z INFO ConfigurationStore] stored True
[2025-05-23 10:33:32Z INFO CredentialManager] GetCredentialProvider
[2025-05-23 10:33:32Z INFO CredentialManager] Creating type OAuth
[2025-05-23 10:33:32Z INFO CredentialManager] Creating credential type: OAuth
[2025-05-23 10:33:32Z INFO RSAEncryptedFileKeyManager] Loading RSA key parameters from file C:\Users\legen\OneDrive\Dokumenti\GitHub\GitHooks\actions-runner\.credentials_rsaparams
[2025-05-23 10:34:22Z INFO ConfigurationStore] HasCredentials()
[2025-05-23 10:34:22Z INFO ConfigurationStore] stored True
[2025-05-23 10:34:22Z INFO CredentialManager] GetCredentialProvider
[2025-05-23 10:34:22Z INFO CredentialManager] Creating type OAuth
[2025-05-23 10:34:22Z INFO CredentialManager] Creating credential type: OAuth
[2025-05-23 10:34:22Z INFO RSAEncryptedFileKeyManager] Loading RSA key parameters from file C:\Users\legen\OneDrive\Dokumenti\GitHub\GitHooks\actions-runner\.credentials_rsaparams
[2025-05-23 10:35:13Z INFO ConfigurationStore] HasCredentials()
[2025-05-23 10:35:13Z INFO ConfigurationStore] stored True
[2025-05-23 10:35:13Z INFO CredentialManager] GetCredentialProvider
[2025-05-23 10:35:13Z INFO CredentialManager] Creating type OAuth
[2025-05-23 10:35:13Z INFO CredentialManager] Creating credential type: OAuth
[2025-05-23 10:35:13Z INFO RSAEncryptedFileKeyManager] Loading RSA key parameters from file C:\Users\legen\OneDrive\Dokumenti\GitHub\GitHooks\actions-runner\.credentials_rsaparams
[2025-05-23 10:36:03Z INFO ConfigurationStore] HasCredentials()
[2025-05-23 10:36:03Z INFO ConfigurationStore] stored True
[2025-05-23 10:36:03Z INFO CredentialManager] GetCredentialProvider
[2025-05-23 10:36:03Z INFO CredentialManager] Creating type OAuth
[2025-05-23 10:36:03Z INFO CredentialManager] Creating credential type: OAuth
[2025-05-23 10:36:03Z INFO RSAEncryptedFileKeyManager] Loading RSA key parameters from file C:\Users\legen\OneDrive\Dokumenti\GitHub\GitHooks\actions-runner\.credentials_rsaparams
[2025-05-23 10:36:53Z INFO ConfigurationStore] HasCredentials()
[2025-05-23 10:36:53Z INFO ConfigurationStore] stored True
[2025-05-23 10:36:53Z INFO CredentialManager] GetCredentialProvider
[2025-05-23 10:36:53Z INFO CredentialManager] Creating type OAuth
[2025-05-23 10:36:53Z INFO CredentialManager] Creating credential type: OAuth
[2025-05-23 10:36:53Z INFO RSAEncryptedFileKeyManager] Loading RSA key parameters from file C:\Users\legen\OneDrive\Dokumenti\GitHub\GitHooks\actions-runner\.credentials_rsaparams
[2025-05-23 10:37:44Z INFO ConfigurationStore] HasCredentials()
[2025-05-23 10:37:44Z INFO ConfigurationStore] stored True
[2025-05-23 10:37:44Z INFO CredentialManager] GetCredentialProvider
[2025-05-23 10:37:44Z INFO CredentialManager] Creating type OAuth
[2025-05-23 10:37:44Z INFO CredentialManager] Creating credential type: OAuth
[2025-05-23 10:37:44Z INFO RSAEncryptedFileKeyManager] Loading RSA key parameters from file C:\Users\legen\OneDrive\Dokumenti\GitHub\GitHooks\actions-runner\.credentials_rsaparams
[2025-05-23 10:38:34Z INFO ConfigurationStore] HasCredentials()
[2025-05-23 10:38:34Z INFO ConfigurationStore] stored True
[2025-05-23 10:38:34Z INFO CredentialManager] GetCredentialProvider
[2025-05-23 10:38:34Z INFO CredentialManager] Creating type OAuth
[2025-05-23 10:38:34Z INFO CredentialManager] Creating credential type: OAuth
[2025-05-23 10:38:34Z INFO RSAEncryptedFileKeyManager] Loading RSA key parameters from file C:\Users\legen\OneDrive\Dokumenti\GitHub\GitHooks\actions-runner\.credentials_rsaparams
[2025-05-23 10:39:24Z INFO ConfigurationStore] HasCredentials()
[2025-05-23 10:39:24Z INFO ConfigurationStore] stored True
[2025-05-23 10:39:24Z INFO CredentialManager] GetCredentialProvider
[2025-05-23 10:39:24Z INFO CredentialManager] Creating type OAuth
[2025-05-23 10:39:24Z INFO CredentialManager] Creating credential type: OAuth
[2025-05-23 10:39:24Z INFO RSAEncryptedFileKeyManager] Loading RSA key parameters from file C:\Users\legen\OneDrive\Dokumenti\GitHub\GitHooks\actions-runner\.credentials_rsaparams
[2025-05-23 10:40:14Z INFO ConfigurationStore] HasCredentials()
[2025-05-23 10:40:14Z INFO ConfigurationStore] stored True
[2025-05-23 10:40:14Z INFO CredentialManager] GetCredentialProvider
[2025-05-23 10:40:14Z INFO CredentialManager] Creating type OAuth
[2025-05-23 10:40:14Z INFO CredentialManager] Creating credential type: OAuth
[2025-05-23 10:40:14Z INFO RSAEncryptedFileKeyManager] Loading RSA key parameters from file C:\Users\legen\OneDrive\Dokumenti\GitHub\GitHooks\actions-runner\.credentials_rsaparams
[2025-05-23 10:41:05Z INFO ConfigurationStore] HasCredentials()
[2025-05-23 10:41:05Z INFO ConfigurationStore] stored True
[2025-05-23 10:41:05Z INFO CredentialManager] GetCredentialProvider
[2025-05-23 10:41:05Z INFO CredentialManager] Creating type OAuth
[2025-05-23 10:41:05Z INFO CredentialManager] Creating credential type: OAuth
[2025-05-23 10:41:05Z INFO RSAEncryptedFileKeyManager] Loading RSA key parameters from file C:\Users\legen\OneDrive\Dokumenti\GitHub\GitHooks\actions-runner\.credentials_rsaparams
[2025-05-23 10:41:05Z INFO RSAEncryptedFileKeyManager] Loading RSA key parameters from file C:\Users\legen\OneDrive\Dokumenti\GitHub\GitHooks\actions-runner\.credentials_rsaparams
[2025-05-23 10:41:06Z INFO GitHubActionsService] AAD Correlation ID for this token request: Unknown
[2025-05-23 10:41:56Z INFO ConfigurationStore] HasCredentials()
[2025-05-23 10:41:56Z INFO ConfigurationStore] stored True
[2025-05-23 10:41:56Z INFO CredentialManager] GetCredentialProvider
[2025-05-23 10:41:56Z INFO CredentialManager] Creating type OAuth
[2025-05-23 10:41:56Z INFO CredentialManager] Creating credential type: OAuth
[2025-05-23 10:41:56Z INFO RSAEncryptedFileKeyManager] Loading RSA key parameters from file C:\Users\legen\OneDrive\Dokumenti\GitHub\GitHooks\actions-runner\.credentials_rsaparams
[2025-05-23 10:42:46Z INFO ConfigurationStore] HasCredentials()
[2025-05-23 10:42:46Z INFO ConfigurationStore] stored True
[2025-05-23 10:42:46Z INFO CredentialManager] GetCredentialProvider
[2025-05-23 10:42:46Z INFO CredentialManager] Creating type OAuth
[2025-05-23 10:42:46Z INFO CredentialManager] Creating credential type: OAuth
[2025-05-23 10:42:46Z INFO RSAEncryptedFileKeyManager] Loading RSA key parameters from file C:\Users\legen\OneDrive\Dokumenti\GitHub\GitHooks\actions-runner\.credentials_rsaparams
[2025-05-23 10:43:37Z INFO ConfigurationStore] HasCredentials()
[2025-05-23 10:43:37Z INFO ConfigurationStore] stored True
[2025-05-23 10:43:37Z INFO CredentialManager] GetCredentialProvider
[2025-05-23 10:43:37Z INFO CredentialManager] Creating type OAuth
[2025-05-23 10:43:37Z INFO CredentialManager] Creating credential type: OAuth
[2025-05-23 10:43:37Z INFO RSAEncryptedFileKeyManager] Loading RSA key parameters from file C:\Users\legen\OneDrive\Dokumenti\GitHub\GitHooks\actions-runner\.credentials_rsaparams
[2025-05-23 10:44:27Z INFO ConfigurationStore] HasCredentials()
[2025-05-23 10:44:27Z INFO ConfigurationStore] stored True
[2025-05-23 10:44:27Z INFO CredentialManager] GetCredentialProvider
[2025-05-23 10:44:27Z INFO CredentialManager] Creating type OAuth
[2025-05-23 10:44:27Z INFO CredentialManager] Creating credential type: OAuth
[2025-05-23 10:44:27Z INFO RSAEncryptedFileKeyManager] Loading RSA key parameters from file C:\Users\legen\OneDrive\Dokumenti\GitHub\GitHooks\actions-runner\.credentials_rsaparams
[2025-05-23 10:45:17Z INFO ConfigurationStore] HasCredentials()
[2025-05-23 10:45:17Z INFO ConfigurationStore] stored True
[2025-05-23 10:45:17Z INFO CredentialManager] GetCredentialProvider
[2025-05-23 10:45:17Z INFO CredentialManager] Creating type OAuth
[2025-05-23 10:45:17Z INFO CredentialManager] Creating credential type: OAuth
[2025-05-23 10:45:17Z INFO RSAEncryptedFileKeyManager] Loading RSA key parameters from file C:\Users\legen\OneDrive\Dokumenti\GitHub\GitHooks\actions-runner\.credentials_rsaparams
[2025-05-23 10:46:08Z INFO ConfigurationStore] HasCredentials()
[2025-05-23 10:46:08Z INFO ConfigurationStore] stored True
[2025-05-23 10:46:08Z INFO CredentialManager] GetCredentialProvider
[2025-05-23 10:46:08Z INFO CredentialManager] Creating type OAuth
[2025-05-23 10:46:08Z INFO CredentialManager] Creating credential type: OAuth
[2025-05-23 10:46:08Z INFO RSAEncryptedFileKeyManager] Loading RSA key parameters from file C:\Users\legen\OneDrive\Dokumenti\GitHub\GitHooks\actions-runner\.credentials_rsaparams
[2025-05-23 10:46:58Z INFO RSAEncryptedFileKeyManager] Loading RSA key parameters from file C:\Users\legen\OneDrive\Dokumenti\GitHub\GitHooks\actions-runner\.credentials_rsaparams
[2025-05-23 10:46:58Z INFO GitHubActionsService] AAD Correlation ID for this token request: Unknown
[2025-05-23 10:46:59Z INFO ConfigurationStore] HasCredentials()
[2025-05-23 10:46:59Z INFO ConfigurationStore] stored True
[2025-05-23 10:46:59Z INFO CredentialManager] GetCredentialProvider
[2025-05-23 10:46:59Z INFO CredentialManager] Creating type OAuth
[2025-05-23 10:46:59Z INFO CredentialManager] Creating credential type: OAuth
[2025-05-23 10:46:59Z INFO RSAEncryptedFileKeyManager] Loading RSA key parameters from file C:\Users\legen\OneDrive\Dokumenti\GitHub\GitHooks\actions-runner\.credentials_rsaparams
[2025-05-23 10:47:49Z INFO ConfigurationStore] HasCredentials()
[2025-05-23 10:47:49Z INFO ConfigurationStore] stored True
[2025-05-23 10:47:49Z INFO CredentialManager] GetCredentialProvider
[2025-05-23 10:47:49Z INFO CredentialManager] Creating type OAuth
[2025-05-23 10:47:49Z INFO CredentialManager] Creating credential type: OAuth
[2025-05-23 10:47:49Z INFO RSAEncryptedFileKeyManager] Loading RSA key parameters from file C:\Users\legen\OneDrive\Dokumenti\GitHub\GitHooks\actions-runner\.credentials_rsaparams
[2025-05-23 10:48:39Z INFO ConfigurationStore] HasCredentials()
[2025-05-23 10:48:39Z INFO ConfigurationStore] stored True
[2025-05-23 10:48:39Z INFO CredentialManager] GetCredentialProvider
[2025-05-23 10:48:39Z INFO CredentialManager] Creating type OAuth
[2025-05-23 10:48:39Z INFO CredentialManager] Creating credential type: OAuth
[2025-05-23 10:48:39Z INFO RSAEncryptedFileKeyManager] Loading RSA key parameters from file C:\Users\legen\OneDrive\Dokumenti\GitHub\GitHooks\actions-runner\.credentials_rsaparams
[2025-05-23 10:49:30Z INFO ConfigurationStore] HasCredentials()
[2025-05-23 10:49:30Z INFO ConfigurationStore] stored True
[2025-05-23 10:49:30Z INFO CredentialManager] GetCredentialProvider
[2025-05-23 10:49:30Z INFO CredentialManager] Creating type OAuth
[2025-05-23 10:49:30Z INFO CredentialManager] Creating credential type: OAuth
[2025-05-23 10:49:30Z INFO RSAEncryptedFileKeyManager] Loading RSA key parameters from file C:\Users\legen\OneDrive\Dokumenti\GitHub\GitHooks\actions-runner\.credentials_rsaparams
[2025-05-23 10:50:20Z INFO ConfigurationStore] HasCredentials()
[2025-05-23 10:50:20Z INFO ConfigurationStore] stored True
[2025-05-23 10:50:20Z INFO CredentialManager] GetCredentialProvider
[2025-05-23 10:50:20Z INFO CredentialManager] Creating type OAuth
[2025-05-23 10:50:20Z INFO CredentialManager] Creating credential type: OAuth
[2025-05-23 10:50:20Z INFO RSAEncryptedFileKeyManager] Loading RSA key parameters from file C:\Users\legen\OneDrive\Dokumenti\GitHub\GitHooks\actions-runner\.credentials_rsaparams
[2025-05-23 10:51:10Z INFO ConfigurationStore] HasCredentials()
[2025-05-23 10:51:10Z INFO ConfigurationStore] stored True
[2025-05-23 10:51:10Z INFO CredentialManager] GetCredentialProvider
[2025-05-23 10:51:10Z INFO CredentialManager] Creating type OAuth
[2025-05-23 10:51:10Z INFO CredentialManager] Creating credential type: OAuth
[2025-05-23 10:51:10Z INFO RSAEncryptedFileKeyManager] Loading RSA key parameters from file C:\Users\legen\OneDrive\Dokumenti\GitHub\GitHooks\actions-runner\.credentials_rsaparams
[2025-05-23 10:52:00Z INFO MessageListener] No message retrieved from session '2d8f211f-2be3-4e30-a56c-8ea2ed6a58d0' within last 30 minutes.
[2025-05-23 10:52:01Z INFO ConfigurationStore] HasCredentials()
[2025-05-23 10:52:01Z INFO ConfigurationStore] stored True
[2025-05-23 10:52:01Z INFO CredentialManager] GetCredentialProvider
[2025-05-23 10:52:01Z INFO CredentialManager] Creating type OAuth
[2025-05-23 10:52:01Z INFO CredentialManager] Creating credential type: OAuth
[2025-05-23 10:52:01Z INFO RSAEncryptedFileKeyManager] Loading RSA key parameters from file C:\Users\legen\OneDrive\Dokumenti\GitHub\GitHooks\actions-runner\.credentials_rsaparams
[2025-05-23 10:52:51Z INFO ConfigurationStore] HasCredentials()
[2025-05-23 10:52:51Z INFO ConfigurationStore] stored True
[2025-05-23 10:52:51Z INFO CredentialManager] GetCredentialProvider
[2025-05-23 10:52:51Z INFO CredentialManager] Creating type OAuth
[2025-05-23 10:52:51Z INFO CredentialManager] Creating credential type: OAuth
[2025-05-23 10:52:51Z INFO RSAEncryptedFileKeyManager] Loading RSA key parameters from file C:\Users\legen\OneDrive\Dokumenti\GitHub\GitHooks\actions-runner\.credentials_rsaparams
[2025-05-23 10:53:41Z INFO ConfigurationStore] HasCredentials()
[2025-05-23 10:53:41Z INFO ConfigurationStore] stored True
[2025-05-23 10:53:41Z INFO CredentialManager] GetCredentialProvider
[2025-05-23 10:53:41Z INFO CredentialManager] Creating type OAuth
[2025-05-23 10:53:41Z INFO CredentialManager] Creating credential type: OAuth
[2025-05-23 10:53:41Z INFO RSAEncryptedFileKeyManager] Loading RSA key parameters from file C:\Users\legen\OneDrive\Dokumenti\GitHub\GitHooks\actions-runner\.credentials_rsaparams
[2025-05-23 10:54:32Z INFO ConfigurationStore] HasCredentials()
[2025-05-23 10:54:32Z INFO ConfigurationStore] stored True
[2025-05-23 10:54:32Z INFO CredentialManager] GetCredentialProvider
[2025-05-23 10:54:32Z INFO CredentialManager] Creating type OAuth
[2025-05-23 10:54:32Z INFO CredentialManager] Creating credential type: OAuth
[2025-05-23 10:54:32Z INFO RSAEncryptedFileKeyManager] Loading RSA key parameters from file C:\Users\legen\OneDrive\Dokumenti\GitHub\GitHooks\actions-runner\.credentials_rsaparams
[2025-05-23 10:55:22Z INFO ConfigurationStore] HasCredentials()
[2025-05-23 10:55:22Z INFO ConfigurationStore] stored True
[2025-05-23 10:55:22Z INFO CredentialManager] GetCredentialProvider
[2025-05-23 10:55:22Z INFO CredentialManager] Creating type OAuth
[2025-05-23 10:55:22Z INFO CredentialManager] Creating credential type: OAuth
[2025-05-23 10:55:22Z INFO RSAEncryptedFileKeyManager] Loading RSA key parameters from file C:\Users\legen\OneDrive\Dokumenti\GitHub\GitHooks\actions-runner\.credentials_rsaparams
[2025-05-23 10:56:12Z INFO ConfigurationStore] HasCredentials()
[2025-05-23 10:56:12Z INFO ConfigurationStore] stored True
[2025-05-23 10:56:12Z INFO CredentialManager] GetCredentialProvider
[2025-05-23 10:56:12Z INFO CredentialManager] Creating type OAuth
[2025-05-23 10:56:12Z INFO CredentialManager] Creating credential type: OAuth
[2025-05-23 10:56:12Z INFO RSAEncryptedFileKeyManager] Loading RSA key parameters from file C:\Users\legen\OneDrive\Dokumenti\GitHub\GitHooks\actions-runner\.credentials_rsaparams
[2025-05-23 10:57:03Z INFO ConfigurationStore] HasCredentials()
[2025-05-23 10:57:03Z INFO ConfigurationStore] stored True
[2025-05-23 10:57:03Z INFO CredentialManager] GetCredentialProvider
[2025-05-23 10:57:03Z INFO CredentialManager] Creating type OAuth
[2025-05-23 10:57:03Z INFO CredentialManager] Creating credential type: OAuth
[2025-05-23 10:57:03Z INFO RSAEncryptedFileKeyManager] Loading RSA key parameters from file C:\Users\legen\OneDrive\Dokumenti\GitHub\GitHooks\actions-runner\.credentials_rsaparams
[2025-05-23 10:57:53Z INFO ConfigurationStore] HasCredentials()
[2025-05-23 10:57:53Z INFO ConfigurationStore] stored True
[2025-05-23 10:57:53Z INFO CredentialManager] GetCredentialProvider
[2025-05-23 10:57:53Z INFO CredentialManager] Creating type OAuth
[2025-05-23 10:57:53Z INFO CredentialManager] Creating credential type: OAuth
[2025-05-23 10:57:53Z INFO RSAEncryptedFileKeyManager] Loading RSA key parameters from file C:\Users\legen\OneDrive\Dokumenti\GitHub\GitHooks\actions-runner\.credentials_rsaparams
[2025-05-23 10:58:43Z INFO ConfigurationStore] HasCredentials()
[2025-05-23 10:58:43Z INFO ConfigurationStore] stored True
[2025-05-23 10:58:43Z INFO CredentialManager] GetCredentialProvider
[2025-05-23 10:58:43Z INFO CredentialManager] Creating type OAuth
[2025-05-23 10:58:43Z INFO CredentialManager] Creating credential type: OAuth
[2025-05-23 10:58:43Z INFO RSAEncryptedFileKeyManager] Loading RSA key parameters from file C:\Users\legen\OneDrive\Dokumenti\GitHub\GitHooks\actions-runner\.credentials_rsaparams
[2025-05-23 10:59:33Z INFO ConfigurationStore] HasCredentials()
[2025-05-23 10:59:33Z INFO ConfigurationStore] stored True
[2025-05-23 10:59:33Z INFO CredentialManager] GetCredentialProvider
[2025-05-23 10:59:33Z INFO CredentialManager] Creating type OAuth
[2025-05-23 10:59:33Z INFO CredentialManager] Creating credential type: OAuth
[2025-05-23 10:59:33Z INFO RSAEncryptedFileKeyManager] Loading RSA key parameters from file C:\Users\legen\OneDrive\Dokumenti\GitHub\GitHooks\actions-runner\.credentials_rsaparams
[2025-05-23 11:00:24Z INFO ConfigurationStore] HasCredentials()
[2025-05-23 11:00:24Z INFO ConfigurationStore] stored True
[2025-05-23 11:00:24Z INFO CredentialManager] GetCredentialProvider
[2025-05-23 11:00:24Z INFO CredentialManager] Creating type OAuth
[2025-05-23 11:00:24Z INFO CredentialManager] Creating credential type: OAuth
[2025-05-23 11:00:24Z INFO RSAEncryptedFileKeyManager] Loading RSA key parameters from file C:\Users\legen\OneDrive\Dokumenti\GitHub\GitHooks\actions-runner\.credentials_rsaparams
[2025-05-23 11:01:14Z INFO ConfigurationStore] HasCredentials()
[2025-05-23 11:01:14Z INFO ConfigurationStore] stored True
[2025-05-23 11:01:14Z INFO CredentialManager] GetCredentialProvider
[2025-05-23 11:01:14Z INFO CredentialManager] Creating type OAuth
[2025-05-23 11:01:14Z INFO CredentialManager] Creating credential type: OAuth
[2025-05-23 11:01:14Z INFO RSAEncryptedFileKeyManager] Loading RSA key parameters from file C:\Users\legen\OneDrive\Dokumenti\GitHub\GitHooks\actions-runner\.credentials_rsaparams
[2025-05-23 11:02:04Z INFO ConfigurationStore] HasCredentials()
[2025-05-23 11:02:04Z INFO ConfigurationStore] stored True
[2025-05-23 11:02:04Z INFO CredentialManager] GetCredentialProvider
[2025-05-23 11:02:04Z INFO CredentialManager] Creating type OAuth
[2025-05-23 11:02:04Z INFO CredentialManager] Creating credential type: OAuth
[2025-05-23 11:02:04Z INFO RSAEncryptedFileKeyManager] Loading RSA key parameters from file C:\Users\legen\OneDrive\Dokumenti\GitHub\GitHooks\actions-runner\.credentials_rsaparams
[2025-05-23 11:02:55Z INFO ConfigurationStore] HasCredentials()
[2025-05-23 11:02:55Z INFO ConfigurationStore] stored True
[2025-05-23 11:02:55Z INFO CredentialManager] GetCredentialProvider
[2025-05-23 11:02:55Z INFO CredentialManager] Creating type OAuth
[2025-05-23 11:02:55Z INFO CredentialManager] Creating credential type: OAuth
[2025-05-23 11:02:55Z INFO RSAEncryptedFileKeyManager] Loading RSA key parameters from file C:\Users\legen\OneDrive\Dokumenti\GitHub\GitHooks\actions-runner\.credentials_rsaparams
[2025-05-23 11:03:45Z INFO ConfigurationStore] HasCredentials()
[2025-05-23 11:03:45Z INFO ConfigurationStore] stored True
[2025-05-23 11:03:45Z INFO CredentialManager] GetCredentialProvider
[2025-05-23 11:03:45Z INFO CredentialManager] Creating type OAuth
[2025-05-23 11:03:45Z INFO CredentialManager] Creating credential type: OAuth
[2025-05-23 11:03:45Z INFO RSAEncryptedFileKeyManager] Loading RSA key parameters from file C:\Users\legen\OneDrive\Dokumenti\GitHub\GitHooks\actions-runner\.credentials_rsaparams
[2025-05-23 11:04:35Z INFO ConfigurationStore] HasCredentials()
[2025-05-23 11:04:35Z INFO ConfigurationStore] stored True
[2025-05-23 11:04:35Z INFO CredentialManager] GetCredentialProvider
[2025-05-23 11:04:35Z INFO CredentialManager] Creating type OAuth
[2025-05-23 11:04:35Z INFO CredentialManager] Creating credential type: OAuth
[2025-05-23 11:04:35Z INFO RSAEncryptedFileKeyManager] Loading RSA key parameters from file C:\Users\legen\OneDrive\Dokumenti\GitHub\GitHooks\actions-runner\.credentials_rsaparams
[2025-05-23 11:05:26Z INFO ConfigurationStore] HasCredentials()
[2025-05-23 11:05:26Z INFO ConfigurationStore] stored True
[2025-05-23 11:05:26Z INFO CredentialManager] GetCredentialProvider
[2025-05-23 11:05:26Z INFO CredentialManager] Creating type OAuth
[2025-05-23 11:05:26Z INFO CredentialManager] Creating credential type: OAuth
[2025-05-23 11:05:26Z INFO RSAEncryptedFileKeyManager] Loading RSA key parameters from file C:\Users\legen\OneDrive\Dokumenti\GitHub\GitHooks\actions-runner\.credentials_rsaparams
[2025-05-23 11:06:16Z INFO ConfigurationStore] HasCredentials()
[2025-05-23 11:06:16Z INFO ConfigurationStore] stored True
[2025-05-23 11:06:16Z INFO CredentialManager] GetCredentialProvider
[2025-05-23 11:06:16Z INFO CredentialManager] Creating type OAuth
[2025-05-23 11:06:16Z INFO CredentialManager] Creating credential type: OAuth
[2025-05-23 11:06:16Z INFO RSAEncryptedFileKeyManager] Loading RSA key parameters from file C:\Users\legen\OneDrive\Dokumenti\GitHub\GitHooks\actions-runner\.credentials_rsaparams
[2025-05-23 11:07:06Z INFO ConfigurationStore] HasCredentials()
[2025-05-23 11:07:06Z INFO ConfigurationStore] stored True
[2025-05-23 11:07:06Z INFO CredentialManager] GetCredentialProvider
[2025-05-23 11:07:06Z INFO CredentialManager] Creating type OAuth
[2025-05-23 11:07:06Z INFO CredentialManager] Creating credential type: OAuth
[2025-05-23 11:07:06Z INFO RSAEncryptedFileKeyManager] Loading RSA key parameters from file C:\Users\legen\OneDrive\Dokumenti\GitHub\GitHooks\actions-runner\.credentials_rsaparams
[2025-05-23 11:07:57Z INFO ConfigurationStore] HasCredentials()
[2025-05-23 11:07:57Z INFO ConfigurationStore] stored True
[2025-05-23 11:07:57Z INFO CredentialManager] GetCredentialProvider
[2025-05-23 11:07:57Z INFO CredentialManager] Creating type OAuth
[2025-05-23 11:07:57Z INFO CredentialManager] Creating credential type: OAuth
[2025-05-23 11:07:57Z INFO RSAEncryptedFileKeyManager] Loading RSA key parameters from file C:\Users\legen\OneDrive\Dokumenti\GitHub\GitHooks\actions-runner\.credentials_rsaparams
[2025-05-23 11:08:47Z INFO ConfigurationStore] HasCredentials()
[2025-05-23 11:08:47Z INFO ConfigurationStore] stored True
[2025-05-23 11:08:47Z INFO CredentialManager] GetCredentialProvider
[2025-05-23 11:08:47Z INFO CredentialManager] Creating type OAuth
[2025-05-23 11:08:47Z INFO CredentialManager] Creating credential type: OAuth
[2025-05-23 11:08:47Z INFO RSAEncryptedFileKeyManager] Loading RSA key parameters from file C:\Users\legen\OneDrive\Dokumenti\GitHub\GitHooks\actions-runner\.credentials_rsaparams
[2025-05-23 11:09:37Z INFO ConfigurationStore] HasCredentials()
[2025-05-23 11:09:37Z INFO ConfigurationStore] stored True
[2025-05-23 11:09:37Z INFO CredentialManager] GetCredentialProvider
[2025-05-23 11:09:37Z INFO CredentialManager] Creating type OAuth
[2025-05-23 11:09:37Z INFO CredentialManager] Creating credential type: OAuth
[2025-05-23 11:09:37Z INFO RSAEncryptedFileKeyManager] Loading RSA key parameters from file C:\Users\legen\OneDrive\Dokumenti\GitHub\GitHooks\actions-runner\.credentials_rsaparams
[2025-05-23 11:10:28Z INFO ConfigurationStore] HasCredentials()
[2025-05-23 11:10:28Z INFO ConfigurationStore] stored True
[2025-05-23 11:10:28Z INFO CredentialManager] GetCredentialProvider
[2025-05-23 11:10:28Z INFO CredentialManager] Creating type OAuth
[2025-05-23 11:10:28Z INFO CredentialManager] Creating credential type: OAuth
[2025-05-23 11:10:28Z INFO RSAEncryptedFileKeyManager] Loading RSA key parameters from file C:\Users\legen\OneDrive\Dokumenti\GitHub\GitHooks\actions-runner\.credentials_rsaparams
[2025-05-23 11:11:18Z INFO ConfigurationStore] HasCredentials()
[2025-05-23 11:11:18Z INFO ConfigurationStore] stored True
[2025-05-23 11:11:18Z INFO CredentialManager] GetCredentialProvider
[2025-05-23 11:11:18Z INFO CredentialManager] Creating type OAuth
[2025-05-23 11:11:18Z INFO CredentialManager] Creating credential type: OAuth
[2025-05-23 11:11:18Z INFO RSAEncryptedFileKeyManager] Loading RSA key parameters from file C:\Users\legen\OneDrive\Dokumenti\GitHub\GitHooks\actions-runner\.credentials_rsaparams
[2025-05-23 11:12:08Z INFO ConfigurationStore] HasCredentials()
[2025-05-23 11:12:08Z INFO ConfigurationStore] stored True
[2025-05-23 11:12:08Z INFO CredentialManager] GetCredentialProvider
[2025-05-23 11:12:08Z INFO CredentialManager] Creating type OAuth
[2025-05-23 11:12:08Z INFO CredentialManager] Creating credential type: OAuth
[2025-05-23 11:12:08Z INFO RSAEncryptedFileKeyManager] Loading RSA key parameters from file C:\Users\legen\OneDrive\Dokumenti\GitHub\GitHooks\actions-runner\.credentials_rsaparams
[2025-05-23 11:12:59Z INFO ConfigurationStore] HasCredentials()
[2025-05-23 11:12:59Z INFO ConfigurationStore] stored True
[2025-05-23 11:12:59Z INFO CredentialManager] GetCredentialProvider
[2025-05-23 11:12:59Z INFO CredentialManager] Creating type OAuth
[2025-05-23 11:12:59Z INFO CredentialManager] Creating credential type: OAuth
[2025-05-23 11:12:59Z INFO RSAEncryptedFileKeyManager] Loading RSA key parameters from file C:\Users\legen\OneDrive\Dokumenti\GitHub\GitHooks\actions-runner\.credentials_rsaparams
[2025-05-23 11:13:49Z INFO ConfigurationStore] HasCredentials()
[2025-05-23 11:13:49Z INFO ConfigurationStore] stored True
[2025-05-23 11:13:49Z INFO CredentialManager] GetCredentialProvider
[2025-05-23 11:13:49Z INFO CredentialManager] Creating type OAuth
[2025-05-23 11:13:49Z INFO CredentialManager] Creating credential type: OAuth
[2025-05-23 11:13:49Z INFO RSAEncryptedFileKeyManager] Loading RSA key parameters from file C:\Users\legen\OneDrive\Dokumenti\GitHub\GitHooks\actions-runner\.credentials_rsaparams
[2025-05-23 11:14:39Z INFO ConfigurationStore] HasCredentials()
[2025-05-23 11:14:39Z INFO ConfigurationStore] stored True
[2025-05-23 11:14:39Z INFO CredentialManager] GetCredentialProvider
[2025-05-23 11:14:39Z INFO CredentialManager] Creating type OAuth
[2025-05-23 11:14:39Z INFO CredentialManager] Creating credential type: OAuth
[2025-05-23 11:14:39Z INFO RSAEncryptedFileKeyManager] Loading RSA key parameters from file C:\Users\legen\OneDrive\Dokumenti\GitHub\GitHooks\actions-runner\.credentials_rsaparams
[2025-05-23 11:15:30Z INFO ConfigurationStore] HasCredentials()
[2025-05-23 11:15:30Z INFO ConfigurationStore] stored True
[2025-05-23 11:15:30Z INFO CredentialManager] GetCredentialProvider
[2025-05-23 11:15:30Z INFO CredentialManager] Creating type OAuth
[2025-05-23 11:15:30Z INFO CredentialManager] Creating credential type: OAuth
[2025-05-23 11:15:30Z INFO RSAEncryptedFileKeyManager] Loading RSA key parameters from file C:\Users\legen\OneDrive\Dokumenti\GitHub\GitHooks\actions-runner\.credentials_rsaparams
[2025-05-23 11:16:20Z INFO ConfigurationStore] HasCredentials()
[2025-05-23 11:16:20Z INFO ConfigurationStore] stored True
[2025-05-23 11:16:20Z INFO CredentialManager] GetCredentialProvider
[2025-05-23 11:16:20Z INFO CredentialManager] Creating type OAuth
[2025-05-23 11:16:20Z INFO CredentialManager] Creating credential type: OAuth
[2025-05-23 11:16:20Z INFO RSAEncryptedFileKeyManager] Loading RSA key parameters from file C:\Users\legen\OneDrive\Dokumenti\GitHub\GitHooks\actions-runner\.credentials_rsaparams
[2025-05-23 11:17:10Z INFO ConfigurationStore] HasCredentials()
[2025-05-23 11:17:10Z INFO ConfigurationStore] stored True
[2025-05-23 11:17:10Z INFO CredentialManager] GetCredentialProvider
[2025-05-23 11:17:10Z INFO CredentialManager] Creating type OAuth
[2025-05-23 11:17:10Z INFO CredentialManager] Creating credential type: OAuth
[2025-05-23 11:17:10Z INFO RSAEncryptedFileKeyManager] Loading RSA key parameters from file C:\Users\legen\OneDrive\Dokumenti\GitHub\GitHooks\actions-runner\.credentials_rsaparams
[2025-05-23 11:18:01Z INFO ConfigurationStore] HasCredentials()
[2025-05-23 11:18:01Z INFO ConfigurationStore] stored True
[2025-05-23 11:18:01Z INFO CredentialManager] GetCredentialProvider
[2025-05-23 11:18:01Z INFO CredentialManager] Creating type OAuth
[2025-05-23 11:18:01Z INFO CredentialManager] Creating credential type: OAuth
[2025-05-23 11:18:01Z INFO RSAEncryptedFileKeyManager] Loading RSA key parameters from file C:\Users\legen\OneDrive\Dokumenti\GitHub\GitHooks\actions-runner\.credentials_rsaparams
[2025-05-23 11:18:51Z INFO ConfigurationStore] HasCredentials()
[2025-05-23 11:18:51Z INFO ConfigurationStore] stored True
[2025-05-23 11:18:51Z INFO CredentialManager] GetCredentialProvider
[2025-05-23 11:18:51Z INFO CredentialManager] Creating type OAuth
[2025-05-23 11:18:51Z INFO CredentialManager] Creating credential type: OAuth
[2025-05-23 11:18:51Z INFO RSAEncryptedFileKeyManager] Loading RSA key parameters from file C:\Users\legen\OneDrive\Dokumenti\GitHub\GitHooks\actions-runner\.credentials_rsaparams
[2025-05-23 11:19:41Z INFO ConfigurationStore] HasCredentials()
[2025-05-23 11:19:41Z INFO ConfigurationStore] stored True
[2025-05-23 11:19:41Z INFO CredentialManager] GetCredentialProvider
[2025-05-23 11:19:41Z INFO CredentialManager] Creating type OAuth
[2025-05-23 11:19:41Z INFO CredentialManager] Creating credential type: OAuth
[2025-05-23 11:19:41Z INFO RSAEncryptedFileKeyManager] Loading RSA key parameters from file C:\Users\legen\OneDrive\Dokumenti\GitHub\GitHooks\actions-runner\.credentials_rsaparams
[2025-05-23 11:20:32Z INFO ConfigurationStore] HasCredentials()
[2025-05-23 11:20:32Z INFO ConfigurationStore] stored True
[2025-05-23 11:20:32Z INFO CredentialManager] GetCredentialProvider
[2025-05-23 11:20:32Z INFO CredentialManager] Creating type OAuth
[2025-05-23 11:20:32Z INFO CredentialManager] Creating credential type: OAuth
[2025-05-23 11:20:32Z INFO RSAEncryptedFileKeyManager] Loading RSA key parameters from file C:\Users\legen\OneDrive\Dokumenti\GitHub\GitHooks\actions-runner\.credentials_rsaparams
[2025-05-23 11:21:22Z INFO ConfigurationStore] HasCredentials()
[2025-05-23 11:21:22Z INFO ConfigurationStore] stored True
[2025-05-23 11:21:22Z INFO CredentialManager] GetCredentialProvider
[2025-05-23 11:21:22Z INFO CredentialManager] Creating type OAuth
[2025-05-23 11:21:22Z INFO CredentialManager] Creating credential type: OAuth
[2025-05-23 11:21:22Z INFO RSAEncryptedFileKeyManager] Loading RSA key parameters from file C:\Users\legen\OneDrive\Dokumenti\GitHub\GitHooks\actions-runner\.credentials_rsaparams
[2025-05-23 11:22:12Z INFO MessageListener] No message retrieved from session '2d8f211f-2be3-4e30-a56c-8ea2ed6a58d0' within last 30 minutes.
[2025-05-23 11:22:12Z INFO ConfigurationStore] HasCredentials()
[2025-05-23 11:22:12Z INFO ConfigurationStore] stored True
[2025-05-23 11:22:12Z INFO CredentialManager] GetCredentialProvider
[2025-05-23 11:22:12Z INFO CredentialManager] Creating type OAuth
[2025-05-23 11:22:12Z INFO CredentialManager] Creating credential type: OAuth
[2025-05-23 11:22:12Z INFO RSAEncryptedFileKeyManager] Loading RSA key parameters from file C:\Users\legen\OneDrive\Dokumenti\GitHub\GitHooks\actions-runner\.credentials_rsaparams
[2025-05-23 11:23:02Z INFO ConfigurationStore] HasCredentials()
[2025-05-23 11:23:02Z INFO ConfigurationStore] stored True
[2025-05-23 11:23:02Z INFO CredentialManager] GetCredentialProvider
[2025-05-23 11:23:02Z INFO CredentialManager] Creating type OAuth
[2025-05-23 11:23:02Z INFO CredentialManager] Creating credential type: OAuth
[2025-05-23 11:23:02Z INFO RSAEncryptedFileKeyManager] Loading RSA key parameters from file C:\Users\legen\OneDrive\Dokumenti\GitHub\GitHooks\actions-runner\.credentials_rsaparams
[2025-05-23 11:23:53Z INFO ConfigurationStore] HasCredentials()
[2025-05-23 11:23:53Z INFO ConfigurationStore] stored True
[2025-05-23 11:23:53Z INFO CredentialManager] GetCredentialProvider
[2025-05-23 11:23:53Z INFO CredentialManager] Creating type OAuth
[2025-05-23 11:23:53Z INFO CredentialManager] Creating credential type: OAuth
[2025-05-23 11:23:53Z INFO RSAEncryptedFileKeyManager] Loading RSA key parameters from file C:\Users\legen\OneDrive\Dokumenti\GitHub\GitHooks\actions-runner\.credentials_rsaparams
[2025-05-23 11:24:43Z INFO ConfigurationStore] HasCredentials()
[2025-05-23 11:24:43Z INFO ConfigurationStore] stored True
[2025-05-23 11:24:43Z INFO CredentialManager] GetCredentialProvider
[2025-05-23 11:24:43Z INFO CredentialManager] Creating type OAuth
[2025-05-23 11:24:43Z INFO CredentialManager] Creating credential type: OAuth
[2025-05-23 11:24:43Z INFO RSAEncryptedFileKeyManager] Loading RSA key parameters from file C:\Users\legen\OneDrive\Dokumenti\GitHub\GitHooks\actions-runner\.credentials_rsaparams
[2025-05-23 11:25:33Z INFO ConfigurationStore] HasCredentials()
[2025-05-23 11:25:33Z INFO ConfigurationStore] stored True
[2025-05-23 11:25:33Z INFO CredentialManager] GetCredentialProvider
[2025-05-23 11:25:33Z INFO CredentialManager] Creating type OAuth
[2025-05-23 11:25:33Z INFO CredentialManager] Creating credential type: OAuth
[2025-05-23 11:25:33Z INFO RSAEncryptedFileKeyManager] Loading RSA key parameters from file C:\Users\legen\OneDrive\Dokumenti\GitHub\GitHooks\actions-runner\.credentials_rsaparams
[2025-05-23 11:26:24Z INFO ConfigurationStore] HasCredentials()
[2025-05-23 11:26:24Z INFO ConfigurationStore] stored True
[2025-05-23 11:26:24Z INFO CredentialManager] GetCredentialProvider
[2025-05-23 11:26:24Z INFO CredentialManager] Creating type OAuth
[2025-05-23 11:26:24Z INFO CredentialManager] Creating credential type: OAuth
[2025-05-23 11:26:24Z INFO RSAEncryptedFileKeyManager] Loading RSA key parameters from file C:\Users\legen\OneDrive\Dokumenti\GitHub\GitHooks\actions-runner\.credentials_rsaparams
[2025-05-23 11:27:14Z INFO ConfigurationStore] HasCredentials()
[2025-05-23 11:27:14Z INFO ConfigurationStore] stored True
[2025-05-23 11:27:14Z INFO CredentialManager] GetCredentialProvider
[2025-05-23 11:27:14Z INFO CredentialManager] Creating type OAuth
[2025-05-23 11:27:14Z INFO CredentialManager] Creating credential type: OAuth
[2025-05-23 11:27:14Z INFO RSAEncryptedFileKeyManager] Loading RSA key parameters from file C:\Users\legen\OneDrive\Dokumenti\GitHub\GitHooks\actions-runner\.credentials_rsaparams
[2025-05-23 11:28:04Z INFO ConfigurationStore] HasCredentials()
[2025-05-23 11:28:04Z INFO ConfigurationStore] stored True
[2025-05-23 11:28:04Z INFO CredentialManager] GetCredentialProvider
[2025-05-23 11:28:04Z INFO CredentialManager] Creating type OAuth
[2025-05-23 11:28:04Z INFO CredentialManager] Creating credential type: OAuth
[2025-05-23 11:28:04Z INFO RSAEncryptedFileKeyManager] Loading RSA key parameters from file C:\Users\legen\OneDrive\Dokumenti\GitHub\GitHooks\actions-runner\.credentials_rsaparams
[2025-05-23 11:28:55Z INFO ConfigurationStore] HasCredentials()
[2025-05-23 11:28:55Z INFO ConfigurationStore] stored True
[2025-05-23 11:28:55Z INFO CredentialManager] GetCredentialProvider
[2025-05-23 11:28:55Z INFO CredentialManager] Creating type OAuth
[2025-05-23 11:28:55Z INFO CredentialManager] Creating credential type: OAuth
[2025-05-23 11:28:55Z INFO RSAEncryptedFileKeyManager] Loading RSA key parameters from file C:\Users\legen\OneDrive\Dokumenti\GitHub\GitHooks\actions-runner\.credentials_rsaparams
[2025-05-23 11:29:45Z INFO ConfigurationStore] HasCredentials()
[2025-05-23 11:29:45Z INFO ConfigurationStore] stored True
[2025-05-23 11:29:45Z INFO CredentialManager] GetCredentialProvider
[2025-05-23 11:29:45Z INFO CredentialManager] Creating type OAuth
[2025-05-23 11:29:45Z INFO CredentialManager] Creating credential type: OAuth
[2025-05-23 11:29:45Z INFO RSAEncryptedFileKeyManager] Loading RSA key parameters from file C:\Users\legen\OneDrive\Dokumenti\GitHub\GitHooks\actions-runner\.credentials_rsaparams
[2025-05-23 11:30:35Z INFO ConfigurationStore] HasCredentials()
[2025-05-23 11:30:35Z INFO ConfigurationStore] stored True
[2025-05-23 11:30:35Z INFO CredentialManager] GetCredentialProvider
[2025-05-23 11:30:35Z INFO CredentialManager] Creating type OAuth
[2025-05-23 11:30:35Z INFO CredentialManager] Creating credential type: OAuth
[2025-05-23 11:30:35Z INFO RSAEncryptedFileKeyManager] Loading RSA key parameters from file C:\Users\legen\OneDrive\Dokumenti\GitHub\GitHooks\actions-runner\.credentials_rsaparams
[2025-05-23 11:31:26Z INFO ConfigurationStore] HasCredentials()
[2025-05-23 11:31:26Z INFO ConfigurationStore] stored True
[2025-05-23 11:31:26Z INFO CredentialManager] GetCredentialProvider
[2025-05-23 11:31:26Z INFO CredentialManager] Creating type OAuth
[2025-05-23 11:31:26Z INFO CredentialManager] Creating credential type: OAuth
[2025-05-23 11:31:26Z INFO RSAEncryptedFileKeyManager] Loading RSA key parameters from file C:\Users\legen\OneDrive\Dokumenti\GitHub\GitHooks\actions-runner\.credentials_rsaparams
[2025-05-23 11:31:26Z INFO RSAEncryptedFileKeyManager] Loading RSA key parameters from file C:\Users\legen\OneDrive\Dokumenti\GitHub\GitHooks\actions-runner\.credentials_rsaparams
[2025-05-23 11:31:26Z INFO GitHubActionsService] AAD Correlation ID for this token request: Unknown
[2025-05-23 11:32:17Z INFO ConfigurationStore] HasCredentials()
[2025-05-23 11:32:17Z INFO ConfigurationStore] stored True
[2025-05-23 11:32:17Z INFO CredentialManager] GetCredentialProvider
[2025-05-23 11:32:17Z INFO CredentialManager] Creating type OAuth
[2025-05-23 11:32:17Z INFO CredentialManager] Creating credential type: OAuth
[2025-05-23 11:32:17Z INFO RSAEncryptedFileKeyManager] Loading RSA key parameters from file C:\Users\legen\OneDrive\Dokumenti\GitHub\GitHooks\actions-runner\.credentials_rsaparams
[2025-05-23 11:33:07Z INFO ConfigurationStore] HasCredentials()
[2025-05-23 11:33:07Z INFO ConfigurationStore] stored True
[2025-05-23 11:33:07Z INFO CredentialManager] GetCredentialProvider
[2025-05-23 11:33:07Z INFO CredentialManager] Creating type OAuth
[2025-05-23 11:33:07Z INFO CredentialManager] Creating credential type: OAuth
[2025-05-23 11:33:07Z INFO RSAEncryptedFileKeyManager] Loading RSA key parameters from file C:\Users\legen\OneDrive\Dokumenti\GitHub\GitHooks\actions-runner\.credentials_rsaparams
[2025-05-23 11:33:57Z INFO ConfigurationStore] HasCredentials()
[2025-05-23 11:33:57Z INFO ConfigurationStore] stored True
[2025-05-23 11:33:57Z INFO CredentialManager] GetCredentialProvider
[2025-05-23 11:33:57Z INFO CredentialManager] Creating type OAuth
[2025-05-23 11:33:57Z INFO CredentialManager] Creating credential type: OAuth
[2025-05-23 11:33:57Z INFO RSAEncryptedFileKeyManager] Loading RSA key parameters from file C:\Users\legen\OneDrive\Dokumenti\GitHub\GitHooks\actions-runner\.credentials_rsaparams
[2025-05-23 11:34:48Z INFO ConfigurationStore] HasCredentials()
[2025-05-23 11:34:48Z INFO ConfigurationStore] stored True
[2025-05-23 11:34:48Z INFO CredentialManager] GetCredentialProvider
[2025-05-23 11:34:48Z INFO CredentialManager] Creating type OAuth
[2025-05-23 11:34:48Z INFO CredentialManager] Creating credential type: OAuth
[2025-05-23 11:34:48Z INFO RSAEncryptedFileKeyManager] Loading RSA key parameters from file C:\Users\legen\OneDrive\Dokumenti\GitHub\GitHooks\actions-runner\.credentials_rsaparams
[2025-05-23 11:35:38Z INFO ConfigurationStore] HasCredentials()
[2025-05-23 11:35:38Z INFO ConfigurationStore] stored True
[2025-05-23 11:35:38Z INFO CredentialManager] GetCredentialProvider
[2025-05-23 11:35:38Z INFO CredentialManager] Creating type OAuth
[2025-05-23 11:35:38Z INFO CredentialManager] Creating credential type: OAuth
[2025-05-23 11:35:38Z INFO RSAEncryptedFileKeyManager] Loading RSA key parameters from file C:\Users\legen\OneDrive\Dokumenti\GitHub\GitHooks\actions-runner\.credentials_rsaparams
[2025-05-23 11:36:28Z INFO ConfigurationStore] HasCredentials()
[2025-05-23 11:36:28Z INFO ConfigurationStore] stored True
[2025-05-23 11:36:28Z INFO CredentialManager] GetCredentialProvider
[2025-05-23 11:36:28Z INFO CredentialManager] Creating type OAuth
[2025-05-23 11:36:28Z INFO CredentialManager] Creating credential type: OAuth
[2025-05-23 11:36:28Z INFO RSAEncryptedFileKeyManager] Loading RSA key parameters from file C:\Users\legen\OneDrive\Dokumenti\GitHub\GitHooks\actions-runner\.credentials_rsaparams
[2025-05-23 11:37:19Z INFO ConfigurationStore] HasCredentials()
[2025-05-23 11:37:19Z INFO ConfigurationStore] stored True
[2025-05-23 11:37:19Z INFO CredentialManager] GetCredentialProvider
[2025-05-23 11:37:19Z INFO CredentialManager] Creating type OAuth
[2025-05-23 11:37:19Z INFO CredentialManager] Creating credential type: OAuth
[2025-05-23 11:37:19Z INFO RSAEncryptedFileKeyManager] Loading RSA key parameters from file C:\Users\legen\OneDrive\Dokumenti\GitHub\GitHooks\actions-runner\.credentials_rsaparams
[2025-05-23 11:38:09Z INFO ConfigurationStore] HasCredentials()
[2025-05-23 11:38:09Z INFO ConfigurationStore] stored True
[2025-05-23 11:38:09Z INFO CredentialManager] GetCredentialProvider
[2025-05-23 11:38:09Z INFO CredentialManager] Creating type OAuth
[2025-05-23 11:38:09Z INFO CredentialManager] Creating credential type: OAuth
[2025-05-23 11:38:09Z INFO RSAEncryptedFileKeyManager] Loading RSA key parameters from file C:\Users\legen\OneDrive\Dokumenti\GitHub\GitHooks\actions-runner\.credentials_rsaparams
[2025-05-23 11:38:59Z INFO ConfigurationStore] HasCredentials()
[2025-05-23 11:38:59Z INFO ConfigurationStore] stored True
[2025-05-23 11:38:59Z INFO CredentialManager] GetCredentialProvider
[2025-05-23 11:38:59Z INFO CredentialManager] Creating type OAuth
[2025-05-23 11:38:59Z INFO CredentialManager] Creating credential type: OAuth
[2025-05-23 11:38:59Z INFO RSAEncryptedFileKeyManager] Loading RSA key parameters from file C:\Users\legen\OneDrive\Dokumenti\GitHub\GitHooks\actions-runner\.credentials_rsaparams
[2025-05-23 11:39:50Z INFO ConfigurationStore] HasCredentials()
[2025-05-23 11:39:50Z INFO ConfigurationStore] stored True
[2025-05-23 11:39:50Z INFO CredentialManager] GetCredentialProvider
[2025-05-23 11:39:50Z INFO CredentialManager] Creating type OAuth
[2025-05-23 11:39:50Z INFO CredentialManager] Creating credential type: OAuth
[2025-05-23 11:39:50Z INFO RSAEncryptedFileKeyManager] Loading RSA key parameters from file C:\Users\legen\OneDrive\Dokumenti\GitHub\GitHooks\actions-runner\.credentials_rsaparams
[2025-05-23 11:40:40Z INFO ConfigurationStore] HasCredentials()
[2025-05-23 11:40:40Z INFO ConfigurationStore] stored True
[2025-05-23 11:40:40Z INFO CredentialManager] GetCredentialProvider
[2025-05-23 11:40:40Z INFO CredentialManager] Creating type OAuth
[2025-05-23 11:40:40Z INFO CredentialManager] Creating credential type: OAuth
[2025-05-23 11:40:40Z INFO RSAEncryptedFileKeyManager] Loading RSA key parameters from file C:\Users\legen\OneDrive\Dokumenti\GitHub\GitHooks\actions-runner\.credentials_rsaparams
[2025-05-23 11:41:30Z INFO ConfigurationStore] HasCredentials()
[2025-05-23 11:41:30Z INFO ConfigurationStore] stored True
[2025-05-23 11:41:30Z INFO CredentialManager] GetCredentialProvider
[2025-05-23 11:41:30Z INFO CredentialManager] Creating type OAuth
[2025-05-23 11:41:30Z INFO CredentialManager] Creating credential type: OAuth
[2025-05-23 11:41:30Z INFO RSAEncryptedFileKeyManager] Loading RSA key parameters from file C:\Users\legen\OneDrive\Dokumenti\GitHub\GitHooks\actions-runner\.credentials_rsaparams
[2025-05-23 11:42:21Z INFO RSAEncryptedFileKeyManager] Loading RSA key parameters from file C:\Users\legen\OneDrive\Dokumenti\GitHub\GitHooks\actions-runner\.credentials_rsaparams
[2025-05-23 11:42:21Z INFO GitHubActionsService] AAD Correlation ID for this token request: Unknown
[2025-05-23 11:42:21Z INFO ConfigurationStore] HasCredentials()
[2025-05-23 11:42:21Z INFO ConfigurationStore] stored True
[2025-05-23 11:42:21Z INFO CredentialManager] GetCredentialProvider
[2025-05-23 11:42:21Z INFO CredentialManager] Creating type OAuth
[2025-05-23 11:42:21Z INFO CredentialManager] Creating credential type: OAuth
[2025-05-23 11:42:21Z INFO RSAEncryptedFileKeyManager] Loading RSA key parameters from file C:\Users\legen\OneDrive\Dokumenti\GitHub\GitHooks\actions-runner\.credentials_rsaparams
[2025-05-23 11:43:12Z INFO ConfigurationStore] HasCredentials()
[2025-05-23 11:43:12Z INFO ConfigurationStore] stored True
[2025-05-23 11:43:12Z INFO CredentialManager] GetCredentialProvider
[2025-05-23 11:43:12Z INFO CredentialManager] Creating type OAuth
[2025-05-23 11:43:12Z INFO CredentialManager] Creating credential type: OAuth
[2025-05-23 11:43:12Z INFO RSAEncryptedFileKeyManager] Loading RSA key parameters from file C:\Users\legen\OneDrive\Dokumenti\GitHub\GitHooks\actions-runner\.credentials_rsaparams
[2025-05-23 11:44:02Z INFO ConfigurationStore] HasCredentials()
[2025-05-23 11:44:02Z INFO ConfigurationStore] stored True
[2025-05-23 11:44:02Z INFO CredentialManager] GetCredentialProvider
[2025-05-23 11:44:02Z INFO CredentialManager] Creating type OAuth
[2025-05-23 11:44:02Z INFO CredentialManager] Creating credential type: OAuth
[2025-05-23 11:44:02Z INFO RSAEncryptedFileKeyManager] Loading RSA key parameters from file C:\Users\legen\OneDrive\Dokumenti\GitHub\GitHooks\actions-runner\.credentials_rsaparams
[2025-05-23 11:44:52Z INFO ConfigurationStore] HasCredentials()
[2025-05-23 11:44:52Z INFO ConfigurationStore] stored True
[2025-05-23 11:44:52Z INFO CredentialManager] GetCredentialProvider
[2025-05-23 11:44:52Z INFO CredentialManager] Creating type OAuth
[2025-05-23 11:44:52Z INFO CredentialManager] Creating credential type: OAuth
[2025-05-23 11:44:52Z INFO RSAEncryptedFileKeyManager] Loading RSA key parameters from file C:\Users\legen\OneDrive\Dokumenti\GitHub\GitHooks\actions-runner\.credentials_rsaparams
[2025-05-23 11:45:43Z INFO ConfigurationStore] HasCredentials()
[2025-05-23 11:45:43Z INFO ConfigurationStore] stored True
[2025-05-23 11:45:43Z INFO CredentialManager] GetCredentialProvider
[2025-05-23 11:45:43Z INFO CredentialManager] Creating type OAuth
[2025-05-23 11:45:43Z INFO CredentialManager] Creating credential type: OAuth
[2025-05-23 11:45:43Z INFO RSAEncryptedFileKeyManager] Loading RSA key parameters from file C:\Users\legen\OneDrive\Dokumenti\GitHub\GitHooks\actions-runner\.credentials_rsaparams
[2025-05-23 11:46:33Z INFO ConfigurationStore] HasCredentials()
[2025-05-23 11:46:33Z INFO ConfigurationStore] stored True
[2025-05-23 11:46:33Z INFO CredentialManager] GetCredentialProvider
[2025-05-23 11:46:33Z INFO CredentialManager] Creating type OAuth
[2025-05-23 11:46:33Z INFO CredentialManager] Creating credential type: OAuth
[2025-05-23 11:46:33Z INFO RSAEncryptedFileKeyManager] Loading RSA key parameters from file C:\Users\legen\OneDrive\Dokumenti\GitHub\GitHooks\actions-runner\.credentials_rsaparams
[2025-05-23 11:47:23Z INFO ConfigurationStore] HasCredentials()
[2025-05-23 11:47:23Z INFO ConfigurationStore] stored True
[2025-05-23 11:47:23Z INFO CredentialManager] GetCredentialProvider
[2025-05-23 11:47:23Z INFO CredentialManager] Creating type OAuth
[2025-05-23 11:47:23Z INFO CredentialManager] Creating credential type: OAuth
[2025-05-23 11:47:23Z INFO RSAEncryptedFileKeyManager] Loading RSA key parameters from file C:\Users\legen\OneDrive\Dokumenti\GitHub\GitHooks\actions-runner\.credentials_rsaparams
[2025-05-23 11:48:14Z INFO ConfigurationStore] HasCredentials()
[2025-05-23 11:48:14Z INFO ConfigurationStore] stored True
[2025-05-23 11:48:14Z INFO CredentialManager] GetCredentialProvider
[2025-05-23 11:48:14Z INFO CredentialManager] Creating type OAuth
[2025-05-23 11:48:14Z INFO CredentialManager] Creating credential type: OAuth
[2025-05-23 11:48:14Z INFO RSAEncryptedFileKeyManager] Loading RSA key parameters from file C:\Users\legen\OneDrive\Dokumenti\GitHub\GitHooks\actions-runner\.credentials_rsaparams
[2025-05-23 11:49:04Z INFO ConfigurationStore] HasCredentials()
[2025-05-23 11:49:04Z INFO ConfigurationStore] stored True
[2025-05-23 11:49:04Z INFO CredentialManager] GetCredentialProvider
[2025-05-23 11:49:04Z INFO CredentialManager] Creating type OAuth
[2025-05-23 11:49:04Z INFO CredentialManager] Creating credential type: OAuth
[2025-05-23 11:49:04Z INFO RSAEncryptedFileKeyManager] Loading RSA key parameters from file C:\Users\legen\OneDrive\Dokumenti\GitHub\GitHooks\actions-runner\.credentials_rsaparams
[2025-05-23 11:49:54Z INFO ConfigurationStore] HasCredentials()
[2025-05-23 11:49:54Z INFO ConfigurationStore] stored True
[2025-05-23 11:49:54Z INFO CredentialManager] GetCredentialProvider
[2025-05-23 11:49:54Z INFO CredentialManager] Creating type OAuth
[2025-05-23 11:49:54Z INFO CredentialManager] Creating credential type: OAuth
[2025-05-23 11:49:54Z INFO RSAEncryptedFileKeyManager] Loading RSA key parameters from file C:\Users\legen\OneDrive\Dokumenti\GitHub\GitHooks\actions-runner\.credentials_rsaparams
[2025-05-23 11:50:45Z INFO ConfigurationStore] HasCredentials()
[2025-05-23 11:50:45Z INFO ConfigurationStore] stored True
[2025-05-23 11:50:45Z INFO CredentialManager] GetCredentialProvider
[2025-05-23 11:50:45Z INFO CredentialManager] Creating type OAuth
[2025-05-23 11:50:45Z INFO CredentialManager] Creating credential type: OAuth
[2025-05-23 11:50:45Z INFO RSAEncryptedFileKeyManager] Loading RSA key parameters from file C:\Users\legen\OneDrive\Dokumenti\GitHub\GitHooks\actions-runner\.credentials_rsaparams
[2025-05-23 11:51:35Z INFO ConfigurationStore] HasCredentials()
[2025-05-23 11:51:35Z INFO ConfigurationStore] stored True
[2025-05-23 11:51:35Z INFO CredentialManager] GetCredentialProvider
[2025-05-23 11:51:35Z INFO CredentialManager] Creating type OAuth
[2025-05-23 11:51:35Z INFO CredentialManager] Creating credential type: OAuth
[2025-05-23 11:51:35Z INFO RSAEncryptedFileKeyManager] Loading RSA key parameters from file C:\Users\legen\OneDrive\Dokumenti\GitHub\GitHooks\actions-runner\.credentials_rsaparams
[2025-05-23 11:52:25Z INFO MessageListener] No message retrieved from session '2d8f211f-2be3-4e30-a56c-8ea2ed6a58d0' within last 30 minutes.
[2025-05-23 11:52:25Z INFO ConfigurationStore] HasCredentials()
[2025-05-23 11:52:25Z INFO ConfigurationStore] stored True
[2025-05-23 11:52:25Z INFO CredentialManager] GetCredentialProvider
[2025-05-23 11:52:25Z INFO CredentialManager] Creating type OAuth
[2025-05-23 11:52:25Z INFO CredentialManager] Creating credential type: OAuth
[2025-05-23 11:52:25Z INFO RSAEncryptedFileKeyManager] Loading RSA key parameters from file C:\Users\legen\OneDrive\Dokumenti\GitHub\GitHooks\actions-runner\.credentials_rsaparams
[2025-05-23 11:53:16Z INFO ConfigurationStore] HasCredentials()
[2025-05-23 11:53:16Z INFO ConfigurationStore] stored True
[2025-05-23 11:53:16Z INFO CredentialManager] GetCredentialProvider
[2025-05-23 11:53:16Z INFO CredentialManager] Creating type OAuth
[2025-05-23 11:53:16Z INFO CredentialManager] Creating credential type: OAuth
[2025-05-23 11:53:16Z INFO RSAEncryptedFileKeyManager] Loading RSA key parameters from file C:\Users\legen\OneDrive\Dokumenti\GitHub\GitHooks\actions-runner\.credentials_rsaparams
[2025-05-23 11:54:06Z INFO ConfigurationStore] HasCredentials()
[2025-05-23 11:54:06Z INFO ConfigurationStore] stored True
[2025-05-23 11:54:06Z INFO CredentialManager] GetCredentialProvider
[2025-05-23 11:54:06Z INFO CredentialManager] Creating type OAuth
[2025-05-23 11:54:06Z INFO CredentialManager] Creating credential type: OAuth
[2025-05-23 11:54:06Z INFO RSAEncryptedFileKeyManager] Loading RSA key parameters from file C:\Users\legen\OneDrive\Dokumenti\GitHub\GitHooks\actions-runner\.credentials_rsaparams
[2025-05-23 11:54:56Z INFO ConfigurationStore] HasCredentials()
[2025-05-23 11:54:56Z INFO ConfigurationStore] stored True
[2025-05-23 11:54:56Z INFO CredentialManager] GetCredentialProvider
[2025-05-23 11:54:56Z INFO CredentialManager] Creating type OAuth
[2025-05-23 11:54:56Z INFO CredentialManager] Creating credential type: OAuth
[2025-05-23 11:54:56Z INFO RSAEncryptedFileKeyManager] Loading RSA key parameters from file C:\Users\legen\OneDrive\Dokumenti\GitHub\GitHooks\actions-runner\.credentials_rsaparams
[2025-05-23 11:55:47Z INFO ConfigurationStore] HasCredentials()
[2025-05-23 11:55:47Z INFO ConfigurationStore] stored True
[2025-05-23 11:55:47Z INFO CredentialManager] GetCredentialProvider
[2025-05-23 11:55:47Z INFO CredentialManager] Creating type OAuth
[2025-05-23 11:55:47Z INFO CredentialManager] Creating credential type: OAuth
[2025-05-23 11:55:47Z INFO RSAEncryptedFileKeyManager] Loading RSA key parameters from file C:\Users\legen\OneDrive\Dokumenti\GitHub\GitHooks\actions-runner\.credentials_rsaparams
[2025-05-23 11:56:37Z INFO ConfigurationStore] HasCredentials()
[2025-05-23 11:56:37Z INFO ConfigurationStore] stored True
[2025-05-23 11:56:37Z INFO CredentialManager] GetCredentialProvider
[2025-05-23 11:56:37Z INFO CredentialManager] Creating type OAuth
[2025-05-23 11:56:37Z INFO CredentialManager] Creating credential type: OAuth
[2025-05-23 11:56:37Z INFO RSAEncryptedFileKeyManager] Loading RSA key parameters from file C:\Users\legen\OneDrive\Dokumenti\GitHub\GitHooks\actions-runner\.credentials_rsaparams
[2025-05-23 11:57:27Z INFO ConfigurationStore] HasCredentials()
[2025-05-23 11:57:27Z INFO ConfigurationStore] stored True
[2025-05-23 11:57:27Z INFO CredentialManager] GetCredentialProvider
[2025-05-23 11:57:27Z INFO CredentialManager] Creating type OAuth
[2025-05-23 11:57:27Z INFO CredentialManager] Creating credential type: OAuth
[2025-05-23 11:57:27Z INFO RSAEncryptedFileKeyManager] Loading RSA key parameters from file C:\Users\legen\OneDrive\Dokumenti\GitHub\GitHooks\actions-runner\.credentials_rsaparams
[2025-05-23 11:58:17Z INFO ConfigurationStore] HasCredentials()
[2025-05-23 11:58:17Z INFO ConfigurationStore] stored True
[2025-05-23 11:58:17Z INFO CredentialManager] GetCredentialProvider
[2025-05-23 11:58:17Z INFO CredentialManager] Creating type OAuth
[2025-05-23 11:58:17Z INFO CredentialManager] Creating credential type: OAuth
[2025-05-23 11:58:17Z INFO RSAEncryptedFileKeyManager] Loading RSA key parameters from file C:\Users\legen\OneDrive\Dokumenti\GitHub\GitHooks\actions-runner\.credentials_rsaparams
[2025-05-23 11:59:08Z INFO ConfigurationStore] HasCredentials()
[2025-05-23 11:59:08Z INFO ConfigurationStore] stored True
[2025-05-23 11:59:08Z INFO CredentialManager] GetCredentialProvider
[2025-05-23 11:59:08Z INFO CredentialManager] Creating type OAuth
[2025-05-23 11:59:08Z INFO CredentialManager] Creating credential type: OAuth
[2025-05-23 11:59:08Z INFO RSAEncryptedFileKeyManager] Loading RSA key parameters from file C:\Users\legen\OneDrive\Dokumenti\GitHub\GitHooks\actions-runner\.credentials_rsaparams
[2025-05-23 11:59:58Z INFO ConfigurationStore] HasCredentials()
[2025-05-23 11:59:58Z INFO ConfigurationStore] stored True
[2025-05-23 11:59:58Z INFO CredentialManager] GetCredentialProvider
[2025-05-23 11:59:58Z INFO CredentialManager] Creating type OAuth
[2025-05-23 11:59:58Z INFO CredentialManager] Creating credential type: OAuth
[2025-05-23 11:59:58Z INFO RSAEncryptedFileKeyManager] Loading RSA key parameters from file C:\Users\legen\OneDrive\Dokumenti\GitHub\GitHooks\actions-runner\.credentials_rsaparams
[2025-05-23 12:00:48Z INFO ConfigurationStore] HasCredentials()
[2025-05-23 12:00:48Z INFO ConfigurationStore] stored True
[2025-05-23 12:00:48Z INFO CredentialManager] GetCredentialProvider
[2025-05-23 12:00:48Z INFO CredentialManager] Creating type OAuth
[2025-05-23 12:00:48Z INFO CredentialManager] Creating credential type: OAuth
[2025-05-23 12:00:48Z INFO RSAEncryptedFileKeyManager] Loading RSA key parameters from file C:\Users\legen\OneDrive\Dokumenti\GitHub\GitHooks\actions-runner\.credentials_rsaparams
[2025-05-23 12:01:39Z INFO ConfigurationStore] HasCredentials()
[2025-05-23 12:01:39Z INFO ConfigurationStore] stored True
[2025-05-23 12:01:39Z INFO CredentialManager] GetCredentialProvider
[2025-05-23 12:01:39Z INFO CredentialManager] Creating type OAuth
[2025-05-23 12:01:39Z INFO CredentialManager] Creating credential type: OAuth
[2025-05-23 12:01:39Z INFO RSAEncryptedFileKeyManager] Loading RSA key parameters from file C:\Users\legen\OneDrive\Dokumenti\GitHub\GitHooks\actions-runner\.credentials_rsaparams
[2025-05-23 12:02:29Z INFO ConfigurationStore] HasCredentials()
[2025-05-23 12:02:29Z INFO ConfigurationStore] stored True
[2025-05-23 12:02:29Z INFO CredentialManager] GetCredentialProvider
[2025-05-23 12:02:29Z INFO CredentialManager] Creating type OAuth
[2025-05-23 12:02:29Z INFO CredentialManager] Creating credential type: OAuth
[2025-05-23 12:02:29Z INFO RSAEncryptedFileKeyManager] Loading RSA key parameters from file C:\Users\legen\OneDrive\Dokumenti\GitHub\GitHooks\actions-runner\.credentials_rsaparams
[2025-05-23 12:03:19Z INFO ConfigurationStore] HasCredentials()
[2025-05-23 12:03:19Z INFO ConfigurationStore] stored True
[2025-05-23 12:03:19Z INFO CredentialManager] GetCredentialProvider
[2025-05-23 12:03:19Z INFO CredentialManager] Creating type OAuth
[2025-05-23 12:03:19Z INFO CredentialManager] Creating credential type: OAuth
[2025-05-23 12:03:19Z INFO RSAEncryptedFileKeyManager] Loading RSA key parameters from file C:\Users\legen\OneDrive\Dokumenti\GitHub\GitHooks\actions-runner\.credentials_rsaparams
[2025-05-23 12:04:10Z INFO ConfigurationStore] HasCredentials()
[2025-05-23 12:04:10Z INFO ConfigurationStore] stored True
[2025-05-23 12:04:10Z INFO CredentialManager] GetCredentialProvider
[2025-05-23 12:04:10Z INFO CredentialManager] Creating type OAuth
[2025-05-23 12:04:10Z INFO CredentialManager] Creating credential type: OAuth
[2025-05-23 12:04:10Z INFO RSAEncryptedFileKeyManager] Loading RSA key parameters from file C:\Users\legen\OneDrive\Dokumenti\GitHub\GitHooks\actions-runner\.credentials_rsaparams
[2025-05-23 12:05:00Z INFO ConfigurationStore] HasCredentials()
[2025-05-23 12:05:00Z INFO ConfigurationStore] stored True
[2025-05-23 12:05:00Z INFO CredentialManager] GetCredentialProvider
[2025-05-23 12:05:00Z INFO CredentialManager] Creating type OAuth
[2025-05-23 12:05:00Z INFO CredentialManager] Creating credential type: OAuth
[2025-05-23 12:05:00Z INFO RSAEncryptedFileKeyManager] Loading RSA key parameters from file C:\Users\legen\OneDrive\Dokumenti\GitHub\GitHooks\actions-runner\.credentials_rsaparams
[2025-05-23 12:05:51Z INFO ConfigurationStore] HasCredentials()
[2025-05-23 12:05:51Z INFO ConfigurationStore] stored True
[2025-05-23 12:05:51Z INFO CredentialManager] GetCredentialProvider
[2025-05-23 12:05:51Z INFO CredentialManager] Creating type OAuth
[2025-05-23 12:05:51Z INFO CredentialManager] Creating credential type: OAuth
[2025-05-23 12:05:51Z INFO RSAEncryptedFileKeyManager] Loading RSA key parameters from file C:\Users\legen\OneDrive\Dokumenti\GitHub\GitHooks\actions-runner\.credentials_rsaparams
[2025-05-23 12:06:41Z INFO ConfigurationStore] HasCredentials()
[2025-05-23 12:06:41Z INFO ConfigurationStore] stored True
[2025-05-23 12:06:41Z INFO CredentialManager] GetCredentialProvider
[2025-05-23 12:06:41Z INFO CredentialManager] Creating type OAuth
[2025-05-23 12:06:41Z INFO CredentialManager] Creating credential type: OAuth
[2025-05-23 12:06:41Z INFO RSAEncryptedFileKeyManager] Loading RSA key parameters from file C:\Users\legen\OneDrive\Dokumenti\GitHub\GitHooks\actions-runner\.credentials_rsaparams
[2025-05-23 12:07:31Z INFO ConfigurationStore] HasCredentials()
[2025-05-23 12:07:31Z INFO ConfigurationStore] stored True
[2025-05-23 12:07:31Z INFO CredentialManager] GetCredentialProvider
[2025-05-23 12:07:31Z INFO CredentialManager] Creating type OAuth
[2025-05-23 12:07:31Z INFO CredentialManager] Creating credential type: OAuth
[2025-05-23 12:07:31Z INFO RSAEncryptedFileKeyManager] Loading RSA key parameters from file C:\Users\legen\OneDrive\Dokumenti\GitHub\GitHooks\actions-runner\.credentials_rsaparams
[2025-05-23 12:08:22Z INFO ConfigurationStore] HasCredentials()
[2025-05-23 12:08:22Z INFO ConfigurationStore] stored True
[2025-05-23 12:08:22Z INFO CredentialManager] GetCredentialProvider
[2025-05-23 12:08:22Z INFO CredentialManager] Creating type OAuth
[2025-05-23 12:08:22Z INFO CredentialManager] Creating credential type: OAuth
[2025-05-23 12:08:22Z INFO RSAEncryptedFileKeyManager] Loading RSA key parameters from file C:\Users\legen\OneDrive\Dokumenti\GitHub\GitHooks\actions-runner\.credentials_rsaparams
[2025-05-23 12:09:12Z INFO ConfigurationStore] HasCredentials()
[2025-05-23 12:09:12Z INFO ConfigurationStore] stored True
[2025-05-23 12:09:12Z INFO CredentialManager] GetCredentialProvider
[2025-05-23 12:09:12Z INFO CredentialManager] Creating type OAuth
[2025-05-23 12:09:12Z INFO CredentialManager] Creating credential type: OAuth
[2025-05-23 12:09:12Z INFO RSAEncryptedFileKeyManager] Loading RSA key parameters from file C:\Users\legen\OneDrive\Dokumenti\GitHub\GitHooks\actions-runner\.credentials_rsaparams
[2025-05-23 12:10:03Z INFO ConfigurationStore] HasCredentials()
[2025-05-23 12:10:03Z INFO ConfigurationStore] stored True
[2025-05-23 12:10:03Z INFO CredentialManager] GetCredentialProvider
[2025-05-23 12:10:03Z INFO CredentialManager] Creating type OAuth
[2025-05-23 12:10:03Z INFO CredentialManager] Creating credential type: OAuth
[2025-05-23 12:10:03Z INFO RSAEncryptedFileKeyManager] Loading RSA key parameters from file C:\Users\legen\OneDrive\Dokumenti\GitHub\GitHooks\actions-runner\.credentials_rsaparams
[2025-05-23 12:10:53Z INFO ConfigurationStore] HasCredentials()
[2025-05-23 12:10:53Z INFO ConfigurationStore] stored True
[2025-05-23 12:10:53Z INFO CredentialManager] GetCredentialProvider
[2025-05-23 12:10:53Z INFO CredentialManager] Creating type OAuth
[2025-05-23 12:10:53Z INFO CredentialManager] Creating credential type: OAuth
[2025-05-23 12:10:53Z INFO RSAEncryptedFileKeyManager] Loading RSA key parameters from file C:\Users\legen\OneDrive\Dokumenti\GitHub\GitHooks\actions-runner\.credentials_rsaparams
[2025-05-23 12:11:43Z INFO ConfigurationStore] HasCredentials()
[2025-05-23 12:11:43Z INFO ConfigurationStore] stored True
[2025-05-23 12:11:43Z INFO CredentialManager] GetCredentialProvider
[2025-05-23 12:11:43Z INFO CredentialManager] Creating type OAuth
[2025-05-23 12:11:43Z INFO CredentialManager] Creating credential type: OAuth
[2025-05-23 12:11:43Z INFO RSAEncryptedFileKeyManager] Loading RSA key parameters from file C:\Users\legen\OneDrive\Dokumenti\GitHub\GitHooks\actions-runner\.credentials_rsaparams
[2025-05-23 12:12:34Z INFO ConfigurationStore] HasCredentials()
[2025-05-23 12:12:34Z INFO ConfigurationStore] stored True
[2025-05-23 12:12:34Z INFO CredentialManager] GetCredentialProvider
[2025-05-23 12:12:34Z INFO CredentialManager] Creating type OAuth
[2025-05-23 12:12:34Z INFO CredentialManager] Creating credential type: OAuth
[2025-05-23 12:12:34Z INFO RSAEncryptedFileKeyManager] Loading RSA key parameters from file C:\Users\legen\OneDrive\Dokumenti\GitHub\GitHooks\actions-runner\.credentials_rsaparams
[2025-05-23 12:13:24Z INFO ConfigurationStore] HasCredentials()
[2025-05-23 12:13:24Z INFO ConfigurationStore] stored True
[2025-05-23 12:13:24Z INFO CredentialManager] GetCredentialProvider
[2025-05-23 12:13:24Z INFO CredentialManager] Creating type OAuth
[2025-05-23 12:13:24Z INFO CredentialManager] Creating credential type: OAuth
[2025-05-23 12:13:24Z INFO RSAEncryptedFileKeyManager] Loading RSA key parameters from file C:\Users\legen\OneDrive\Dokumenti\GitHub\GitHooks\actions-runner\.credentials_rsaparams
[2025-05-23 12:14:14Z INFO ConfigurationStore] HasCredentials()
[2025-05-23 12:14:14Z INFO ConfigurationStore] stored True
[2025-05-23 12:14:14Z INFO CredentialManager] GetCredentialProvider
[2025-05-23 12:14:14Z INFO CredentialManager] Creating type OAuth
[2025-05-23 12:14:14Z INFO CredentialManager] Creating credential type: OAuth
[2025-05-23 12:14:14Z INFO RSAEncryptedFileKeyManager] Loading RSA key parameters from file C:\Users\legen\OneDrive\Dokumenti\GitHub\GitHooks\actions-runner\.credentials_rsaparams
[2025-05-23 12:15:05Z INFO ConfigurationStore] HasCredentials()
[2025-05-23 12:15:05Z INFO ConfigurationStore] stored True
[2025-05-23 12:15:05Z INFO CredentialManager] GetCredentialProvider
[2025-05-23 12:15:05Z INFO CredentialManager] Creating type OAuth
[2025-05-23 12:15:05Z INFO CredentialManager] Creating credential type: OAuth
[2025-05-23 12:15:05Z INFO RSAEncryptedFileKeyManager] Loading RSA key parameters from file C:\Users\legen\OneDrive\Dokumenti\GitHub\GitHooks\actions-runner\.credentials_rsaparams
[2025-05-23 12:15:55Z INFO ConfigurationStore] HasCredentials()
[2025-05-23 12:15:55Z INFO ConfigurationStore] stored True
[2025-05-23 12:15:55Z INFO CredentialManager] GetCredentialProvider
[2025-05-23 12:15:55Z INFO CredentialManager] Creating type OAuth
[2025-05-23 12:15:55Z INFO CredentialManager] Creating credential type: OAuth
[2025-05-23 12:15:55Z INFO RSAEncryptedFileKeyManager] Loading RSA key parameters from file C:\Users\legen\OneDrive\Dokumenti\GitHub\GitHooks\actions-runner\.credentials_rsaparams
[2025-05-23 12:16:45Z INFO ConfigurationStore] HasCredentials()
[2025-05-23 12:16:45Z INFO ConfigurationStore] stored True
[2025-05-23 12:16:45Z INFO CredentialManager] GetCredentialProvider
[2025-05-23 12:16:45Z INFO CredentialManager] Creating type OAuth
[2025-05-23 12:16:45Z INFO CredentialManager] Creating credential type: OAuth
[2025-05-23 12:16:45Z INFO RSAEncryptedFileKeyManager] Loading RSA key parameters from file C:\Users\legen\OneDrive\Dokumenti\GitHub\GitHooks\actions-runner\.credentials_rsaparams
[2025-05-23 12:17:36Z INFO ConfigurationStore] HasCredentials()
[2025-05-23 12:17:36Z INFO ConfigurationStore] stored True
[2025-05-23 12:17:36Z INFO CredentialManager] GetCredentialProvider
[2025-05-23 12:17:36Z INFO CredentialManager] Creating type OAuth
[2025-05-23 12:17:36Z INFO CredentialManager] Creating credential type: OAuth
[2025-05-23 12:17:36Z INFO RSAEncryptedFileKeyManager] Loading RSA key parameters from file C:\Users\legen\OneDrive\Dokumenti\GitHub\GitHooks\actions-runner\.credentials_rsaparams
[2025-05-23 12:18:26Z INFO ConfigurationStore] HasCredentials()
[2025-05-23 12:18:26Z INFO ConfigurationStore] stored True
[2025-05-23 12:18:26Z INFO CredentialManager] GetCredentialProvider
[2025-05-23 12:18:26Z INFO CredentialManager] Creating type OAuth
[2025-05-23 12:18:26Z INFO CredentialManager] Creating credential type: OAuth
[2025-05-23 12:18:26Z INFO RSAEncryptedFileKeyManager] Loading RSA key parameters from file C:\Users\legen\OneDrive\Dokumenti\GitHub\GitHooks\actions-runner\.credentials_rsaparams
[2025-05-23 12:19:16Z INFO ConfigurationStore] HasCredentials()
[2025-05-23 12:19:16Z INFO ConfigurationStore] stored True
[2025-05-23 12:19:16Z INFO CredentialManager] GetCredentialProvider
[2025-05-23 12:19:16Z INFO CredentialManager] Creating type OAuth
[2025-05-23 12:19:16Z INFO CredentialManager] Creating credential type: OAuth
[2025-05-23 12:19:16Z INFO RSAEncryptedFileKeyManager] Loading RSA key parameters from file C:\Users\legen\OneDrive\Dokumenti\GitHub\GitHooks\actions-runner\.credentials_rsaparams
[2025-05-23 12:20:07Z INFO ConfigurationStore] HasCredentials()
[2025-05-23 12:20:07Z INFO ConfigurationStore] stored True
[2025-05-23 12:20:07Z INFO CredentialManager] GetCredentialProvider
[2025-05-23 12:20:07Z INFO CredentialManager] Creating type OAuth
[2025-05-23 12:20:07Z INFO CredentialManager] Creating credential type: OAuth
[2025-05-23 12:20:07Z INFO RSAEncryptedFileKeyManager] Loading RSA key parameters from file C:\Users\legen\OneDrive\Dokumenti\GitHub\GitHooks\actions-runner\.credentials_rsaparams
[2025-05-23 12:20:57Z INFO ConfigurationStore] HasCredentials()
[2025-05-23 12:20:57Z INFO ConfigurationStore] stored True
[2025-05-23 12:20:57Z INFO CredentialManager] GetCredentialProvider
[2025-05-23 12:20:57Z INFO CredentialManager] Creating type OAuth
[2025-05-23 12:20:57Z INFO CredentialManager] Creating credential type: OAuth
[2025-05-23 12:20:57Z INFO RSAEncryptedFileKeyManager] Loading RSA key parameters from file C:\Users\legen\OneDrive\Dokumenti\GitHub\GitHooks\actions-runner\.credentials_rsaparams
[2025-05-23 12:21:47Z INFO ConfigurationStore] HasCredentials()
[2025-05-23 12:21:47Z INFO ConfigurationStore] stored True
[2025-05-23 12:21:47Z INFO CredentialManager] GetCredentialProvider
[2025-05-23 12:21:47Z INFO CredentialManager] Creating type OAuth
[2025-05-23 12:21:47Z INFO CredentialManager] Creating credential type: OAuth
[2025-05-23 12:21:47Z INFO RSAEncryptedFileKeyManager] Loading RSA key parameters from file C:\Users\legen\OneDrive\Dokumenti\GitHub\GitHooks\actions-runner\.credentials_rsaparams
[2025-05-23 12:21:47Z INFO RSAEncryptedFileKeyManager] Loading RSA key parameters from file C:\Users\legen\OneDrive\Dokumenti\GitHub\GitHooks\actions-runner\.credentials_rsaparams
[2025-05-23 12:21:48Z INFO GitHubActionsService] AAD Correlation ID for this token request: Unknown
[2025-05-23 12:22:38Z INFO MessageListener] No message retrieved from session '2d8f211f-2be3-4e30-a56c-8ea2ed6a58d0' within last 30 minutes.
[2025-05-23 12:22:38Z INFO ConfigurationStore] HasCredentials()
[2025-05-23 12:22:38Z INFO ConfigurationStore] stored True
[2025-05-23 12:22:38Z INFO CredentialManager] GetCredentialProvider
[2025-05-23 12:22:38Z INFO CredentialManager] Creating type OAuth
[2025-05-23 12:22:38Z INFO CredentialManager] Creating credential type: OAuth
[2025-05-23 12:22:38Z INFO RSAEncryptedFileKeyManager] Loading RSA key parameters from file C:\Users\legen\OneDrive\Dokumenti\GitHub\GitHooks\actions-runner\.credentials_rsaparams
[2025-05-24 14:54:44Z WARN GitHubActionsService] Attempt 1 of GET request to https://broker.actions.githubusercontent.com/message?sessionId=2d8f211f-2be3-4e30-a56c-8ea2ed6a58d0&status=Online&runnerVersion=2.324.0&os=Windows&architecture=X64&disableUpdate=false failed (Socket Error: ConnectionReset). The operation will be retried in 11.039 seconds.
[2025-05-24 14:54:56Z INFO RSAEncryptedFileKeyManager] Loading RSA key parameters from file C:\Users\legen\OneDrive\Dokumenti\GitHub\GitHooks\actions-runner\.credentials_rsaparams
[2025-05-24 14:54:56Z INFO GitHubActionsService] AAD Correlation ID for this token request: Unknown
[2025-05-24 14:55:46Z INFO MessageListener] No message retrieved from session '2d8f211f-2be3-4e30-a56c-8ea2ed6a58d0' within last 30 minutes.
[2025-05-24 14:55:47Z INFO RSAEncryptedFileKeyManager] Loading RSA key parameters from file C:\Users\legen\OneDrive\Dokumenti\GitHub\GitHooks\actions-runner\.credentials_rsaparams
[2025-05-24 14:55:48Z INFO GitHubActionsService] AAD Correlation ID for this token request: Unknown
[2025-05-24 14:55:48Z INFO ConfigurationStore] HasCredentials()
[2025-05-24 14:55:48Z INFO ConfigurationStore] stored True
[2025-05-24 14:55:48Z INFO CredentialManager] GetCredentialProvider
[2025-05-24 14:55:48Z INFO CredentialManager] Creating type OAuth
[2025-05-24 14:55:48Z INFO CredentialManager] Creating credential type: OAuth
[2025-05-24 14:55:48Z INFO RSAEncryptedFileKeyManager] Loading RSA key parameters from file C:\Users\legen\OneDrive\Dokumenti\GitHub\GitHooks\actions-runner\.credentials_rsaparams
[2025-05-24 14:56:38Z INFO ConfigurationStore] HasCredentials()
[2025-05-24 14:56:38Z INFO ConfigurationStore] stored True
[2025-05-24 14:56:38Z INFO CredentialManager] GetCredentialProvider
[2025-05-24 14:56:38Z INFO CredentialManager] Creating type OAuth
[2025-05-24 14:56:38Z INFO CredentialManager] Creating credential type: OAuth
[2025-05-24 14:56:38Z INFO RSAEncryptedFileKeyManager] Loading RSA key parameters from file C:\Users\legen\OneDrive\Dokumenti\GitHub\GitHooks\actions-runner\.credentials_rsaparams
[2025-05-24 14:57:29Z INFO ConfigurationStore] HasCredentials()
[2025-05-24 14:57:29Z INFO ConfigurationStore] stored True
[2025-05-24 14:57:29Z INFO CredentialManager] GetCredentialProvider
[2025-05-24 14:57:29Z INFO CredentialManager] Creating type OAuth
[2025-05-24 14:57:29Z INFO CredentialManager] Creating credential type: OAuth
[2025-05-24 14:57:29Z INFO RSAEncryptedFileKeyManager] Loading RSA key parameters from file C:\Users\legen\OneDrive\Dokumenti\GitHub\GitHooks\actions-runner\.credentials_rsaparams
[2025-05-24 14:58:19Z INFO ConfigurationStore] HasCredentials()
[2025-05-24 14:58:19Z INFO ConfigurationStore] stored True
[2025-05-24 14:58:19Z INFO CredentialManager] GetCredentialProvider
[2025-05-24 14:58:19Z INFO CredentialManager] Creating type OAuth
[2025-05-24 14:58:19Z INFO CredentialManager] Creating credential type: OAuth
[2025-05-24 14:58:19Z INFO RSAEncryptedFileKeyManager] Loading RSA key parameters from file C:\Users\legen\OneDrive\Dokumenti\GitHub\GitHooks\actions-runner\.credentials_rsaparams
[2025-05-24 14:59:10Z INFO ConfigurationStore] HasCredentials()
[2025-05-24 14:59:10Z INFO ConfigurationStore] stored True
[2025-05-24 14:59:10Z INFO CredentialManager] GetCredentialProvider
[2025-05-24 14:59:10Z INFO CredentialManager] Creating type OAuth
[2025-05-24 14:59:10Z INFO CredentialManager] Creating credential type: OAuth
[2025-05-24 14:59:10Z INFO RSAEncryptedFileKeyManager] Loading RSA key parameters from file C:\Users\legen\OneDrive\Dokumenti\GitHub\GitHooks\actions-runner\.credentials_rsaparams
[2025-05-24 15:00:00Z INFO ConfigurationStore] HasCredentials()
[2025-05-24 15:00:00Z INFO ConfigurationStore] stored True
[2025-05-24 15:00:00Z INFO CredentialManager] GetCredentialProvider
[2025-05-24 15:00:00Z INFO CredentialManager] Creating type OAuth
[2025-05-24 15:00:00Z INFO CredentialManager] Creating credential type: OAuth
[2025-05-24 15:00:00Z INFO RSAEncryptedFileKeyManager] Loading RSA key parameters from file C:\Users\legen\OneDrive\Dokumenti\GitHub\GitHooks\actions-runner\.credentials_rsaparams
[2025-05-24 15:00:50Z INFO ConfigurationStore] HasCredentials()
[2025-05-24 15:00:50Z INFO ConfigurationStore] stored True
[2025-05-24 15:00:50Z INFO CredentialManager] GetCredentialProvider
[2025-05-24 15:00:50Z INFO CredentialManager] Creating type OAuth
[2025-05-24 15:00:50Z INFO CredentialManager] Creating credential type: OAuth
[2025-05-24 15:00:50Z INFO RSAEncryptedFileKeyManager] Loading RSA key parameters from file C:\Users\legen\OneDrive\Dokumenti\GitHub\GitHooks\actions-runner\.credentials_rsaparams
[2025-05-24 15:01:41Z INFO ConfigurationStore] HasCredentials()
[2025-05-24 15:01:41Z INFO ConfigurationStore] stored True
[2025-05-24 15:01:41Z INFO CredentialManager] GetCredentialProvider
[2025-05-24 15:01:41Z INFO CredentialManager] Creating type OAuth
[2025-05-24 15:01:41Z INFO CredentialManager] Creating credential type: OAuth
[2025-05-24 15:01:41Z INFO RSAEncryptedFileKeyManager] Loading RSA key parameters from file C:\Users\legen\OneDrive\Dokumenti\GitHub\GitHooks\actions-runner\.credentials_rsaparams
[2025-05-24 15:02:31Z INFO ConfigurationStore] HasCredentials()
[2025-05-24 15:02:31Z INFO ConfigurationStore] stored True
[2025-05-24 15:02:31Z INFO CredentialManager] GetCredentialProvider
[2025-05-24 15:02:31Z INFO CredentialManager] Creating type OAuth
[2025-05-24 15:02:31Z INFO CredentialManager] Creating credential type: OAuth
[2025-05-24 15:02:31Z INFO RSAEncryptedFileKeyManager] Loading RSA key parameters from file C:\Users\legen\OneDrive\Dokumenti\GitHub\GitHooks\actions-runner\.credentials_rsaparams
[2025-05-24 15:03:21Z INFO ConfigurationStore] HasCredentials()
[2025-05-24 15:03:21Z INFO ConfigurationStore] stored True
[2025-05-24 15:03:21Z INFO CredentialManager] GetCredentialProvider
[2025-05-24 15:03:21Z INFO CredentialManager] Creating type OAuth
[2025-05-24 15:03:21Z INFO CredentialManager] Creating credential type: OAuth
[2025-05-24 15:03:21Z INFO RSAEncryptedFileKeyManager] Loading RSA key parameters from file C:\Users\legen\OneDrive\Dokumenti\GitHub\GitHooks\actions-runner\.credentials_rsaparams
[2025-05-24 15:04:12Z INFO ConfigurationStore] HasCredentials()
[2025-05-24 15:04:12Z INFO ConfigurationStore] stored True
[2025-05-24 15:04:12Z INFO CredentialManager] GetCredentialProvider
[2025-05-24 15:04:12Z INFO CredentialManager] Creating type OAuth
[2025-05-24 15:04:12Z INFO CredentialManager] Creating credential type: OAuth
[2025-05-24 15:04:12Z INFO RSAEncryptedFileKeyManager] Loading RSA key parameters from file C:\Users\legen\OneDrive\Dokumenti\GitHub\GitHooks\actions-runner\.credentials_rsaparams
[2025-05-24 15:05:02Z INFO ConfigurationStore] HasCredentials()
[2025-05-24 15:05:02Z INFO ConfigurationStore] stored True
[2025-05-24 15:05:02Z INFO CredentialManager] GetCredentialProvider
[2025-05-24 15:05:02Z INFO CredentialManager] Creating type OAuth
[2025-05-24 15:05:02Z INFO CredentialManager] Creating credential type: OAuth
[2025-05-24 15:05:02Z INFO RSAEncryptedFileKeyManager] Loading RSA key parameters from file C:\Users\legen\OneDrive\Dokumenti\GitHub\GitHooks\actions-runner\.credentials_rsaparams
[2025-05-24 15:05:53Z INFO ConfigurationStore] HasCredentials()
[2025-05-24 15:05:53Z INFO ConfigurationStore] stored True
[2025-05-24 15:05:53Z INFO CredentialManager] GetCredentialProvider
[2025-05-24 15:05:53Z INFO CredentialManager] Creating type OAuth
[2025-05-24 15:05:53Z INFO CredentialManager] Creating credential type: OAuth
[2025-05-24 15:05:53Z INFO RSAEncryptedFileKeyManager] Loading RSA key parameters from file C:\Users\legen\OneDrive\Dokumenti\GitHub\GitHooks\actions-runner\.credentials_rsaparams
[2025-05-24 15:06:43Z INFO ConfigurationStore] HasCredentials()
[2025-05-24 15:06:43Z INFO ConfigurationStore] stored True
[2025-05-24 15:06:43Z INFO CredentialManager] GetCredentialProvider
[2025-05-24 15:06:43Z INFO CredentialManager] Creating type OAuth
[2025-05-24 15:06:43Z INFO CredentialManager] Creating credential type: OAuth
[2025-05-24 15:06:43Z INFO RSAEncryptedFileKeyManager] Loading RSA key parameters from file C:\Users\legen\OneDrive\Dokumenti\GitHub\GitHooks\actions-runner\.credentials_rsaparams
[2025-05-24 15:07:33Z INFO ConfigurationStore] HasCredentials()
[2025-05-24 15:07:33Z INFO ConfigurationStore] stored True
[2025-05-24 15:07:33Z INFO CredentialManager] GetCredentialProvider
[2025-05-24 15:07:33Z INFO CredentialManager] Creating type OAuth
[2025-05-24 15:07:33Z INFO CredentialManager] Creating credential type: OAuth
[2025-05-24 15:07:33Z INFO RSAEncryptedFileKeyManager] Loading RSA key parameters from file C:\Users\legen\OneDrive\Dokumenti\GitHub\GitHooks\actions-runner\.credentials_rsaparams
[2025-05-24 15:08:24Z INFO ConfigurationStore] HasCredentials()
[2025-05-24 15:08:24Z INFO ConfigurationStore] stored True
[2025-05-24 15:08:24Z INFO CredentialManager] GetCredentialProvider
[2025-05-24 15:08:24Z INFO CredentialManager] Creating type OAuth
[2025-05-24 15:08:24Z INFO CredentialManager] Creating credential type: OAuth
[2025-05-24 15:08:24Z INFO RSAEncryptedFileKeyManager] Loading RSA key parameters from file C:\Users\legen\OneDrive\Dokumenti\GitHub\GitHooks\actions-runner\.credentials_rsaparams
[2025-05-24 15:09:14Z INFO ConfigurationStore] HasCredentials()
[2025-05-24 15:09:14Z INFO ConfigurationStore] stored True
[2025-05-24 15:09:14Z INFO CredentialManager] GetCredentialProvider
[2025-05-24 15:09:14Z INFO CredentialManager] Creating type OAuth
[2025-05-24 15:09:14Z INFO CredentialManager] Creating credential type: OAuth
[2025-05-24 15:09:14Z INFO RSAEncryptedFileKeyManager] Loading RSA key parameters from file C:\Users\legen\OneDrive\Dokumenti\GitHub\GitHooks\actions-runner\.credentials_rsaparams
[2025-05-24 15:10:05Z INFO ConfigurationStore] HasCredentials()
[2025-05-24 15:10:05Z INFO ConfigurationStore] stored True
[2025-05-24 15:10:05Z INFO CredentialManager] GetCredentialProvider
[2025-05-24 15:10:05Z INFO CredentialManager] Creating type OAuth
[2025-05-24 15:10:05Z INFO CredentialManager] Creating credential type: OAuth
[2025-05-24 15:10:05Z INFO RSAEncryptedFileKeyManager] Loading RSA key parameters from file C:\Users\legen\OneDrive\Dokumenti\GitHub\GitHooks\actions-runner\.credentials_rsaparams
[2025-05-24 15:10:55Z INFO ConfigurationStore] HasCredentials()
[2025-05-24 15:10:55Z INFO ConfigurationStore] stored True
[2025-05-24 15:10:55Z INFO CredentialManager] GetCredentialProvider
[2025-05-24 15:10:55Z INFO CredentialManager] Creating type OAuth
[2025-05-24 15:10:55Z INFO CredentialManager] Creating credential type: OAuth
[2025-05-24 15:10:55Z INFO RSAEncryptedFileKeyManager] Loading RSA key parameters from file C:\Users\legen\OneDrive\Dokumenti\GitHub\GitHooks\actions-runner\.credentials_rsaparams
[2025-05-24 15:11:45Z INFO ConfigurationStore] HasCredentials()
[2025-05-24 15:11:45Z INFO ConfigurationStore] stored True
[2025-05-24 15:11:45Z INFO CredentialManager] GetCredentialProvider
[2025-05-24 15:11:45Z INFO CredentialManager] Creating type OAuth
[2025-05-24 15:11:45Z INFO CredentialManager] Creating credential type: OAuth
[2025-05-24 15:11:45Z INFO RSAEncryptedFileKeyManager] Loading RSA key parameters from file C:\Users\legen\OneDrive\Dokumenti\GitHub\GitHooks\actions-runner\.credentials_rsaparams
[2025-05-24 15:12:36Z INFO ConfigurationStore] HasCredentials()
[2025-05-24 15:12:36Z INFO ConfigurationStore] stored True
[2025-05-24 15:12:36Z INFO CredentialManager] GetCredentialProvider
[2025-05-24 15:12:36Z INFO CredentialManager] Creating type OAuth
[2025-05-24 15:12:36Z INFO CredentialManager] Creating credential type: OAuth
[2025-05-24 15:12:36Z INFO RSAEncryptedFileKeyManager] Loading RSA key parameters from file C:\Users\legen\OneDrive\Dokumenti\GitHub\GitHooks\actions-runner\.credentials_rsaparams
[2025-05-24 15:13:26Z INFO ConfigurationStore] HasCredentials()
[2025-05-24 15:13:26Z INFO ConfigurationStore] stored True
[2025-05-24 15:13:26Z INFO CredentialManager] GetCredentialProvider
[2025-05-24 15:13:26Z INFO CredentialManager] Creating type OAuth
[2025-05-24 15:13:26Z INFO CredentialManager] Creating credential type: OAuth
[2025-05-24 15:13:26Z INFO RSAEncryptedFileKeyManager] Loading RSA key parameters from file C:\Users\legen\OneDrive\Dokumenti\GitHub\GitHooks\actions-runner\.credentials_rsaparams
[2025-05-24 15:14:16Z INFO ConfigurationStore] HasCredentials()
[2025-05-24 15:14:16Z INFO ConfigurationStore] stored True
[2025-05-24 15:14:16Z INFO CredentialManager] GetCredentialProvider
[2025-05-24 15:14:16Z INFO CredentialManager] Creating type OAuth
[2025-05-24 15:14:16Z INFO CredentialManager] Creating credential type: OAuth
[2025-05-24 15:14:16Z INFO RSAEncryptedFileKeyManager] Loading RSA key parameters from file C:\Users\legen\OneDrive\Dokumenti\GitHub\GitHooks\actions-runner\.credentials_rsaparams
[2025-05-24 15:15:07Z INFO ConfigurationStore] HasCredentials()
[2025-05-24 15:15:07Z INFO ConfigurationStore] stored True
[2025-05-24 15:15:07Z INFO CredentialManager] GetCredentialProvider
[2025-05-24 15:15:07Z INFO CredentialManager] Creating type OAuth
[2025-05-24 15:15:07Z INFO CredentialManager] Creating credential type: OAuth
[2025-05-24 15:15:07Z INFO RSAEncryptedFileKeyManager] Loading RSA key parameters from file C:\Users\legen\OneDrive\Dokumenti\GitHub\GitHooks\actions-runner\.credentials_rsaparams
[2025-05-24 15:15:57Z INFO ConfigurationStore] HasCredentials()
[2025-05-24 15:15:57Z INFO ConfigurationStore] stored True
[2025-05-24 15:15:57Z INFO CredentialManager] GetCredentialProvider
[2025-05-24 15:15:57Z INFO CredentialManager] Creating type OAuth
[2025-05-24 15:15:57Z INFO CredentialManager] Creating credential type: OAuth
[2025-05-24 15:15:57Z INFO RSAEncryptedFileKeyManager] Loading RSA key parameters from file C:\Users\legen\OneDrive\Dokumenti\GitHub\GitHooks\actions-runner\.credentials_rsaparams
[2025-05-24 15:16:48Z INFO ConfigurationStore] HasCredentials()
[2025-05-24 15:16:48Z INFO ConfigurationStore] stored True
[2025-05-24 15:16:48Z INFO CredentialManager] GetCredentialProvider
[2025-05-24 15:16:48Z INFO CredentialManager] Creating type OAuth
[2025-05-24 15:16:48Z INFO CredentialManager] Creating credential type: OAuth
[2025-05-24 15:16:48Z INFO RSAEncryptedFileKeyManager] Loading RSA key parameters from file C:\Users\legen\OneDrive\Dokumenti\GitHub\GitHooks\actions-runner\.credentials_rsaparams
[2025-05-24 15:17:38Z INFO ConfigurationStore] HasCredentials()
[2025-05-24 15:17:38Z INFO ConfigurationStore] stored True
[2025-05-24 15:17:38Z INFO CredentialManager] GetCredentialProvider
[2025-05-24 15:17:38Z INFO CredentialManager] Creating type OAuth
[2025-05-24 15:17:38Z INFO CredentialManager] Creating credential type: OAuth
[2025-05-24 15:17:38Z INFO RSAEncryptedFileKeyManager] Loading RSA key parameters from file C:\Users\legen\OneDrive\Dokumenti\GitHub\GitHooks\actions-runner\.credentials_rsaparams
[2025-05-24 15:18:29Z INFO ConfigurationStore] HasCredentials()
[2025-05-24 15:18:29Z INFO ConfigurationStore] stored True
[2025-05-24 15:18:29Z INFO CredentialManager] GetCredentialProvider
[2025-05-24 15:18:29Z INFO CredentialManager] Creating type OAuth
[2025-05-24 15:18:29Z INFO CredentialManager] Creating credential type: OAuth
[2025-05-24 15:18:29Z INFO RSAEncryptedFileKeyManager] Loading RSA key parameters from file C:\Users\legen\OneDrive\Dokumenti\GitHub\GitHooks\actions-runner\.credentials_rsaparams
[2025-05-24 15:19:19Z INFO ConfigurationStore] HasCredentials()
[2025-05-24 15:19:19Z INFO ConfigurationStore] stored True
[2025-05-24 15:19:19Z INFO CredentialManager] GetCredentialProvider
[2025-05-24 15:19:19Z INFO CredentialManager] Creating type OAuth
[2025-05-24 15:19:19Z INFO CredentialManager] Creating credential type: OAuth
[2025-05-24 15:19:19Z INFO RSAEncryptedFileKeyManager] Loading RSA key parameters from file C:\Users\legen\OneDrive\Dokumenti\GitHub\GitHooks\actions-runner\.credentials_rsaparams
[2025-05-24 15:20:09Z INFO ConfigurationStore] HasCredentials()
[2025-05-24 15:20:09Z INFO ConfigurationStore] stored True
[2025-05-24 15:20:09Z INFO CredentialManager] GetCredentialProvider
[2025-05-24 15:20:09Z INFO CredentialManager] Creating type OAuth
[2025-05-24 15:20:09Z INFO CredentialManager] Creating credential type: OAuth
[2025-05-24 15:20:09Z INFO RSAEncryptedFileKeyManager] Loading RSA key parameters from file C:\Users\legen\OneDrive\Dokumenti\GitHub\GitHooks\actions-runner\.credentials_rsaparams
[2025-05-24 15:21:00Z INFO ConfigurationStore] HasCredentials()
[2025-05-24 15:21:00Z INFO ConfigurationStore] stored True
[2025-05-24 15:21:00Z INFO CredentialManager] GetCredentialProvider
[2025-05-24 15:21:00Z INFO CredentialManager] Creating type OAuth
[2025-05-24 15:21:00Z INFO CredentialManager] Creating credential type: OAuth
[2025-05-24 15:21:00Z INFO RSAEncryptedFileKeyManager] Loading RSA key parameters from file C:\Users\legen\OneDrive\Dokumenti\GitHub\GitHooks\actions-runner\.credentials_rsaparams
[2025-05-24 15:21:50Z INFO ConfigurationStore] HasCredentials()
[2025-05-24 15:21:50Z INFO ConfigurationStore] stored True
[2025-05-24 15:21:50Z INFO CredentialManager] GetCredentialProvider
[2025-05-24 15:21:50Z INFO CredentialManager] Creating type OAuth
[2025-05-24 15:21:50Z INFO CredentialManager] Creating credential type: OAuth
[2025-05-24 15:21:50Z INFO RSAEncryptedFileKeyManager] Loading RSA key parameters from file C:\Users\legen\OneDrive\Dokumenti\GitHub\GitHooks\actions-runner\.credentials_rsaparams
[2025-05-24 15:22:41Z INFO ConfigurationStore] HasCredentials()
[2025-05-24 15:22:41Z INFO ConfigurationStore] stored True
[2025-05-24 15:22:41Z INFO CredentialManager] GetCredentialProvider
[2025-05-24 15:22:41Z INFO CredentialManager] Creating type OAuth
[2025-05-24 15:22:41Z INFO CredentialManager] Creating credential type: OAuth
[2025-05-24 15:22:41Z INFO RSAEncryptedFileKeyManager] Loading RSA key parameters from file C:\Users\legen\OneDrive\Dokumenti\GitHub\GitHooks\actions-runner\.credentials_rsaparams
[2025-05-24 15:23:31Z INFO ConfigurationStore] HasCredentials()
[2025-05-24 15:23:31Z INFO ConfigurationStore] stored True
[2025-05-24 15:23:31Z INFO CredentialManager] GetCredentialProvider
[2025-05-24 15:23:31Z INFO CredentialManager] Creating type OAuth
[2025-05-24 15:23:31Z INFO CredentialManager] Creating credential type: OAuth
[2025-05-24 15:23:31Z INFO RSAEncryptedFileKeyManager] Loading RSA key parameters from file C:\Users\legen\OneDrive\Dokumenti\GitHub\GitHooks\actions-runner\.credentials_rsaparams
[2025-05-24 15:24:21Z INFO ConfigurationStore] HasCredentials()
[2025-05-24 15:24:21Z INFO ConfigurationStore] stored True
[2025-05-24 15:24:21Z INFO CredentialManager] GetCredentialProvider
[2025-05-24 15:24:21Z INFO CredentialManager] Creating type OAuth
[2025-05-24 15:24:21Z INFO CredentialManager] Creating credential type: OAuth
[2025-05-24 15:24:21Z INFO RSAEncryptedFileKeyManager] Loading RSA key parameters from file C:\Users\legen\OneDrive\Dokumenti\GitHub\GitHooks\actions-runner\.credentials_rsaparams
[2025-05-24 15:25:12Z INFO ConfigurationStore] HasCredentials()
[2025-05-24 15:25:12Z INFO ConfigurationStore] stored True
[2025-05-24 15:25:12Z INFO CredentialManager] GetCredentialProvider
[2025-05-24 15:25:12Z INFO CredentialManager] Creating type OAuth
[2025-05-24 15:25:12Z INFO CredentialManager] Creating credential type: OAuth
[2025-05-24 15:25:12Z INFO RSAEncryptedFileKeyManager] Loading RSA key parameters from file C:\Users\legen\OneDrive\Dokumenti\GitHub\GitHooks\actions-runner\.credentials_rsaparams
[2025-05-24 15:26:02Z INFO MessageListener] No message retrieved from session '2d8f211f-2be3-4e30-a56c-8ea2ed6a58d0' within last 30 minutes.
[2025-05-24 15:26:02Z INFO ConfigurationStore] HasCredentials()
[2025-05-24 15:26:02Z INFO ConfigurationStore] stored True
[2025-05-24 15:26:02Z INFO CredentialManager] GetCredentialProvider
[2025-05-24 15:26:02Z INFO CredentialManager] Creating type OAuth
[2025-05-24 15:26:02Z INFO CredentialManager] Creating credential type: OAuth
[2025-05-24 15:26:02Z INFO RSAEncryptedFileKeyManager] Loading RSA key parameters from file C:\Users\legen\OneDrive\Dokumenti\GitHub\GitHooks\actions-runner\.credentials_rsaparams
[2025-05-24 15:26:53Z INFO ConfigurationStore] HasCredentials()
[2025-05-24 15:26:53Z INFO ConfigurationStore] stored True
[2025-05-24 15:26:53Z INFO CredentialManager] GetCredentialProvider
[2025-05-24 15:26:53Z INFO CredentialManager] Creating type OAuth
[2025-05-24 15:26:53Z INFO CredentialManager] Creating credential type: OAuth
[2025-05-24 15:26:53Z INFO RSAEncryptedFileKeyManager] Loading RSA key parameters from file C:\Users\legen\OneDrive\Dokumenti\GitHub\GitHooks\actions-runner\.credentials_rsaparams
[2025-05-24 15:27:43Z INFO ConfigurationStore] HasCredentials()
[2025-05-24 15:27:43Z INFO ConfigurationStore] stored True
[2025-05-24 15:27:43Z INFO CredentialManager] GetCredentialProvider
[2025-05-24 15:27:43Z INFO CredentialManager] Creating type OAuth
[2025-05-24 15:27:43Z INFO CredentialManager] Creating credential type: OAuth
[2025-05-24 15:27:43Z INFO RSAEncryptedFileKeyManager] Loading RSA key parameters from file C:\Users\legen\OneDrive\Dokumenti\GitHub\GitHooks\actions-runner\.credentials_rsaparams
[2025-05-24 15:28:33Z INFO ConfigurationStore] HasCredentials()
[2025-05-24 15:28:33Z INFO ConfigurationStore] stored True
[2025-05-24 15:28:33Z INFO CredentialManager] GetCredentialProvider
[2025-05-24 15:28:33Z INFO CredentialManager] Creating type OAuth
[2025-05-24 15:28:33Z INFO CredentialManager] Creating credential type: OAuth
[2025-05-24 15:28:33Z INFO RSAEncryptedFileKeyManager] Loading RSA key parameters from file C:\Users\legen\OneDrive\Dokumenti\GitHub\GitHooks\actions-runner\.credentials_rsaparams
[2025-05-24 15:29:24Z INFO ConfigurationStore] HasCredentials()
[2025-05-24 15:29:24Z INFO ConfigurationStore] stored True
[2025-05-24 15:29:24Z INFO CredentialManager] GetCredentialProvider
[2025-05-24 15:29:24Z INFO CredentialManager] Creating type OAuth
[2025-05-24 15:29:24Z INFO CredentialManager] Creating credential type: OAuth
[2025-05-24 15:29:24Z INFO RSAEncryptedFileKeyManager] Loading RSA key parameters from file C:\Users\legen\OneDrive\Dokumenti\GitHub\GitHooks\actions-runner\.credentials_rsaparams
[2025-05-24 15:30:14Z INFO ConfigurationStore] HasCredentials()
[2025-05-24 15:30:14Z INFO ConfigurationStore] stored True
[2025-05-24 15:30:14Z INFO CredentialManager] GetCredentialProvider
[2025-05-24 15:30:14Z INFO CredentialManager] Creating type OAuth
[2025-05-24 15:30:14Z INFO CredentialManager] Creating credential type: OAuth
[2025-05-24 15:30:14Z INFO RSAEncryptedFileKeyManager] Loading RSA key parameters from file C:\Users\legen\OneDrive\Dokumenti\GitHub\GitHooks\actions-runner\.credentials_rsaparams
[2025-05-24 15:31:05Z INFO ConfigurationStore] HasCredentials()
[2025-05-24 15:31:05Z INFO ConfigurationStore] stored True
[2025-05-24 15:31:05Z INFO CredentialManager] GetCredentialProvider
[2025-05-24 15:31:05Z INFO CredentialManager] Creating type OAuth
[2025-05-24 15:31:05Z INFO CredentialManager] Creating credential type: OAuth
[2025-05-24 15:31:05Z INFO RSAEncryptedFileKeyManager] Loading RSA key parameters from file C:\Users\legen\OneDrive\Dokumenti\GitHub\GitHooks\actions-runner\.credentials_rsaparams
[2025-05-24 15:31:55Z INFO ConfigurationStore] HasCredentials()
[2025-05-24 15:31:55Z INFO ConfigurationStore] stored True
[2025-05-24 15:31:55Z INFO CredentialManager] GetCredentialProvider
[2025-05-24 15:31:55Z INFO CredentialManager] Creating type OAuth
[2025-05-24 15:31:55Z INFO CredentialManager] Creating credential type: OAuth
[2025-05-24 15:31:55Z INFO RSAEncryptedFileKeyManager] Loading RSA key parameters from file C:\Users\legen\OneDrive\Dokumenti\GitHub\GitHooks\actions-runner\.credentials_rsaparams
[2025-05-24 15:32:45Z INFO ConfigurationStore] HasCredentials()
[2025-05-24 15:32:45Z INFO ConfigurationStore] stored True
[2025-05-24 15:32:45Z INFO CredentialManager] GetCredentialProvider
[2025-05-24 15:32:45Z INFO CredentialManager] Creating type OAuth
[2025-05-24 15:32:45Z INFO CredentialManager] Creating credential type: OAuth
[2025-05-24 15:32:45Z INFO RSAEncryptedFileKeyManager] Loading RSA key parameters from file C:\Users\legen\OneDrive\Dokumenti\GitHub\GitHooks\actions-runner\.credentials_rsaparams
[2025-05-24 15:33:36Z INFO ConfigurationStore] HasCredentials()
[2025-05-24 15:33:36Z INFO ConfigurationStore] stored True
[2025-05-24 15:33:36Z INFO CredentialManager] GetCredentialProvider
[2025-05-24 15:33:36Z INFO CredentialManager] Creating type OAuth
[2025-05-24 15:33:36Z INFO CredentialManager] Creating credential type: OAuth
[2025-05-24 15:33:36Z INFO RSAEncryptedFileKeyManager] Loading RSA key parameters from file C:\Users\legen\OneDrive\Dokumenti\GitHub\GitHooks\actions-runner\.credentials_rsaparams
[2025-05-24 15:34:26Z INFO ConfigurationStore] HasCredentials()
[2025-05-24 15:34:26Z INFO ConfigurationStore] stored True
[2025-05-24 15:34:26Z INFO CredentialManager] GetCredentialProvider
[2025-05-24 15:34:26Z INFO CredentialManager] Creating type OAuth
[2025-05-24 15:34:26Z INFO CredentialManager] Creating credential type: OAuth
[2025-05-24 15:34:26Z INFO RSAEncryptedFileKeyManager] Loading RSA key parameters from file C:\Users\legen\OneDrive\Dokumenti\GitHub\GitHooks\actions-runner\.credentials_rsaparams
[2025-05-24 15:35:16Z INFO ConfigurationStore] HasCredentials()
[2025-05-24 15:35:16Z INFO ConfigurationStore] stored True
[2025-05-24 15:35:16Z INFO CredentialManager] GetCredentialProvider
[2025-05-24 15:35:16Z INFO CredentialManager] Creating type OAuth
[2025-05-24 15:35:16Z INFO CredentialManager] Creating credential type: OAuth
[2025-05-24 15:35:16Z INFO RSAEncryptedFileKeyManager] Loading RSA key parameters from file C:\Users\legen\OneDrive\Dokumenti\GitHub\GitHooks\actions-runner\.credentials_rsaparams
[2025-05-24 15:36:07Z INFO ConfigurationStore] HasCredentials()
[2025-05-24 15:36:07Z INFO ConfigurationStore] stored True
[2025-05-24 15:36:07Z INFO CredentialManager] GetCredentialProvider
[2025-05-24 15:36:07Z INFO CredentialManager] Creating type OAuth
[2025-05-24 15:36:07Z INFO CredentialManager] Creating credential type: OAuth
[2025-05-24 15:36:07Z INFO RSAEncryptedFileKeyManager] Loading RSA key parameters from file C:\Users\legen\OneDrive\Dokumenti\GitHub\GitHooks\actions-runner\.credentials_rsaparams
[2025-05-24 15:36:57Z INFO ConfigurationStore] HasCredentials()
[2025-05-24 15:36:57Z INFO ConfigurationStore] stored True
[2025-05-24 15:36:57Z INFO CredentialManager] GetCredentialProvider
[2025-05-24 15:36:57Z INFO CredentialManager] Creating type OAuth
[2025-05-24 15:36:57Z INFO CredentialManager] Creating credential type: OAuth
[2025-05-24 15:36:57Z INFO RSAEncryptedFileKeyManager] Loading RSA key parameters from file C:\Users\legen\OneDrive\Dokumenti\GitHub\GitHooks\actions-runner\.credentials_rsaparams
[2025-05-24 15:37:48Z INFO ConfigurationStore] HasCredentials()
[2025-05-24 15:37:48Z INFO ConfigurationStore] stored True
[2025-05-24 15:37:48Z INFO CredentialManager] GetCredentialProvider
[2025-05-24 15:37:48Z INFO CredentialManager] Creating type OAuth
[2025-05-24 15:37:48Z INFO CredentialManager] Creating credential type: OAuth
[2025-05-24 15:37:48Z INFO RSAEncryptedFileKeyManager] Loading RSA key parameters from file C:\Users\legen\OneDrive\Dokumenti\GitHub\GitHooks\actions-runner\.credentials_rsaparams
[2025-05-24 15:38:38Z INFO ConfigurationStore] HasCredentials()
[2025-05-24 15:38:38Z INFO ConfigurationStore] stored True
[2025-05-24 15:38:38Z INFO CredentialManager] GetCredentialProvider
[2025-05-24 15:38:38Z INFO CredentialManager] Creating type OAuth
[2025-05-24 15:38:38Z INFO CredentialManager] Creating credential type: OAuth
[2025-05-24 15:38:38Z INFO RSAEncryptedFileKeyManager] Loading RSA key parameters from file C:\Users\legen\OneDrive\Dokumenti\GitHub\GitHooks\actions-runner\.credentials_rsaparams
[2025-05-24 15:39:28Z INFO ConfigurationStore] HasCredentials()
[2025-05-24 15:39:28Z INFO ConfigurationStore] stored True
[2025-05-24 15:39:28Z INFO CredentialManager] GetCredentialProvider
[2025-05-24 15:39:28Z INFO CredentialManager] Creating type OAuth
[2025-05-24 15:39:28Z INFO CredentialManager] Creating credential type: OAuth
[2025-05-24 15:39:28Z INFO RSAEncryptedFileKeyManager] Loading RSA key parameters from file C:\Users\legen\OneDrive\Dokumenti\GitHub\GitHooks\actions-runner\.credentials_rsaparams
[2025-05-24 15:40:19Z INFO ConfigurationStore] HasCredentials()
[2025-05-24 15:40:19Z INFO ConfigurationStore] stored True
[2025-05-24 15:40:19Z INFO CredentialManager] GetCredentialProvider
[2025-05-24 15:40:19Z INFO CredentialManager] Creating type OAuth
[2025-05-24 15:40:19Z INFO CredentialManager] Creating credential type: OAuth
[2025-05-24 15:40:19Z INFO RSAEncryptedFileKeyManager] Loading RSA key parameters from file C:\Users\legen\OneDrive\Dokumenti\GitHub\GitHooks\actions-runner\.credentials_rsaparams
[2025-05-24 15:41:09Z INFO ConfigurationStore] HasCredentials()
[2025-05-24 15:41:09Z INFO ConfigurationStore] stored True
[2025-05-24 15:41:09Z INFO CredentialManager] GetCredentialProvider
[2025-05-24 15:41:09Z INFO CredentialManager] Creating type OAuth
[2025-05-24 15:41:09Z INFO CredentialManager] Creating credential type: OAuth
[2025-05-24 15:41:09Z INFO RSAEncryptedFileKeyManager] Loading RSA key parameters from file C:\Users\legen\OneDrive\Dokumenti\GitHub\GitHooks\actions-runner\.credentials_rsaparams
[2025-05-24 15:42:00Z INFO ConfigurationStore] HasCredentials()
[2025-05-24 15:42:00Z INFO ConfigurationStore] stored True
[2025-05-24 15:42:00Z INFO CredentialManager] GetCredentialProvider
[2025-05-24 15:42:00Z INFO CredentialManager] Creating type OAuth
[2025-05-24 15:42:00Z INFO CredentialManager] Creating credential type: OAuth
[2025-05-24 15:42:00Z INFO RSAEncryptedFileKeyManager] Loading RSA key parameters from file C:\Users\legen\OneDrive\Dokumenti\GitHub\GitHooks\actions-runner\.credentials_rsaparams
[2025-05-24 15:42:50Z INFO ConfigurationStore] HasCredentials()
[2025-05-24 15:42:50Z INFO ConfigurationStore] stored True
[2025-05-24 15:42:50Z INFO CredentialManager] GetCredentialProvider
[2025-05-24 15:42:50Z INFO CredentialManager] Creating type OAuth
[2025-05-24 15:42:50Z INFO CredentialManager] Creating credential type: OAuth
[2025-05-24 15:42:50Z INFO RSAEncryptedFileKeyManager] Loading RSA key parameters from file C:\Users\legen\OneDrive\Dokumenti\GitHub\GitHooks\actions-runner\.credentials_rsaparams
[2025-05-24 15:43:40Z INFO ConfigurationStore] HasCredentials()
[2025-05-24 15:43:40Z INFO ConfigurationStore] stored True
[2025-05-24 15:43:40Z INFO CredentialManager] GetCredentialProvider
[2025-05-24 15:43:40Z INFO CredentialManager] Creating type OAuth
[2025-05-24 15:43:40Z INFO CredentialManager] Creating credential type: OAuth
[2025-05-24 15:43:40Z INFO RSAEncryptedFileKeyManager] Loading RSA key parameters from file C:\Users\legen\OneDrive\Dokumenti\GitHub\GitHooks\actions-runner\.credentials_rsaparams
[2025-05-24 15:44:31Z INFO ConfigurationStore] HasCredentials()
[2025-05-24 15:44:31Z INFO ConfigurationStore] stored True
[2025-05-24 15:44:31Z INFO CredentialManager] GetCredentialProvider
[2025-05-24 15:44:31Z INFO CredentialManager] Creating type OAuth
[2025-05-24 15:44:31Z INFO CredentialManager] Creating credential type: OAuth
[2025-05-24 15:44:31Z INFO RSAEncryptedFileKeyManager] Loading RSA key parameters from file C:\Users\legen\OneDrive\Dokumenti\GitHub\GitHooks\actions-runner\.credentials_rsaparams
[2025-05-24 15:45:21Z INFO ConfigurationStore] HasCredentials()
[2025-05-24 15:45:21Z INFO ConfigurationStore] stored True
[2025-05-24 15:45:21Z INFO CredentialManager] GetCredentialProvider
[2025-05-24 15:45:21Z INFO CredentialManager] Creating type OAuth
[2025-05-24 15:45:21Z INFO CredentialManager] Creating credential type: OAuth
[2025-05-24 15:45:21Z INFO RSAEncryptedFileKeyManager] Loading RSA key parameters from file C:\Users\legen\OneDrive\Dokumenti\GitHub\GitHooks\actions-runner\.credentials_rsaparams
[2025-05-24 15:45:21Z INFO RSAEncryptedFileKeyManager] Loading RSA key parameters from file C:\Users\legen\OneDrive\Dokumenti\GitHub\GitHooks\actions-runner\.credentials_rsaparams
[2025-05-24 15:45:22Z INFO GitHubActionsService] AAD Correlation ID for this token request: Unknown
[2025-05-24 15:46:12Z INFO ConfigurationStore] HasCredentials()
[2025-05-24 15:46:12Z INFO ConfigurationStore] stored True
[2025-05-24 15:46:12Z INFO CredentialManager] GetCredentialProvider
[2025-05-24 15:46:12Z INFO CredentialManager] Creating type OAuth
[2025-05-24 15:46:12Z INFO CredentialManager] Creating credential type: OAuth
[2025-05-24 15:46:12Z INFO RSAEncryptedFileKeyManager] Loading RSA key parameters from file C:\Users\legen\OneDrive\Dokumenti\GitHub\GitHooks\actions-runner\.credentials_rsaparams
[2025-05-24 15:47:03Z INFO ConfigurationStore] HasCredentials()
[2025-05-24 15:47:03Z INFO ConfigurationStore] stored True
[2025-05-24 15:47:03Z INFO CredentialManager] GetCredentialProvider
[2025-05-24 15:47:03Z INFO CredentialManager] Creating type OAuth
[2025-05-24 15:47:03Z INFO CredentialManager] Creating credential type: OAuth
[2025-05-24 15:47:03Z INFO RSAEncryptedFileKeyManager] Loading RSA key parameters from file C:\Users\legen\OneDrive\Dokumenti\GitHub\GitHooks\actions-runner\.credentials_rsaparams
[2025-05-24 15:47:53Z INFO ConfigurationStore] HasCredentials()
[2025-05-24 15:47:53Z INFO ConfigurationStore] stored True
[2025-05-24 15:47:53Z INFO CredentialManager] GetCredentialProvider
[2025-05-24 15:47:53Z INFO CredentialManager] Creating type OAuth
[2025-05-24 15:47:53Z INFO CredentialManager] Creating credential type: OAuth
[2025-05-24 15:47:53Z INFO RSAEncryptedFileKeyManager] Loading RSA key parameters from file C:\Users\legen\OneDrive\Dokumenti\GitHub\GitHooks\actions-runner\.credentials_rsaparams
[2025-05-24 15:48:44Z INFO ConfigurationStore] HasCredentials()
[2025-05-24 15:48:44Z INFO ConfigurationStore] stored True
[2025-05-24 15:48:44Z INFO CredentialManager] GetCredentialProvider
[2025-05-24 15:48:44Z INFO CredentialManager] Creating type OAuth
[2025-05-24 15:48:44Z INFO CredentialManager] Creating credential type: OAuth
[2025-05-24 15:48:44Z INFO RSAEncryptedFileKeyManager] Loading RSA key parameters from file C:\Users\legen\OneDrive\Dokumenti\GitHub\GitHooks\actions-runner\.credentials_rsaparams
[2025-05-24 15:49:34Z INFO ConfigurationStore] HasCredentials()
[2025-05-24 15:49:34Z INFO ConfigurationStore] stored True
[2025-05-24 15:49:34Z INFO CredentialManager] GetCredentialProvider
[2025-05-24 15:49:34Z INFO CredentialManager] Creating type OAuth
[2025-05-24 15:49:34Z INFO CredentialManager] Creating credential type: OAuth
[2025-05-24 15:49:34Z INFO RSAEncryptedFileKeyManager] Loading RSA key parameters from file C:\Users\legen\OneDrive\Dokumenti\GitHub\GitHooks\actions-runner\.credentials_rsaparams
[2025-05-24 15:50:24Z INFO ConfigurationStore] HasCredentials()
[2025-05-24 15:50:24Z INFO ConfigurationStore] stored True
[2025-05-24 15:50:24Z INFO CredentialManager] GetCredentialProvider
[2025-05-24 15:50:24Z INFO CredentialManager] Creating type OAuth
[2025-05-24 15:50:24Z INFO CredentialManager] Creating credential type: OAuth
[2025-05-24 15:50:24Z INFO RSAEncryptedFileKeyManager] Loading RSA key parameters from file C:\Users\legen\OneDrive\Dokumenti\GitHub\GitHooks\actions-runner\.credentials_rsaparams
[2025-05-24 15:51:15Z INFO RSAEncryptedFileKeyManager] Loading RSA key parameters from file C:\Users\legen\OneDrive\Dokumenti\GitHub\GitHooks\actions-runner\.credentials_rsaparams
[2025-05-24 15:51:16Z INFO GitHubActionsService] AAD Correlation ID for this token request: Unknown
[2025-05-24 15:51:16Z INFO ConfigurationStore] HasCredentials()
[2025-05-24 15:51:16Z INFO ConfigurationStore] stored True
[2025-05-24 15:51:16Z INFO CredentialManager] GetCredentialProvider
[2025-05-24 15:51:16Z INFO CredentialManager] Creating type OAuth
[2025-05-24 15:51:16Z INFO CredentialManager] Creating credential type: OAuth
[2025-05-24 15:51:16Z INFO RSAEncryptedFileKeyManager] Loading RSA key parameters from file C:\Users\legen\OneDrive\Dokumenti\GitHub\GitHooks\actions-runner\.credentials_rsaparams
[2025-05-24 15:52:06Z INFO ConfigurationStore] HasCredentials()
[2025-05-24 15:52:06Z INFO ConfigurationStore] stored True
[2025-05-24 15:52:06Z INFO CredentialManager] GetCredentialProvider
[2025-05-24 15:52:06Z INFO CredentialManager] Creating type OAuth
[2025-05-24 15:52:06Z INFO CredentialManager] Creating credential type: OAuth
[2025-05-24 15:52:06Z INFO RSAEncryptedFileKeyManager] Loading RSA key parameters from file C:\Users\legen\OneDrive\Dokumenti\GitHub\GitHooks\actions-runner\.credentials_rsaparams
[2025-05-24 15:52:57Z INFO ConfigurationStore] HasCredentials()
[2025-05-24 15:52:57Z INFO ConfigurationStore] stored True
[2025-05-24 15:52:57Z INFO CredentialManager] GetCredentialProvider
[2025-05-24 15:52:57Z INFO CredentialManager] Creating type OAuth
[2025-05-24 15:52:57Z INFO CredentialManager] Creating credential type: OAuth
[2025-05-24 15:52:57Z INFO RSAEncryptedFileKeyManager] Loading RSA key parameters from file C:\Users\legen\OneDrive\Dokumenti\GitHub\GitHooks\actions-runner\.credentials_rsaparams
[2025-05-24 15:53:47Z INFO ConfigurationStore] HasCredentials()
[2025-05-24 15:53:47Z INFO ConfigurationStore] stored True
[2025-05-24 15:53:47Z INFO CredentialManager] GetCredentialProvider
[2025-05-24 15:53:47Z INFO CredentialManager] Creating type OAuth
[2025-05-24 15:53:47Z INFO CredentialManager] Creating credential type: OAuth
[2025-05-24 15:53:47Z INFO RSAEncryptedFileKeyManager] Loading RSA key parameters from file C:\Users\legen\OneDrive\Dokumenti\GitHub\GitHooks\actions-runner\.credentials_rsaparams
[2025-05-24 15:54:37Z INFO ConfigurationStore] HasCredentials()
[2025-05-24 15:54:37Z INFO ConfigurationStore] stored True
[2025-05-24 15:54:37Z INFO CredentialManager] GetCredentialProvider
[2025-05-24 15:54:37Z INFO CredentialManager] Creating type OAuth
[2025-05-24 15:54:37Z INFO CredentialManager] Creating credential type: OAuth
[2025-05-24 15:54:37Z INFO RSAEncryptedFileKeyManager] Loading RSA key parameters from file C:\Users\legen\OneDrive\Dokumenti\GitHub\GitHooks\actions-runner\.credentials_rsaparams
[2025-05-24 15:55:28Z INFO ConfigurationStore] HasCredentials()
[2025-05-24 15:55:28Z INFO ConfigurationStore] stored True
[2025-05-24 15:55:28Z INFO CredentialManager] GetCredentialProvider
[2025-05-24 15:55:28Z INFO CredentialManager] Creating type OAuth
[2025-05-24 15:55:28Z INFO CredentialManager] Creating credential type: OAuth
[2025-05-24 15:55:28Z INFO RSAEncryptedFileKeyManager] Loading RSA key parameters from file C:\Users\legen\OneDrive\Dokumenti\GitHub\GitHooks\actions-runner\.credentials_rsaparams
[2025-05-24 15:56:18Z INFO MessageListener] No message retrieved from session '2d8f211f-2be3-4e30-a56c-8ea2ed6a58d0' within last 30 minutes.
[2025-05-24 15:56:18Z INFO ConfigurationStore] HasCredentials()
[2025-05-24 15:56:18Z INFO ConfigurationStore] stored True
[2025-05-24 15:56:18Z INFO CredentialManager] GetCredentialProvider
[2025-05-24 15:56:18Z INFO CredentialManager] Creating type OAuth
[2025-05-24 15:56:18Z INFO CredentialManager] Creating credential type: OAuth
[2025-05-24 15:56:18Z INFO RSAEncryptedFileKeyManager] Loading RSA key parameters from file C:\Users\legen\OneDrive\Dokumenti\GitHub\GitHooks\actions-runner\.credentials_rsaparams
[2025-05-24 15:57:09Z INFO ConfigurationStore] HasCredentials()
[2025-05-24 15:57:09Z INFO ConfigurationStore] stored True
[2025-05-24 15:57:09Z INFO CredentialManager] GetCredentialProvider
[2025-05-24 15:57:09Z INFO CredentialManager] Creating type OAuth
[2025-05-24 15:57:09Z INFO CredentialManager] Creating credential type: OAuth
[2025-05-24 15:57:09Z INFO RSAEncryptedFileKeyManager] Loading RSA key parameters from file C:\Users\legen\OneDrive\Dokumenti\GitHub\GitHooks\actions-runner\.credentials_rsaparams
[2025-05-24 15:57:59Z INFO ConfigurationStore] HasCredentials()
[2025-05-24 15:57:59Z INFO ConfigurationStore] stored True
[2025-05-24 15:57:59Z INFO CredentialManager] GetCredentialProvider
[2025-05-24 15:57:59Z INFO CredentialManager] Creating type OAuth
[2025-05-24 15:57:59Z INFO CredentialManager] Creating credential type: OAuth
[2025-05-24 15:57:59Z INFO RSAEncryptedFileKeyManager] Loading RSA key parameters from file C:\Users\legen\OneDrive\Dokumenti\GitHub\GitHooks\actions-runner\.credentials_rsaparams
[2025-05-24 15:58:50Z INFO ConfigurationStore] HasCredentials()
[2025-05-24 15:58:50Z INFO ConfigurationStore] stored True
[2025-05-24 15:58:50Z INFO CredentialManager] GetCredentialProvider
[2025-05-24 15:58:50Z INFO CredentialManager] Creating type OAuth
[2025-05-24 15:58:50Z INFO CredentialManager] Creating credential type: OAuth
[2025-05-24 15:58:50Z INFO RSAEncryptedFileKeyManager] Loading RSA key parameters from file C:\Users\legen\OneDrive\Dokumenti\GitHub\GitHooks\actions-runner\.credentials_rsaparams
[2025-05-24 15:59:40Z INFO ConfigurationStore] HasCredentials()
[2025-05-24 15:59:40Z INFO ConfigurationStore] stored True
[2025-05-24 15:59:40Z INFO CredentialManager] GetCredentialProvider
[2025-05-24 15:59:40Z INFO CredentialManager] Creating type OAuth
[2025-05-24 15:59:40Z INFO CredentialManager] Creating credential type: OAuth
[2025-05-24 15:59:40Z INFO RSAEncryptedFileKeyManager] Loading RSA key parameters from file C:\Users\legen\OneDrive\Dokumenti\GitHub\GitHooks\actions-runner\.credentials_rsaparams
[2025-05-24 16:00:31Z INFO ConfigurationStore] HasCredentials()
[2025-05-24 16:00:31Z INFO ConfigurationStore] stored True
[2025-05-24 16:00:31Z INFO CredentialManager] GetCredentialProvider
[2025-05-24 16:00:31Z INFO CredentialManager] Creating type OAuth
[2025-05-24 16:00:31Z INFO CredentialManager] Creating credential type: OAuth
[2025-05-24 16:00:31Z INFO RSAEncryptedFileKeyManager] Loading RSA key parameters from file C:\Users\legen\OneDrive\Dokumenti\GitHub\GitHooks\actions-runner\.credentials_rsaparams
[2025-05-24 16:01:21Z INFO ConfigurationStore] HasCredentials()
[2025-05-24 16:01:21Z INFO ConfigurationStore] stored True
[2025-05-24 16:01:21Z INFO CredentialManager] GetCredentialProvider
[2025-05-24 16:01:21Z INFO CredentialManager] Creating type OAuth
[2025-05-24 16:01:21Z INFO CredentialManager] Creating credential type: OAuth
[2025-05-24 16:01:21Z INFO RSAEncryptedFileKeyManager] Loading RSA key parameters from file C:\Users\legen\OneDrive\Dokumenti\GitHub\GitHooks\actions-runner\.credentials_rsaparams
[2025-05-24 16:02:11Z INFO ConfigurationStore] HasCredentials()
[2025-05-24 16:02:11Z INFO ConfigurationStore] stored True
[2025-05-24 16:02:11Z INFO CredentialManager] GetCredentialProvider
[2025-05-24 16:02:11Z INFO CredentialManager] Creating type OAuth
[2025-05-24 16:02:11Z INFO CredentialManager] Creating credential type: OAuth
[2025-05-24 16:02:11Z INFO RSAEncryptedFileKeyManager] Loading RSA key parameters from file C:\Users\legen\OneDrive\Dokumenti\GitHub\GitHooks\actions-runner\.credentials_rsaparams
[2025-05-24 16:03:02Z INFO ConfigurationStore] HasCredentials()
[2025-05-24 16:03:02Z INFO ConfigurationStore] stored True
[2025-05-24 16:03:02Z INFO CredentialManager] GetCredentialProvider
[2025-05-24 16:03:02Z INFO CredentialManager] Creating type OAuth
[2025-05-24 16:03:02Z INFO CredentialManager] Creating credential type: OAuth
[2025-05-24 16:03:02Z INFO RSAEncryptedFileKeyManager] Loading RSA key parameters from file C:\Users\legen\OneDrive\Dokumenti\GitHub\GitHooks\actions-runner\.credentials_rsaparams
[2025-05-24 16:03:52Z INFO ConfigurationStore] HasCredentials()
[2025-05-24 16:03:52Z INFO ConfigurationStore] stored True
[2025-05-24 16:03:52Z INFO CredentialManager] GetCredentialProvider
[2025-05-24 16:03:52Z INFO CredentialManager] Creating type OAuth
[2025-05-24 16:03:52Z INFO CredentialManager] Creating credential type: OAuth
[2025-05-24 16:03:52Z INFO RSAEncryptedFileKeyManager] Loading RSA key parameters from file C:\Users\legen\OneDrive\Dokumenti\GitHub\GitHooks\actions-runner\.credentials_rsaparams
[2025-05-24 16:04:43Z INFO ConfigurationStore] HasCredentials()
[2025-05-24 16:04:43Z INFO ConfigurationStore] stored True
[2025-05-24 16:04:43Z INFO CredentialManager] GetCredentialProvider
[2025-05-24 16:04:43Z INFO CredentialManager] Creating type OAuth
[2025-05-24 16:04:43Z INFO CredentialManager] Creating credential type: OAuth
[2025-05-24 16:04:43Z INFO RSAEncryptedFileKeyManager] Loading RSA key parameters from file C:\Users\legen\OneDrive\Dokumenti\GitHub\GitHooks\actions-runner\.credentials_rsaparams
[2025-05-24 16:05:33Z INFO ConfigurationStore] HasCredentials()
[2025-05-24 16:05:33Z INFO ConfigurationStore] stored True
[2025-05-24 16:05:33Z INFO CredentialManager] GetCredentialProvider
[2025-05-24 16:05:33Z INFO CredentialManager] Creating type OAuth
[2025-05-24 16:05:33Z INFO CredentialManager] Creating credential type: OAuth
[2025-05-24 16:05:33Z INFO RSAEncryptedFileKeyManager] Loading RSA key parameters from file C:\Users\legen\OneDrive\Dokumenti\GitHub\GitHooks\actions-runner\.credentials_rsaparams
[2025-05-24 16:06:23Z INFO ConfigurationStore] HasCredentials()
[2025-05-24 16:06:23Z INFO ConfigurationStore] stored True
[2025-05-24 16:06:23Z INFO CredentialManager] GetCredentialProvider
[2025-05-24 16:06:23Z INFO CredentialManager] Creating type OAuth
[2025-05-24 16:06:23Z INFO CredentialManager] Creating credential type: OAuth
[2025-05-24 16:06:23Z INFO RSAEncryptedFileKeyManager] Loading RSA key parameters from file C:\Users\legen\OneDrive\Dokumenti\GitHub\GitHooks\actions-runner\.credentials_rsaparams
[2025-05-24 16:07:14Z INFO ConfigurationStore] HasCredentials()
[2025-05-24 16:07:14Z INFO ConfigurationStore] stored True
[2025-05-24 16:07:14Z INFO CredentialManager] GetCredentialProvider
[2025-05-24 16:07:14Z INFO CredentialManager] Creating type OAuth
[2025-05-24 16:07:14Z INFO CredentialManager] Creating credential type: OAuth
[2025-05-24 16:07:14Z INFO RSAEncryptedFileKeyManager] Loading RSA key parameters from file C:\Users\legen\OneDrive\Dokumenti\GitHub\GitHooks\actions-runner\.credentials_rsaparams
[2025-05-24 16:08:04Z INFO ConfigurationStore] HasCredentials()
[2025-05-24 16:08:04Z INFO ConfigurationStore] stored True
[2025-05-24 16:08:04Z INFO CredentialManager] GetCredentialProvider
[2025-05-24 16:08:04Z INFO CredentialManager] Creating type OAuth
[2025-05-24 16:08:04Z INFO CredentialManager] Creating credential type: OAuth
[2025-05-24 16:08:04Z INFO RSAEncryptedFileKeyManager] Loading RSA key parameters from file C:\Users\legen\OneDrive\Dokumenti\GitHub\GitHooks\actions-runner\.credentials_rsaparams
[2025-05-24 16:08:55Z INFO ConfigurationStore] HasCredentials()
[2025-05-24 16:08:55Z INFO ConfigurationStore] stored True
[2025-05-24 16:08:55Z INFO CredentialManager] GetCredentialProvider
[2025-05-24 16:08:55Z INFO CredentialManager] Creating type OAuth
[2025-05-24 16:08:55Z INFO CredentialManager] Creating credential type: OAuth
[2025-05-24 16:08:55Z INFO RSAEncryptedFileKeyManager] Loading RSA key parameters from file C:\Users\legen\OneDrive\Dokumenti\GitHub\GitHooks\actions-runner\.credentials_rsaparams
[2025-05-24 16:09:45Z INFO ConfigurationStore] HasCredentials()
[2025-05-24 16:09:45Z INFO ConfigurationStore] stored True
[2025-05-24 16:09:45Z INFO CredentialManager] GetCredentialProvider
[2025-05-24 16:09:45Z INFO CredentialManager] Creating type OAuth
[2025-05-24 16:09:45Z INFO CredentialManager] Creating credential type: OAuth
[2025-05-24 16:09:45Z INFO RSAEncryptedFileKeyManager] Loading RSA key parameters from file C:\Users\legen\OneDrive\Dokumenti\GitHub\GitHooks\actions-runner\.credentials_rsaparams
[2025-05-24 16:10:35Z INFO ConfigurationStore] HasCredentials()
[2025-05-24 16:10:35Z INFO ConfigurationStore] stored True
[2025-05-24 16:10:35Z INFO CredentialManager] GetCredentialProvider
[2025-05-24 16:10:35Z INFO CredentialManager] Creating type OAuth
[2025-05-24 16:10:35Z INFO CredentialManager] Creating credential type: OAuth
[2025-05-24 16:10:35Z INFO RSAEncryptedFileKeyManager] Loading RSA key parameters from file C:\Users\legen\OneDrive\Dokumenti\GitHub\GitHooks\actions-runner\.credentials_rsaparams
[2025-05-24 16:11:26Z INFO ConfigurationStore] HasCredentials()
[2025-05-24 16:11:26Z INFO ConfigurationStore] stored True
[2025-05-24 16:11:26Z INFO CredentialManager] GetCredentialProvider
[2025-05-24 16:11:26Z INFO CredentialManager] Creating type OAuth
[2025-05-24 16:11:26Z INFO CredentialManager] Creating credential type: OAuth
[2025-05-24 16:11:26Z INFO RSAEncryptedFileKeyManager] Loading RSA key parameters from file C:\Users\legen\OneDrive\Dokumenti\GitHub\GitHooks\actions-runner\.credentials_rsaparams
[2025-05-24 16:12:16Z INFO ConfigurationStore] HasCredentials()
[2025-05-24 16:12:16Z INFO ConfigurationStore] stored True
[2025-05-24 16:12:16Z INFO CredentialManager] GetCredentialProvider
[2025-05-24 16:12:16Z INFO CredentialManager] Creating type OAuth
[2025-05-24 16:12:16Z INFO CredentialManager] Creating credential type: OAuth
[2025-05-24 16:12:16Z INFO RSAEncryptedFileKeyManager] Loading RSA key parameters from file C:\Users\legen\OneDrive\Dokumenti\GitHub\GitHooks\actions-runner\.credentials_rsaparams
[2025-05-24 16:13:07Z INFO ConfigurationStore] HasCredentials()
[2025-05-24 16:13:07Z INFO ConfigurationStore] stored True
[2025-05-24 16:13:07Z INFO CredentialManager] GetCredentialProvider
[2025-05-24 16:13:07Z INFO CredentialManager] Creating type OAuth
[2025-05-24 16:13:07Z INFO CredentialManager] Creating credential type: OAuth
[2025-05-24 16:13:07Z INFO RSAEncryptedFileKeyManager] Loading RSA key parameters from file C:\Users\legen\OneDrive\Dokumenti\GitHub\GitHooks\actions-runner\.credentials_rsaparams
[2025-05-24 16:13:57Z INFO ConfigurationStore] HasCredentials()
[2025-05-24 16:13:57Z INFO ConfigurationStore] stored True
[2025-05-24 16:13:57Z INFO CredentialManager] GetCredentialProvider
[2025-05-24 16:13:57Z INFO CredentialManager] Creating type OAuth
[2025-05-24 16:13:57Z INFO CredentialManager] Creating credential type: OAuth
[2025-05-24 16:13:57Z INFO RSAEncryptedFileKeyManager] Loading RSA key parameters from file C:\Users\legen\OneDrive\Dokumenti\GitHub\GitHooks\actions-runner\.credentials_rsaparams
[2025-05-24 16:14:47Z INFO ConfigurationStore] HasCredentials()
[2025-05-24 16:14:47Z INFO ConfigurationStore] stored True
[2025-05-24 16:14:47Z INFO CredentialManager] GetCredentialProvider
[2025-05-24 16:14:47Z INFO CredentialManager] Creating type OAuth
[2025-05-24 16:14:47Z INFO CredentialManager] Creating credential type: OAuth
[2025-05-24 16:14:47Z INFO RSAEncryptedFileKeyManager] Loading RSA key parameters from file C:\Users\legen\OneDrive\Dokumenti\GitHub\GitHooks\actions-runner\.credentials_rsaparams
[2025-05-24 16:15:38Z INFO ConfigurationStore] HasCredentials()
[2025-05-24 16:15:38Z INFO ConfigurationStore] stored True
[2025-05-24 16:15:38Z INFO CredentialManager] GetCredentialProvider
[2025-05-24 16:15:38Z INFO CredentialManager] Creating type OAuth
[2025-05-24 16:15:38Z INFO CredentialManager] Creating credential type: OAuth
[2025-05-24 16:15:38Z INFO RSAEncryptedFileKeyManager] Loading RSA key parameters from file C:\Users\legen\OneDrive\Dokumenti\GitHub\GitHooks\actions-runner\.credentials_rsaparams
[2025-05-24 16:16:28Z INFO ConfigurationStore] HasCredentials()
[2025-05-24 16:16:28Z INFO ConfigurationStore] stored True
[2025-05-24 16:16:28Z INFO CredentialManager] GetCredentialProvider
[2025-05-24 16:16:28Z INFO CredentialManager] Creating type OAuth
[2025-05-24 16:16:28Z INFO CredentialManager] Creating credential type: OAuth
[2025-05-24 16:16:28Z INFO RSAEncryptedFileKeyManager] Loading RSA key parameters from file C:\Users\legen\OneDrive\Dokumenti\GitHub\GitHooks\actions-runner\.credentials_rsaparams
[2025-05-24 16:17:19Z INFO ConfigurationStore] HasCredentials()
[2025-05-24 16:17:19Z INFO ConfigurationStore] stored True
[2025-05-24 16:17:19Z INFO CredentialManager] GetCredentialProvider
[2025-05-24 16:17:19Z INFO CredentialManager] Creating type OAuth
[2025-05-24 16:17:19Z INFO CredentialManager] Creating credential type: OAuth
[2025-05-24 16:17:19Z INFO RSAEncryptedFileKeyManager] Loading RSA key parameters from file C:\Users\legen\OneDrive\Dokumenti\GitHub\GitHooks\actions-runner\.credentials_rsaparams
[2025-05-24 16:18:09Z INFO ConfigurationStore] HasCredentials()
[2025-05-24 16:18:09Z INFO ConfigurationStore] stored True
[2025-05-24 16:18:09Z INFO CredentialManager] GetCredentialProvider
[2025-05-24 16:18:09Z INFO CredentialManager] Creating type OAuth
[2025-05-24 16:18:09Z INFO CredentialManager] Creating credential type: OAuth
[2025-05-24 16:18:09Z INFO RSAEncryptedFileKeyManager] Loading RSA key parameters from file C:\Users\legen\OneDrive\Dokumenti\GitHub\GitHooks\actions-runner\.credentials_rsaparams
[2025-05-24 16:18:59Z INFO ConfigurationStore] HasCredentials()
[2025-05-24 16:18:59Z INFO ConfigurationStore] stored True
[2025-05-24 16:18:59Z INFO CredentialManager] GetCredentialProvider
[2025-05-24 16:18:59Z INFO CredentialManager] Creating type OAuth
[2025-05-24 16:18:59Z INFO CredentialManager] Creating credential type: OAuth
[2025-05-24 16:18:59Z INFO RSAEncryptedFileKeyManager] Loading RSA key parameters from file C:\Users\legen\OneDrive\Dokumenti\GitHub\GitHooks\actions-runner\.credentials_rsaparams
[2025-05-24 16:19:50Z INFO ConfigurationStore] HasCredentials()
[2025-05-24 16:19:50Z INFO ConfigurationStore] stored True
[2025-05-24 16:19:50Z INFO CredentialManager] GetCredentialProvider
[2025-05-24 16:19:50Z INFO CredentialManager] Creating type OAuth
[2025-05-24 16:19:50Z INFO CredentialManager] Creating credential type: OAuth
[2025-05-24 16:19:50Z INFO RSAEncryptedFileKeyManager] Loading RSA key parameters from file C:\Users\legen\OneDrive\Dokumenti\GitHub\GitHooks\actions-runner\.credentials_rsaparams
[2025-05-24 16:20:40Z INFO ConfigurationStore] HasCredentials()
[2025-05-24 16:20:40Z INFO ConfigurationStore] stored True
[2025-05-24 16:20:40Z INFO CredentialManager] GetCredentialProvider
[2025-05-24 16:20:40Z INFO CredentialManager] Creating type OAuth
[2025-05-24 16:20:40Z INFO CredentialManager] Creating credential type: OAuth
[2025-05-24 16:20:40Z INFO RSAEncryptedFileKeyManager] Loading RSA key parameters from file C:\Users\legen\OneDrive\Dokumenti\GitHub\GitHooks\actions-runner\.credentials_rsaparams
[2025-05-24 16:21:31Z INFO ConfigurationStore] HasCredentials()
[2025-05-24 16:21:31Z INFO ConfigurationStore] stored True
[2025-05-24 16:21:31Z INFO CredentialManager] GetCredentialProvider
[2025-05-24 16:21:31Z INFO CredentialManager] Creating type OAuth
[2025-05-24 16:21:31Z INFO CredentialManager] Creating credential type: OAuth
[2025-05-24 16:21:31Z INFO RSAEncryptedFileKeyManager] Loading RSA key parameters from file C:\Users\legen\OneDrive\Dokumenti\GitHub\GitHooks\actions-runner\.credentials_rsaparams
[2025-05-24 16:22:21Z INFO ConfigurationStore] HasCredentials()
[2025-05-24 16:22:21Z INFO ConfigurationStore] stored True
[2025-05-24 16:22:21Z INFO CredentialManager] GetCredentialProvider
[2025-05-24 16:22:21Z INFO CredentialManager] Creating type OAuth
[2025-05-24 16:22:21Z INFO CredentialManager] Creating credential type: OAuth
[2025-05-24 16:22:21Z INFO RSAEncryptedFileKeyManager] Loading RSA key parameters from file C:\Users\legen\OneDrive\Dokumenti\GitHub\GitHooks\actions-runner\.credentials_rsaparams
[2025-05-24 16:23:12Z INFO ConfigurationStore] HasCredentials()
[2025-05-24 16:23:12Z INFO ConfigurationStore] stored True
[2025-05-24 16:23:12Z INFO CredentialManager] GetCredentialProvider
[2025-05-24 16:23:12Z INFO CredentialManager] Creating type OAuth
[2025-05-24 16:23:12Z INFO CredentialManager] Creating credential type: OAuth
[2025-05-24 16:23:12Z INFO RSAEncryptedFileKeyManager] Loading RSA key parameters from file C:\Users\legen\OneDrive\Dokumenti\GitHub\GitHooks\actions-runner\.credentials_rsaparams
[2025-05-24 16:24:02Z INFO ConfigurationStore] HasCredentials()
[2025-05-24 16:24:02Z INFO ConfigurationStore] stored True
[2025-05-24 16:24:02Z INFO CredentialManager] GetCredentialProvider
[2025-05-24 16:24:02Z INFO CredentialManager] Creating type OAuth
[2025-05-24 16:24:02Z INFO CredentialManager] Creating credential type: OAuth
[2025-05-24 16:24:02Z INFO RSAEncryptedFileKeyManager] Loading RSA key parameters from file C:\Users\legen\OneDrive\Dokumenti\GitHub\GitHooks\actions-runner\.credentials_rsaparams
[2025-05-24 16:24:52Z INFO ConfigurationStore] HasCredentials()
[2025-05-24 16:24:52Z INFO ConfigurationStore] stored True
[2025-05-24 16:24:52Z INFO CredentialManager] GetCredentialProvider
[2025-05-24 16:24:52Z INFO CredentialManager] Creating type OAuth
[2025-05-24 16:24:52Z INFO CredentialManager] Creating credential type: OAuth
[2025-05-24 16:24:52Z INFO RSAEncryptedFileKeyManager] Loading RSA key parameters from file C:\Users\legen\OneDrive\Dokumenti\GitHub\GitHooks\actions-runner\.credentials_rsaparams
[2025-05-24 16:25:43Z INFO ConfigurationStore] HasCredentials()
[2025-05-24 16:25:43Z INFO ConfigurationStore] stored True
[2025-05-24 16:25:43Z INFO CredentialManager] GetCredentialProvider
[2025-05-24 16:25:43Z INFO CredentialManager] Creating type OAuth
[2025-05-24 16:25:43Z INFO CredentialManager] Creating credential type: OAuth
[2025-05-24 16:25:43Z INFO RSAEncryptedFileKeyManager] Loading RSA key parameters from file C:\Users\legen\OneDrive\Dokumenti\GitHub\GitHooks\actions-runner\.credentials_rsaparams
[2025-05-24 16:26:33Z INFO MessageListener] No message retrieved from session '2d8f211f-2be3-4e30-a56c-8ea2ed6a58d0' within last 30 minutes.
[2025-05-24 16:26:33Z INFO ConfigurationStore] HasCredentials()
[2025-05-24 16:26:33Z INFO ConfigurationStore] stored True
[2025-05-24 16:26:33Z INFO CredentialManager] GetCredentialProvider
[2025-05-24 16:26:33Z INFO CredentialManager] Creating type OAuth
[2025-05-24 16:26:33Z INFO CredentialManager] Creating credential type: OAuth
[2025-05-24 16:26:33Z INFO RSAEncryptedFileKeyManager] Loading RSA key parameters from file C:\Users\legen\OneDrive\Dokumenti\GitHub\GitHooks\actions-runner\.credentials_rsaparams
[2025-05-24 16:27:23Z INFO ConfigurationStore] HasCredentials()
[2025-05-24 16:27:23Z INFO ConfigurationStore] stored True
[2025-05-24 16:27:23Z INFO CredentialManager] GetCredentialProvider
[2025-05-24 16:27:23Z INFO CredentialManager] Creating type OAuth
[2025-05-24 16:27:23Z INFO CredentialManager] Creating credential type: OAuth
[2025-05-24 16:27:23Z INFO RSAEncryptedFileKeyManager] Loading RSA key parameters from file C:\Users\legen\OneDrive\Dokumenti\GitHub\GitHooks\actions-runner\.credentials_rsaparams
[2025-05-24 16:28:14Z INFO ConfigurationStore] HasCredentials()
[2025-05-24 16:28:14Z INFO ConfigurationStore] stored True
[2025-05-24 16:28:14Z INFO CredentialManager] GetCredentialProvider
[2025-05-24 16:28:14Z INFO CredentialManager] Creating type OAuth
[2025-05-24 16:28:14Z INFO CredentialManager] Creating credential type: OAuth
[2025-05-24 16:28:14Z INFO RSAEncryptedFileKeyManager] Loading RSA key parameters from file C:\Users\legen\OneDrive\Dokumenti\GitHub\GitHooks\actions-runner\.credentials_rsaparams
[2025-05-24 16:29:04Z INFO ConfigurationStore] HasCredentials()
[2025-05-24 16:29:04Z INFO ConfigurationStore] stored True
[2025-05-24 16:29:04Z INFO CredentialManager] GetCredentialProvider
[2025-05-24 16:29:04Z INFO CredentialManager] Creating type OAuth
[2025-05-24 16:29:04Z INFO CredentialManager] Creating credential type: OAuth
[2025-05-24 16:29:04Z INFO RSAEncryptedFileKeyManager] Loading RSA key parameters from file C:\Users\legen\OneDrive\Dokumenti\GitHub\GitHooks\actions-runner\.credentials_rsaparams
[2025-05-24 16:29:55Z INFO ConfigurationStore] HasCredentials()
[2025-05-24 16:29:55Z INFO ConfigurationStore] stored True
[2025-05-24 16:29:55Z INFO CredentialManager] GetCredentialProvider
[2025-05-24 16:29:55Z INFO CredentialManager] Creating type OAuth
[2025-05-24 16:29:55Z INFO CredentialManager] Creating credential type: OAuth
[2025-05-24 16:29:55Z INFO RSAEncryptedFileKeyManager] Loading RSA key parameters from file C:\Users\legen\OneDrive\Dokumenti\GitHub\GitHooks\actions-runner\.credentials_rsaparams
[2025-05-24 16:30:45Z INFO ConfigurationStore] HasCredentials()
[2025-05-24 16:30:45Z INFO ConfigurationStore] stored True
[2025-05-24 16:30:45Z INFO CredentialManager] GetCredentialProvider
[2025-05-24 16:30:45Z INFO CredentialManager] Creating type OAuth
[2025-05-24 16:30:45Z INFO CredentialManager] Creating credential type: OAuth
[2025-05-24 16:30:45Z INFO RSAEncryptedFileKeyManager] Loading RSA key parameters from file C:\Users\legen\OneDrive\Dokumenti\GitHub\GitHooks\actions-runner\.credentials_rsaparams
[2025-05-24 16:31:36Z INFO ConfigurationStore] HasCredentials()
[2025-05-24 16:31:36Z INFO ConfigurationStore] stored True
[2025-05-24 16:31:36Z INFO CredentialManager] GetCredentialProvider
[2025-05-24 16:31:36Z INFO CredentialManager] Creating type OAuth
[2025-05-24 16:31:36Z INFO CredentialManager] Creating credential type: OAuth
[2025-05-24 16:31:36Z INFO RSAEncryptedFileKeyManager] Loading RSA key parameters from file C:\Users\legen\OneDrive\Dokumenti\GitHub\GitHooks\actions-runner\.credentials_rsaparams
[2025-05-24 16:32:26Z INFO ConfigurationStore] HasCredentials()
[2025-05-24 16:32:26Z INFO ConfigurationStore] stored True
[2025-05-24 16:32:26Z INFO CredentialManager] GetCredentialProvider
[2025-05-24 16:32:26Z INFO CredentialManager] Creating type OAuth
[2025-05-24 16:32:26Z INFO CredentialManager] Creating credential type: OAuth
[2025-05-24 16:32:26Z INFO RSAEncryptedFileKeyManager] Loading RSA key parameters from file C:\Users\legen\OneDrive\Dokumenti\GitHub\GitHooks\actions-runner\.credentials_rsaparams
[2025-05-24 16:33:16Z INFO ConfigurationStore] HasCredentials()
[2025-05-24 16:33:16Z INFO ConfigurationStore] stored True
[2025-05-24 16:33:16Z INFO CredentialManager] GetCredentialProvider
[2025-05-24 16:33:16Z INFO CredentialManager] Creating type OAuth
[2025-05-24 16:33:16Z INFO CredentialManager] Creating credential type: OAuth
[2025-05-24 16:33:16Z INFO RSAEncryptedFileKeyManager] Loading RSA key parameters from file C:\Users\legen\OneDrive\Dokumenti\GitHub\GitHooks\actions-runner\.credentials_rsaparams
[2025-05-24 16:34:07Z INFO ConfigurationStore] HasCredentials()
[2025-05-24 16:34:07Z INFO ConfigurationStore] stored True
[2025-05-24 16:34:07Z INFO CredentialManager] GetCredentialProvider
[2025-05-24 16:34:07Z INFO CredentialManager] Creating type OAuth
[2025-05-24 16:34:07Z INFO CredentialManager] Creating credential type: OAuth
[2025-05-24 16:34:07Z INFO RSAEncryptedFileKeyManager] Loading RSA key parameters from file C:\Users\legen\OneDrive\Dokumenti\GitHub\GitHooks\actions-runner\.credentials_rsaparams
[2025-05-24 16:34:57Z INFO ConfigurationStore] HasCredentials()
[2025-05-24 16:34:57Z INFO ConfigurationStore] stored True
[2025-05-24 16:34:57Z INFO CredentialManager] GetCredentialProvider
[2025-05-24 16:34:57Z INFO CredentialManager] Creating type OAuth
[2025-05-24 16:34:57Z INFO CredentialManager] Creating credential type: OAuth
[2025-05-24 16:34:57Z INFO RSAEncryptedFileKeyManager] Loading RSA key parameters from file C:\Users\legen\OneDrive\Dokumenti\GitHub\GitHooks\actions-runner\.credentials_rsaparams
[2025-05-24 16:35:48Z INFO ConfigurationStore] HasCredentials()
[2025-05-24 16:35:48Z INFO ConfigurationStore] stored True
[2025-05-24 16:35:48Z INFO CredentialManager] GetCredentialProvider
[2025-05-24 16:35:48Z INFO CredentialManager] Creating type OAuth
[2025-05-24 16:35:48Z INFO CredentialManager] Creating credential type: OAuth
[2025-05-24 16:35:48Z INFO RSAEncryptedFileKeyManager] Loading RSA key parameters from file C:\Users\legen\OneDrive\Dokumenti\GitHub\GitHooks\actions-runner\.credentials_rsaparams
[2025-05-24 16:35:48Z INFO RSAEncryptedFileKeyManager] Loading RSA key parameters from file C:\Users\legen\OneDrive\Dokumenti\GitHub\GitHooks\actions-runner\.credentials_rsaparams
[2025-05-24 16:35:49Z INFO GitHubActionsService] AAD Correlation ID for this token request: Unknown
[2025-05-24 16:36:39Z INFO ConfigurationStore] HasCredentials()
[2025-05-24 16:36:39Z INFO ConfigurationStore] stored True
[2025-05-24 16:36:39Z INFO CredentialManager] GetCredentialProvider
[2025-05-24 16:36:39Z INFO CredentialManager] Creating type OAuth
[2025-05-24 16:36:39Z INFO CredentialManager] Creating credential type: OAuth
[2025-05-24 16:36:39Z INFO RSAEncryptedFileKeyManager] Loading RSA key parameters from file C:\Users\legen\OneDrive\Dokumenti\GitHub\GitHooks\actions-runner\.credentials_rsaparams
[2025-05-24 16:37:30Z INFO ConfigurationStore] HasCredentials()
[2025-05-24 16:37:30Z INFO ConfigurationStore] stored True
[2025-05-24 16:37:30Z INFO CredentialManager] GetCredentialProvider
[2025-05-24 16:37:30Z INFO CredentialManager] Creating type OAuth
[2025-05-24 16:37:30Z INFO CredentialManager] Creating credential type: OAuth
[2025-05-24 16:37:30Z INFO RSAEncryptedFileKeyManager] Loading RSA key parameters from file C:\Users\legen\OneDrive\Dokumenti\GitHub\GitHooks\actions-runner\.credentials_rsaparams
[2025-05-24 16:38:20Z INFO ConfigurationStore] HasCredentials()
[2025-05-24 16:38:20Z INFO ConfigurationStore] stored True
[2025-05-24 16:38:20Z INFO CredentialManager] GetCredentialProvider
[2025-05-24 16:38:20Z INFO CredentialManager] Creating type OAuth
[2025-05-24 16:38:20Z INFO CredentialManager] Creating credential type: OAuth
[2025-05-24 16:38:20Z INFO RSAEncryptedFileKeyManager] Loading RSA key parameters from file C:\Users\legen\OneDrive\Dokumenti\GitHub\GitHooks\actions-runner\.credentials_rsaparams
[2025-05-24 16:39:10Z INFO ConfigurationStore] HasCredentials()
[2025-05-24 16:39:10Z INFO ConfigurationStore] stored True
[2025-05-24 16:39:10Z INFO CredentialManager] GetCredentialProvider
[2025-05-24 16:39:10Z INFO CredentialManager] Creating type OAuth
[2025-05-24 16:39:10Z INFO CredentialManager] Creating credential type: OAuth
[2025-05-24 16:39:10Z INFO RSAEncryptedFileKeyManager] Loading RSA key parameters from file C:\Users\legen\OneDrive\Dokumenti\GitHub\GitHooks\actions-runner\.credentials_rsaparams
[2025-05-24 16:40:01Z INFO ConfigurationStore] HasCredentials()
[2025-05-24 16:40:01Z INFO ConfigurationStore] stored True
[2025-05-24 16:40:01Z INFO CredentialManager] GetCredentialProvider
[2025-05-24 16:40:01Z INFO CredentialManager] Creating type OAuth
[2025-05-24 16:40:01Z INFO CredentialManager] Creating credential type: OAuth
[2025-05-24 16:40:01Z INFO RSAEncryptedFileKeyManager] Loading RSA key parameters from file C:\Users\legen\OneDrive\Dokumenti\GitHub\GitHooks\actions-runner\.credentials_rsaparams
[2025-05-24 16:40:51Z INFO ConfigurationStore] HasCredentials()
[2025-05-24 16:40:51Z INFO ConfigurationStore] stored True
[2025-05-24 16:40:51Z INFO CredentialManager] GetCredentialProvider
[2025-05-24 16:40:51Z INFO CredentialManager] Creating type OAuth
[2025-05-24 16:40:51Z INFO CredentialManager] Creating credential type: OAuth
[2025-05-24 16:40:51Z INFO RSAEncryptedFileKeyManager] Loading RSA key parameters from file C:\Users\legen\OneDrive\Dokumenti\GitHub\GitHooks\actions-runner\.credentials_rsaparams
[2025-05-24 16:41:42Z INFO ConfigurationStore] HasCredentials()
[2025-05-24 16:41:42Z INFO ConfigurationStore] stored True
[2025-05-24 16:41:42Z INFO CredentialManager] GetCredentialProvider
[2025-05-24 16:41:42Z INFO CredentialManager] Creating type OAuth
[2025-05-24 16:41:42Z INFO CredentialManager] Creating credential type: OAuth
[2025-05-24 16:41:42Z INFO RSAEncryptedFileKeyManager] Loading RSA key parameters from file C:\Users\legen\OneDrive\Dokumenti\GitHub\GitHooks\actions-runner\.credentials_rsaparams
[2025-05-24 16:42:32Z INFO ConfigurationStore] HasCredentials()
[2025-05-24 16:42:32Z INFO ConfigurationStore] stored True
[2025-05-24 16:42:32Z INFO CredentialManager] GetCredentialProvider
[2025-05-24 16:42:32Z INFO CredentialManager] Creating type OAuth
[2025-05-24 16:42:32Z INFO CredentialManager] Creating credential type: OAuth
[2025-05-24 16:42:32Z INFO RSAEncryptedFileKeyManager] Loading RSA key parameters from file C:\Users\legen\OneDrive\Dokumenti\GitHub\GitHooks\actions-runner\.credentials_rsaparams
[2025-05-24 16:43:22Z INFO ConfigurationStore] HasCredentials()
[2025-05-24 16:43:22Z INFO ConfigurationStore] stored True
[2025-05-24 16:43:22Z INFO CredentialManager] GetCredentialProvider
[2025-05-24 16:43:22Z INFO CredentialManager] Creating type OAuth
[2025-05-24 16:43:22Z INFO CredentialManager] Creating credential type: OAuth
[2025-05-24 16:43:22Z INFO RSAEncryptedFileKeyManager] Loading RSA key parameters from file C:\Users\legen\OneDrive\Dokumenti\GitHub\GitHooks\actions-runner\.credentials_rsaparams
[2025-05-24 16:44:13Z INFO ConfigurationStore] HasCredentials()
[2025-05-24 16:44:13Z INFO ConfigurationStore] stored True
[2025-05-24 16:44:13Z INFO CredentialManager] GetCredentialProvider
[2025-05-24 16:44:13Z INFO CredentialManager] Creating type OAuth
[2025-05-24 16:44:13Z INFO CredentialManager] Creating credential type: OAuth
[2025-05-24 16:44:13Z INFO RSAEncryptedFileKeyManager] Loading RSA key parameters from file C:\Users\legen\OneDrive\Dokumenti\GitHub\GitHooks\actions-runner\.credentials_rsaparams
[2025-05-24 16:45:03Z INFO ConfigurationStore] HasCredentials()
[2025-05-24 16:45:03Z INFO ConfigurationStore] stored True
[2025-05-24 16:45:03Z INFO CredentialManager] GetCredentialProvider
[2025-05-24 16:45:03Z INFO CredentialManager] Creating type OAuth
[2025-05-24 16:45:03Z INFO CredentialManager] Creating credential type: OAuth
[2025-05-24 16:45:03Z INFO RSAEncryptedFileKeyManager] Loading RSA key parameters from file C:\Users\legen\OneDrive\Dokumenti\GitHub\GitHooks\actions-runner\.credentials_rsaparams
[2025-05-24 16:45:54Z INFO ConfigurationStore] HasCredentials()
[2025-05-24 16:45:54Z INFO ConfigurationStore] stored True
[2025-05-24 16:45:54Z INFO CredentialManager] GetCredentialProvider
[2025-05-24 16:45:54Z INFO CredentialManager] Creating type OAuth
[2025-05-24 16:45:54Z INFO CredentialManager] Creating credential type: OAuth
[2025-05-24 16:45:54Z INFO RSAEncryptedFileKeyManager] Loading RSA key parameters from file C:\Users\legen\OneDrive\Dokumenti\GitHub\GitHooks\actions-runner\.credentials_rsaparams
[2025-05-24 16:46:44Z INFO RSAEncryptedFileKeyManager] Loading RSA key parameters from file C:\Users\legen\OneDrive\Dokumenti\GitHub\GitHooks\actions-runner\.credentials_rsaparams
[2025-05-24 16:46:45Z INFO GitHubActionsService] AAD Correlation ID for this token request: Unknown
[2025-05-24 16:46:45Z INFO ConfigurationStore] HasCredentials()
[2025-05-24 16:46:45Z INFO ConfigurationStore] stored True
[2025-05-24 16:46:45Z INFO CredentialManager] GetCredentialProvider
[2025-05-24 16:46:45Z INFO CredentialManager] Creating type OAuth
[2025-05-24 16:46:45Z INFO CredentialManager] Creating credential type: OAuth
[2025-05-24 16:46:45Z INFO RSAEncryptedFileKeyManager] Loading RSA key parameters from file C:\Users\legen\OneDrive\Dokumenti\GitHub\GitHooks\actions-runner\.credentials_rsaparams
[2025-05-24 16:47:35Z INFO ConfigurationStore] HasCredentials()
[2025-05-24 16:47:35Z INFO ConfigurationStore] stored True
[2025-05-24 16:47:35Z INFO CredentialManager] GetCredentialProvider
[2025-05-24 16:47:35Z INFO CredentialManager] Creating type OAuth
[2025-05-24 16:47:35Z INFO CredentialManager] Creating credential type: OAuth
[2025-05-24 16:47:35Z INFO RSAEncryptedFileKeyManager] Loading RSA key parameters from file C:\Users\legen\OneDrive\Dokumenti\GitHub\GitHooks\actions-runner\.credentials_rsaparams
[2025-05-24 16:48:26Z INFO ConfigurationStore] HasCredentials()
[2025-05-24 16:48:26Z INFO ConfigurationStore] stored True
[2025-05-24 16:48:26Z INFO CredentialManager] GetCredentialProvider
[2025-05-24 16:48:26Z INFO CredentialManager] Creating type OAuth
[2025-05-24 16:48:26Z INFO CredentialManager] Creating credential type: OAuth
[2025-05-24 16:48:26Z INFO RSAEncryptedFileKeyManager] Loading RSA key parameters from file C:\Users\legen\OneDrive\Dokumenti\GitHub\GitHooks\actions-runner\.credentials_rsaparams
[2025-05-24 16:49:16Z INFO ConfigurationStore] HasCredentials()
[2025-05-24 16:49:16Z INFO ConfigurationStore] stored True
[2025-05-24 16:49:16Z INFO CredentialManager] GetCredentialProvider
[2025-05-24 16:49:16Z INFO CredentialManager] Creating type OAuth
[2025-05-24 16:49:16Z INFO CredentialManager] Creating credential type: OAuth
[2025-05-24 16:49:16Z INFO RSAEncryptedFileKeyManager] Loading RSA key parameters from file C:\Users\legen\OneDrive\Dokumenti\GitHub\GitHooks\actions-runner\.credentials_rsaparams
[2025-05-24 16:50:06Z INFO ConfigurationStore] HasCredentials()
[2025-05-24 16:50:06Z INFO ConfigurationStore] stored True
[2025-05-24 16:50:06Z INFO CredentialManager] GetCredentialProvider
[2025-05-24 16:50:06Z INFO CredentialManager] Creating type OAuth
[2025-05-24 16:50:06Z INFO CredentialManager] Creating credential type: OAuth
[2025-05-24 16:50:06Z INFO RSAEncryptedFileKeyManager] Loading RSA key parameters from file C:\Users\legen\OneDrive\Dokumenti\GitHub\GitHooks\actions-runner\.credentials_rsaparams
[2025-05-24 16:50:57Z INFO ConfigurationStore] HasCredentials()
[2025-05-24 16:50:57Z INFO ConfigurationStore] stored True
[2025-05-24 16:50:57Z INFO CredentialManager] GetCredentialProvider
[2025-05-24 16:50:57Z INFO CredentialManager] Creating type OAuth
[2025-05-24 16:50:57Z INFO CredentialManager] Creating credential type: OAuth
[2025-05-24 16:50:57Z INFO RSAEncryptedFileKeyManager] Loading RSA key parameters from file C:\Users\legen\OneDrive\Dokumenti\GitHub\GitHooks\actions-runner\.credentials_rsaparams
[2025-05-24 16:51:47Z INFO ConfigurationStore] HasCredentials()
[2025-05-24 16:51:47Z INFO ConfigurationStore] stored True
[2025-05-24 16:51:47Z INFO CredentialManager] GetCredentialProvider
[2025-05-24 16:51:47Z INFO CredentialManager] Creating type OAuth
[2025-05-24 16:51:47Z INFO CredentialManager] Creating credential type: OAuth
[2025-05-24 16:51:47Z INFO RSAEncryptedFileKeyManager] Loading RSA key parameters from file C:\Users\legen\OneDrive\Dokumenti\GitHub\GitHooks\actions-runner\.credentials_rsaparams
[2025-05-24 16:52:38Z INFO ConfigurationStore] HasCredentials()
[2025-05-24 16:52:38Z INFO ConfigurationStore] stored True
[2025-05-24 16:52:38Z INFO CredentialManager] GetCredentialProvider
[2025-05-24 16:52:38Z INFO CredentialManager] Creating type OAuth
[2025-05-24 16:52:38Z INFO CredentialManager] Creating credential type: OAuth
[2025-05-24 16:52:38Z INFO RSAEncryptedFileKeyManager] Loading RSA key parameters from file C:\Users\legen\OneDrive\Dokumenti\GitHub\GitHooks\actions-runner\.credentials_rsaparams
[2025-05-24 16:53:28Z INFO ConfigurationStore] HasCredentials()
[2025-05-24 16:53:28Z INFO ConfigurationStore] stored True
[2025-05-24 16:53:28Z INFO CredentialManager] GetCredentialProvider
[2025-05-24 16:53:28Z INFO CredentialManager] Creating type OAuth
[2025-05-24 16:53:28Z INFO CredentialManager] Creating credential type: OAuth
[2025-05-24 16:53:28Z INFO RSAEncryptedFileKeyManager] Loading RSA key parameters from file C:\Users\legen\OneDrive\Dokumenti\GitHub\GitHooks\actions-runner\.credentials_rsaparams
[2025-05-24 16:54:18Z INFO ConfigurationStore] HasCredentials()
[2025-05-24 16:54:18Z INFO ConfigurationStore] stored True
[2025-05-24 16:54:18Z INFO CredentialManager] GetCredentialProvider
[2025-05-24 16:54:18Z INFO CredentialManager] Creating type OAuth
[2025-05-24 16:54:18Z INFO CredentialManager] Creating credential type: OAuth
[2025-05-24 16:54:18Z INFO RSAEncryptedFileKeyManager] Loading RSA key parameters from file C:\Users\legen\OneDrive\Dokumenti\GitHub\GitHooks\actions-runner\.credentials_rsaparams
[2025-05-24 16:55:09Z INFO ConfigurationStore] HasCredentials()
[2025-05-24 16:55:09Z INFO ConfigurationStore] stored True
[2025-05-24 16:55:09Z INFO CredentialManager] GetCredentialProvider
[2025-05-24 16:55:09Z INFO CredentialManager] Creating type OAuth
[2025-05-24 16:55:09Z INFO CredentialManager] Creating credential type: OAuth
[2025-05-24 16:55:09Z INFO RSAEncryptedFileKeyManager] Loading RSA key parameters from file C:\Users\legen\OneDrive\Dokumenti\GitHub\GitHooks\actions-runner\.credentials_rsaparams
[2025-05-24 16:55:59Z INFO ConfigurationStore] HasCredentials()
[2025-05-24 16:55:59Z INFO ConfigurationStore] stored True
[2025-05-24 16:55:59Z INFO CredentialManager] GetCredentialProvider
[2025-05-24 16:55:59Z INFO CredentialManager] Creating type OAuth
[2025-05-24 16:55:59Z INFO CredentialManager] Creating credential type: OAuth
[2025-05-24 16:55:59Z INFO RSAEncryptedFileKeyManager] Loading RSA key parameters from file C:\Users\legen\OneDrive\Dokumenti\GitHub\GitHooks\actions-runner\.credentials_rsaparams
[2025-05-24 16:56:49Z INFO MessageListener] No message retrieved from session '2d8f211f-2be3-4e30-a56c-8ea2ed6a58d0' within last 30 minutes.
[2025-05-24 16:56:50Z INFO ConfigurationStore] HasCredentials()
[2025-05-24 16:56:50Z INFO ConfigurationStore] stored True
[2025-05-24 16:56:50Z INFO CredentialManager] GetCredentialProvider
[2025-05-24 16:56:50Z INFO CredentialManager] Creating type OAuth
[2025-05-24 16:56:50Z INFO CredentialManager] Creating credential type: OAuth
[2025-05-24 16:56:50Z INFO RSAEncryptedFileKeyManager] Loading RSA key parameters from file C:\Users\legen\OneDrive\Dokumenti\GitHub\GitHooks\actions-runner\.credentials_rsaparams
[2025-05-24 16:57:40Z INFO ConfigurationStore] HasCredentials()
[2025-05-24 16:57:40Z INFO ConfigurationStore] stored True
[2025-05-24 16:57:40Z INFO CredentialManager] GetCredentialProvider
[2025-05-24 16:57:40Z INFO CredentialManager] Creating type OAuth
[2025-05-24 16:57:40Z INFO CredentialManager] Creating credential type: OAuth
[2025-05-24 16:57:40Z INFO RSAEncryptedFileKeyManager] Loading RSA key parameters from file C:\Users\legen\OneDrive\Dokumenti\GitHub\GitHooks\actions-runner\.credentials_rsaparams
[2025-05-24 16:58:30Z INFO ConfigurationStore] HasCredentials()
[2025-05-24 16:58:30Z INFO ConfigurationStore] stored True
[2025-05-24 16:58:30Z INFO CredentialManager] GetCredentialProvider
[2025-05-24 16:58:30Z INFO CredentialManager] Creating type OAuth
[2025-05-24 16:58:30Z INFO CredentialManager] Creating credential type: OAuth
[2025-05-24 16:58:30Z INFO RSAEncryptedFileKeyManager] Loading RSA key parameters from file C:\Users\legen\OneDrive\Dokumenti\GitHub\GitHooks\actions-runner\.credentials_rsaparams
[2025-05-24 16:59:21Z INFO ConfigurationStore] HasCredentials()
[2025-05-24 16:59:21Z INFO ConfigurationStore] stored True
[2025-05-24 16:59:21Z INFO CredentialManager] GetCredentialProvider
[2025-05-24 16:59:21Z INFO CredentialManager] Creating type OAuth
[2025-05-24 16:59:21Z INFO CredentialManager] Creating credential type: OAuth
[2025-05-24 16:59:21Z INFO RSAEncryptedFileKeyManager] Loading RSA key parameters from file C:\Users\legen\OneDrive\Dokumenti\GitHub\GitHooks\actions-runner\.credentials_rsaparams
[2025-05-24 17:00:11Z INFO ConfigurationStore] HasCredentials()
[2025-05-24 17:00:11Z INFO ConfigurationStore] stored True
[2025-05-24 17:00:11Z INFO CredentialManager] GetCredentialProvider
[2025-05-24 17:00:11Z INFO CredentialManager] Creating type OAuth
[2025-05-24 17:00:11Z INFO CredentialManager] Creating credential type: OAuth
[2025-05-24 17:00:11Z INFO RSAEncryptedFileKeyManager] Loading RSA key parameters from file C:\Users\legen\OneDrive\Dokumenti\GitHub\GitHooks\actions-runner\.credentials_rsaparams
[2025-05-24 17:01:01Z INFO ConfigurationStore] HasCredentials()
[2025-05-24 17:01:01Z INFO ConfigurationStore] stored True
[2025-05-24 17:01:01Z INFO CredentialManager] GetCredentialProvider
[2025-05-24 17:01:01Z INFO CredentialManager] Creating type OAuth
[2025-05-24 17:01:01Z INFO CredentialManager] Creating credential type: OAuth
[2025-05-24 17:01:01Z INFO RSAEncryptedFileKeyManager] Loading RSA key parameters from file C:\Users\legen\OneDrive\Dokumenti\GitHub\GitHooks\actions-runner\.credentials_rsaparams
[2025-05-24 17:01:52Z INFO ConfigurationStore] HasCredentials()
[2025-05-24 17:01:52Z INFO ConfigurationStore] stored True
[2025-05-24 17:01:52Z INFO CredentialManager] GetCredentialProvider
[2025-05-24 17:01:52Z INFO CredentialManager] Creating type OAuth
[2025-05-24 17:01:52Z INFO CredentialManager] Creating credential type: OAuth
[2025-05-24 17:01:52Z INFO RSAEncryptedFileKeyManager] Loading RSA key parameters from file C:\Users\legen\OneDrive\Dokumenti\GitHub\GitHooks\actions-runner\.credentials_rsaparams
[2025-05-24 17:02:42Z INFO ConfigurationStore] HasCredentials()
[2025-05-24 17:02:42Z INFO ConfigurationStore] stored True
[2025-05-24 17:02:42Z INFO CredentialManager] GetCredentialProvider
[2025-05-24 17:02:42Z INFO CredentialManager] Creating type OAuth
[2025-05-24 17:02:42Z INFO CredentialManager] Creating credential type: OAuth
[2025-05-24 17:02:42Z INFO RSAEncryptedFileKeyManager] Loading RSA key parameters from file C:\Users\legen\OneDrive\Dokumenti\GitHub\GitHooks\actions-runner\.credentials_rsaparams
[2025-05-24 17:03:33Z INFO ConfigurationStore] HasCredentials()
[2025-05-24 17:03:33Z INFO ConfigurationStore] stored True
[2025-05-24 17:03:33Z INFO CredentialManager] GetCredentialProvider
[2025-05-24 17:03:33Z INFO CredentialManager] Creating type OAuth
[2025-05-24 17:03:33Z INFO CredentialManager] Creating credential type: OAuth
[2025-05-24 17:03:33Z INFO RSAEncryptedFileKeyManager] Loading RSA key parameters from file C:\Users\legen\OneDrive\Dokumenti\GitHub\GitHooks\actions-runner\.credentials_rsaparams
[2025-05-24 17:04:23Z INFO ConfigurationStore] HasCredentials()
[2025-05-24 17:04:23Z INFO ConfigurationStore] stored True
[2025-05-24 17:04:23Z INFO CredentialManager] GetCredentialProvider
[2025-05-24 17:04:23Z INFO CredentialManager] Creating type OAuth
[2025-05-24 17:04:23Z INFO CredentialManager] Creating credential type: OAuth
[2025-05-24 17:04:23Z INFO RSAEncryptedFileKeyManager] Loading RSA key parameters from file C:\Users\legen\OneDrive\Dokumenti\GitHub\GitHooks\actions-runner\.credentials_rsaparams
[2025-05-24 17:05:14Z INFO ConfigurationStore] HasCredentials()
[2025-05-24 17:05:14Z INFO ConfigurationStore] stored True
[2025-05-24 17:05:14Z INFO CredentialManager] GetCredentialProvider
[2025-05-24 17:05:14Z INFO CredentialManager] Creating type OAuth
[2025-05-24 17:05:14Z INFO CredentialManager] Creating credential type: OAuth
[2025-05-24 17:05:14Z INFO RSAEncryptedFileKeyManager] Loading RSA key parameters from file C:\Users\legen\OneDrive\Dokumenti\GitHub\GitHooks\actions-runner\.credentials_rsaparams
[2025-05-24 17:06:04Z INFO ConfigurationStore] HasCredentials()
[2025-05-24 17:06:04Z INFO ConfigurationStore] stored True
[2025-05-24 17:06:04Z INFO CredentialManager] GetCredentialProvider
[2025-05-24 17:06:04Z INFO CredentialManager] Creating type OAuth
[2025-05-24 17:06:04Z INFO CredentialManager] Creating credential type: OAuth
[2025-05-24 17:06:04Z INFO RSAEncryptedFileKeyManager] Loading RSA key parameters from file C:\Users\legen\OneDrive\Dokumenti\GitHub\GitHooks\actions-runner\.credentials_rsaparams
[2025-05-24 17:06:54Z INFO ConfigurationStore] HasCredentials()
[2025-05-24 17:06:54Z INFO ConfigurationStore] stored True
[2025-05-24 17:06:54Z INFO CredentialManager] GetCredentialProvider
[2025-05-24 17:06:54Z INFO CredentialManager] Creating type OAuth
[2025-05-24 17:06:54Z INFO CredentialManager] Creating credential type: OAuth
[2025-05-24 17:06:54Z INFO RSAEncryptedFileKeyManager] Loading RSA key parameters from file C:\Users\legen\OneDrive\Dokumenti\GitHub\GitHooks\actions-runner\.credentials_rsaparams
[2025-05-24 17:07:45Z INFO ConfigurationStore] HasCredentials()
[2025-05-24 17:07:45Z INFO ConfigurationStore] stored True
[2025-05-24 17:07:45Z INFO CredentialManager] GetCredentialProvider
[2025-05-24 17:07:45Z INFO CredentialManager] Creating type OAuth
[2025-05-24 17:07:45Z INFO CredentialManager] Creating credential type: OAuth
[2025-05-24 17:07:45Z INFO RSAEncryptedFileKeyManager] Loading RSA key parameters from file C:\Users\legen\OneDrive\Dokumenti\GitHub\GitHooks\actions-runner\.credentials_rsaparams
[2025-05-24 17:08:35Z INFO ConfigurationStore] HasCredentials()
[2025-05-24 17:08:35Z INFO ConfigurationStore] stored True
[2025-05-24 17:08:35Z INFO CredentialManager] GetCredentialProvider
[2025-05-24 17:08:35Z INFO CredentialManager] Creating type OAuth
[2025-05-24 17:08:35Z INFO CredentialManager] Creating credential type: OAuth
[2025-05-24 17:08:35Z INFO RSAEncryptedFileKeyManager] Loading RSA key parameters from file C:\Users\legen\OneDrive\Dokumenti\GitHub\GitHooks\actions-runner\.credentials_rsaparams
[2025-05-24 17:09:26Z INFO ConfigurationStore] HasCredentials()
[2025-05-24 17:09:26Z INFO ConfigurationStore] stored True
[2025-05-24 17:09:26Z INFO CredentialManager] GetCredentialProvider
[2025-05-24 17:09:26Z INFO CredentialManager] Creating type OAuth
[2025-05-24 17:09:26Z INFO CredentialManager] Creating credential type: OAuth
[2025-05-24 17:09:26Z INFO RSAEncryptedFileKeyManager] Loading RSA key parameters from file C:\Users\legen\OneDrive\Dokumenti\GitHub\GitHooks\actions-runner\.credentials_rsaparams
[2025-05-24 17:10:16Z INFO ConfigurationStore] HasCredentials()
[2025-05-24 17:10:16Z INFO ConfigurationStore] stored True
[2025-05-24 17:10:16Z INFO CredentialManager] GetCredentialProvider
[2025-05-24 17:10:16Z INFO CredentialManager] Creating type OAuth
[2025-05-24 17:10:16Z INFO CredentialManager] Creating credential type: OAuth
[2025-05-24 17:10:16Z INFO RSAEncryptedFileKeyManager] Loading RSA key parameters from file C:\Users\legen\OneDrive\Dokumenti\GitHub\GitHooks\actions-runner\.credentials_rsaparams
[2025-05-24 17:11:07Z INFO ConfigurationStore] HasCredentials()
[2025-05-24 17:11:07Z INFO ConfigurationStore] stored True
[2025-05-24 17:11:07Z INFO CredentialManager] GetCredentialProvider
[2025-05-24 17:11:07Z INFO CredentialManager] Creating type OAuth
[2025-05-24 17:11:07Z INFO CredentialManager] Creating credential type: OAuth
[2025-05-24 17:11:07Z INFO RSAEncryptedFileKeyManager] Loading RSA key parameters from file C:\Users\legen\OneDrive\Dokumenti\GitHub\GitHooks\actions-runner\.credentials_rsaparams
[2025-05-24 17:11:57Z INFO ConfigurationStore] HasCredentials()
[2025-05-24 17:11:57Z INFO ConfigurationStore] stored True
[2025-05-24 17:11:57Z INFO CredentialManager] GetCredentialProvider
[2025-05-24 17:11:57Z INFO CredentialManager] Creating type OAuth
[2025-05-24 17:11:57Z INFO CredentialManager] Creating credential type: OAuth
[2025-05-24 17:11:57Z INFO RSAEncryptedFileKeyManager] Loading RSA key parameters from file C:\Users\legen\OneDrive\Dokumenti\GitHub\GitHooks\actions-runner\.credentials_rsaparams
[2025-05-24 17:12:47Z INFO ConfigurationStore] HasCredentials()
[2025-05-24 17:12:47Z INFO ConfigurationStore] stored True
[2025-05-24 17:12:47Z INFO CredentialManager] GetCredentialProvider
[2025-05-24 17:12:47Z INFO CredentialManager] Creating type OAuth
[2025-05-24 17:12:47Z INFO CredentialManager] Creating credential type: OAuth
[2025-05-24 17:12:47Z INFO RSAEncryptedFileKeyManager] Loading RSA key parameters from file C:\Users\legen\OneDrive\Dokumenti\GitHub\GitHooks\actions-runner\.credentials_rsaparams
[2025-05-24 17:13:38Z INFO ConfigurationStore] HasCredentials()
[2025-05-24 17:13:38Z INFO ConfigurationStore] stored True
[2025-05-24 17:13:38Z INFO CredentialManager] GetCredentialProvider
[2025-05-24 17:13:38Z INFO CredentialManager] Creating type OAuth
[2025-05-24 17:13:38Z INFO CredentialManager] Creating credential type: OAuth
[2025-05-24 17:13:38Z INFO RSAEncryptedFileKeyManager] Loading RSA key parameters from file C:\Users\legen\OneDrive\Dokumenti\GitHub\GitHooks\actions-runner\.credentials_rsaparams
[2025-05-24 17:14:28Z INFO ConfigurationStore] HasCredentials()
[2025-05-24 17:14:28Z INFO ConfigurationStore] stored True
[2025-05-24 17:14:28Z INFO CredentialManager] GetCredentialProvider
[2025-05-24 17:14:28Z INFO CredentialManager] Creating type OAuth
[2025-05-24 17:14:28Z INFO CredentialManager] Creating credential type: OAuth
[2025-05-24 17:14:28Z INFO RSAEncryptedFileKeyManager] Loading RSA key parameters from file C:\Users\legen\OneDrive\Dokumenti\GitHub\GitHooks\actions-runner\.credentials_rsaparams
[2025-05-24 17:15:19Z INFO ConfigurationStore] HasCredentials()
[2025-05-24 17:15:19Z INFO ConfigurationStore] stored True
[2025-05-24 17:15:19Z INFO CredentialManager] GetCredentialProvider
[2025-05-24 17:15:19Z INFO CredentialManager] Creating type OAuth
[2025-05-24 17:15:19Z INFO CredentialManager] Creating credential type: OAuth
[2025-05-24 17:15:19Z INFO RSAEncryptedFileKeyManager] Loading RSA key parameters from file C:\Users\legen\OneDrive\Dokumenti\GitHub\GitHooks\actions-runner\.credentials_rsaparams
[2025-05-24 17:16:09Z INFO ConfigurationStore] HasCredentials()
[2025-05-24 17:16:09Z INFO ConfigurationStore] stored True
[2025-05-24 17:16:09Z INFO CredentialManager] GetCredentialProvider
[2025-05-24 17:16:09Z INFO CredentialManager] Creating type OAuth
[2025-05-24 17:16:09Z INFO CredentialManager] Creating credential type: OAuth
[2025-05-24 17:16:09Z INFO RSAEncryptedFileKeyManager] Loading RSA key parameters from file C:\Users\legen\OneDrive\Dokumenti\GitHub\GitHooks\actions-runner\.credentials_rsaparams
[2025-05-24 17:16:59Z INFO ConfigurationStore] HasCredentials()
[2025-05-24 17:16:59Z INFO ConfigurationStore] stored True
[2025-05-24 17:16:59Z INFO CredentialManager] GetCredentialProvider
[2025-05-24 17:16:59Z INFO CredentialManager] Creating type OAuth
[2025-05-24 17:16:59Z INFO CredentialManager] Creating credential type: OAuth
[2025-05-24 17:16:59Z INFO RSAEncryptedFileKeyManager] Loading RSA key parameters from file C:\Users\legen\OneDrive\Dokumenti\GitHub\GitHooks\actions-runner\.credentials_rsaparams
[2025-05-24 17:17:50Z INFO ConfigurationStore] HasCredentials()
[2025-05-24 17:17:50Z INFO ConfigurationStore] stored True
[2025-05-24 17:17:50Z INFO CredentialManager] GetCredentialProvider
[2025-05-24 17:17:50Z INFO CredentialManager] Creating type OAuth
[2025-05-24 17:17:50Z INFO CredentialManager] Creating credential type: OAuth
[2025-05-24 17:17:50Z INFO RSAEncryptedFileKeyManager] Loading RSA key parameters from file C:\Users\legen\OneDrive\Dokumenti\GitHub\GitHooks\actions-runner\.credentials_rsaparams
[2025-05-24 17:18:40Z INFO ConfigurationStore] HasCredentials()
[2025-05-24 17:18:40Z INFO ConfigurationStore] stored True
[2025-05-24 17:18:40Z INFO CredentialManager] GetCredentialProvider
[2025-05-24 17:18:40Z INFO CredentialManager] Creating type OAuth
[2025-05-24 17:18:40Z INFO CredentialManager] Creating credential type: OAuth
[2025-05-24 17:18:40Z INFO RSAEncryptedFileKeyManager] Loading RSA key parameters from file C:\Users\legen\OneDrive\Dokumenti\GitHub\GitHooks\actions-runner\.credentials_rsaparams
[2025-05-24 17:19:30Z INFO ConfigurationStore] HasCredentials()
[2025-05-24 17:19:30Z INFO ConfigurationStore] stored True
[2025-05-24 17:19:30Z INFO CredentialManager] GetCredentialProvider
[2025-05-24 17:19:30Z INFO CredentialManager] Creating type OAuth
[2025-05-24 17:19:30Z INFO CredentialManager] Creating credential type: OAuth
[2025-05-24 17:19:30Z INFO RSAEncryptedFileKeyManager] Loading RSA key parameters from file C:\Users\legen\OneDrive\Dokumenti\GitHub\GitHooks\actions-runner\.credentials_rsaparams
[2025-05-24 17:20:21Z INFO ConfigurationStore] HasCredentials()
[2025-05-24 17:20:21Z INFO ConfigurationStore] stored True
[2025-05-24 17:20:21Z INFO CredentialManager] GetCredentialProvider
[2025-05-24 17:20:21Z INFO CredentialManager] Creating type OAuth
[2025-05-24 17:20:21Z INFO CredentialManager] Creating credential type: OAuth
[2025-05-24 17:20:21Z INFO RSAEncryptedFileKeyManager] Loading RSA key parameters from file C:\Users\legen\OneDrive\Dokumenti\GitHub\GitHooks\actions-runner\.credentials_rsaparams
[2025-05-24 17:21:11Z INFO ConfigurationStore] HasCredentials()
[2025-05-24 17:21:11Z INFO ConfigurationStore] stored True
[2025-05-24 17:21:11Z INFO CredentialManager] GetCredentialProvider
[2025-05-24 17:21:11Z INFO CredentialManager] Creating type OAuth
[2025-05-24 17:21:11Z INFO CredentialManager] Creating credential type: OAuth
[2025-05-24 17:21:11Z INFO RSAEncryptedFileKeyManager] Loading RSA key parameters from file C:\Users\legen\OneDrive\Dokumenti\GitHub\GitHooks\actions-runner\.credentials_rsaparams
[2025-05-24 17:22:02Z INFO ConfigurationStore] HasCredentials()
[2025-05-24 17:22:02Z INFO ConfigurationStore] stored True
[2025-05-24 17:22:02Z INFO CredentialManager] GetCredentialProvider
[2025-05-24 17:22:02Z INFO CredentialManager] Creating type OAuth
[2025-05-24 17:22:02Z INFO CredentialManager] Creating credential type: OAuth
[2025-05-24 17:22:02Z INFO RSAEncryptedFileKeyManager] Loading RSA key parameters from file C:\Users\legen\OneDrive\Dokumenti\GitHub\GitHooks\actions-runner\.credentials_rsaparams
[2025-05-24 17:22:52Z INFO ConfigurationStore] HasCredentials()
[2025-05-24 17:22:52Z INFO ConfigurationStore] stored True
[2025-05-24 17:22:52Z INFO CredentialManager] GetCredentialProvider
[2025-05-24 17:22:52Z INFO CredentialManager] Creating type OAuth
[2025-05-24 17:22:52Z INFO CredentialManager] Creating credential type: OAuth
[2025-05-24 17:22:52Z INFO RSAEncryptedFileKeyManager] Loading RSA key parameters from file C:\Users\legen\OneDrive\Dokumenti\GitHub\GitHooks\actions-runner\.credentials_rsaparams
[2025-05-24 17:23:43Z INFO ConfigurationStore] HasCredentials()
[2025-05-24 17:23:43Z INFO ConfigurationStore] stored True
[2025-05-24 17:23:43Z INFO CredentialManager] GetCredentialProvider
[2025-05-24 17:23:43Z INFO CredentialManager] Creating type OAuth
[2025-05-24 17:23:43Z INFO CredentialManager] Creating credential type: OAuth
[2025-05-24 17:23:43Z INFO RSAEncryptedFileKeyManager] Loading RSA key parameters from file C:\Users\legen\OneDrive\Dokumenti\GitHub\GitHooks\actions-runner\.credentials_rsaparams
[2025-05-24 17:24:33Z INFO ConfigurationStore] HasCredentials()
[2025-05-24 17:24:33Z INFO ConfigurationStore] stored True
[2025-05-24 17:24:33Z INFO CredentialManager] GetCredentialProvider
[2025-05-24 17:24:33Z INFO CredentialManager] Creating type OAuth
[2025-05-24 17:24:33Z INFO CredentialManager] Creating credential type: OAuth
[2025-05-24 17:24:33Z INFO RSAEncryptedFileKeyManager] Loading RSA key parameters from file C:\Users\legen\OneDrive\Dokumenti\GitHub\GitHooks\actions-runner\.credentials_rsaparams
[2025-05-24 17:25:23Z INFO ConfigurationStore] HasCredentials()
[2025-05-24 17:25:23Z INFO ConfigurationStore] stored True
[2025-05-24 17:25:23Z INFO CredentialManager] GetCredentialProvider
[2025-05-24 17:25:23Z INFO CredentialManager] Creating type OAuth
[2025-05-24 17:25:23Z INFO CredentialManager] Creating credential type: OAuth
[2025-05-24 17:25:23Z INFO RSAEncryptedFileKeyManager] Loading RSA key parameters from file C:\Users\legen\OneDrive\Dokumenti\GitHub\GitHooks\actions-runner\.credentials_rsaparams
[2025-05-24 17:26:14Z INFO ConfigurationStore] HasCredentials()
[2025-05-24 17:26:14Z INFO ConfigurationStore] stored True
[2025-05-24 17:26:14Z INFO CredentialManager] GetCredentialProvider
[2025-05-24 17:26:14Z INFO CredentialManager] Creating type OAuth
[2025-05-24 17:26:14Z INFO CredentialManager] Creating credential type: OAuth
[2025-05-24 17:26:14Z INFO RSAEncryptedFileKeyManager] Loading RSA key parameters from file C:\Users\legen\OneDrive\Dokumenti\GitHub\GitHooks\actions-runner\.credentials_rsaparams
[2025-05-24 17:26:14Z INFO RSAEncryptedFileKeyManager] Loading RSA key parameters from file C:\Users\legen\OneDrive\Dokumenti\GitHub\GitHooks\actions-runner\.credentials_rsaparams
[2025-05-24 17:26:15Z INFO GitHubActionsService] AAD Correlation ID for this token request: Unknown
[2025-05-24 17:27:05Z INFO MessageListener] No message retrieved from session '2d8f211f-2be3-4e30-a56c-8ea2ed6a58d0' within last 30 minutes.
[2025-05-24 17:27:05Z INFO ConfigurationStore] HasCredentials()
[2025-05-24 17:27:05Z INFO ConfigurationStore] stored True
[2025-05-24 17:27:05Z INFO CredentialManager] GetCredentialProvider
[2025-05-24 17:27:05Z INFO CredentialManager] Creating type OAuth
[2025-05-24 17:27:05Z INFO CredentialManager] Creating credential type: OAuth
[2025-05-24 17:27:05Z INFO RSAEncryptedFileKeyManager] Loading RSA key parameters from file C:\Users\legen\OneDrive\Dokumenti\GitHub\GitHooks\actions-runner\.credentials_rsaparams
[2025-05-24 17:27:55Z INFO ConfigurationStore] HasCredentials()
[2025-05-24 17:27:55Z INFO ConfigurationStore] stored True
[2025-05-24 17:27:55Z INFO CredentialManager] GetCredentialProvider
[2025-05-24 17:27:55Z INFO CredentialManager] Creating type OAuth
[2025-05-24 17:27:55Z INFO CredentialManager] Creating credential type: OAuth
[2025-05-24 17:27:55Z INFO RSAEncryptedFileKeyManager] Loading RSA key parameters from file C:\Users\legen\OneDrive\Dokumenti\GitHub\GitHooks\actions-runner\.credentials_rsaparams
[2025-05-24 17:28:46Z INFO ConfigurationStore] HasCredentials()
[2025-05-24 17:28:46Z INFO ConfigurationStore] stored True
[2025-05-24 17:28:46Z INFO CredentialManager] GetCredentialProvider
[2025-05-24 17:28:46Z INFO CredentialManager] Creating type OAuth
[2025-05-24 17:28:46Z INFO CredentialManager] Creating credential type: OAuth
[2025-05-24 17:28:46Z INFO RSAEncryptedFileKeyManager] Loading RSA key parameters from file C:\Users\legen\OneDrive\Dokumenti\GitHub\GitHooks\actions-runner\.credentials_rsaparams
[2025-05-24 17:29:36Z INFO ConfigurationStore] HasCredentials()
[2025-05-24 17:29:36Z INFO ConfigurationStore] stored True
[2025-05-24 17:29:36Z INFO CredentialManager] GetCredentialProvider
[2025-05-24 17:29:36Z INFO CredentialManager] Creating type OAuth
[2025-05-24 17:29:36Z INFO CredentialManager] Creating credential type: OAuth
[2025-05-24 17:29:36Z INFO RSAEncryptedFileKeyManager] Loading RSA key parameters from file C:\Users\legen\OneDrive\Dokumenti\GitHub\GitHooks\actions-runner\.credentials_rsaparams
[2025-05-24 17:30:27Z INFO ConfigurationStore] HasCredentials()
[2025-05-24 17:30:27Z INFO ConfigurationStore] stored True
[2025-05-24 17:30:27Z INFO CredentialManager] GetCredentialProvider
[2025-05-24 17:30:27Z INFO CredentialManager] Creating type OAuth
[2025-05-24 17:30:27Z INFO CredentialManager] Creating credential type: OAuth
[2025-05-24 17:30:27Z INFO RSAEncryptedFileKeyManager] Loading RSA key parameters from file C:\Users\legen\OneDrive\Dokumenti\GitHub\GitHooks\actions-runner\.credentials_rsaparams
[2025-05-24 17:31:17Z INFO ConfigurationStore] HasCredentials()
[2025-05-24 17:31:17Z INFO ConfigurationStore] stored True
[2025-05-24 17:31:17Z INFO CredentialManager] GetCredentialProvider
[2025-05-24 17:31:17Z INFO CredentialManager] Creating type OAuth
[2025-05-24 17:31:17Z INFO CredentialManager] Creating credential type: OAuth
[2025-05-24 17:31:17Z INFO RSAEncryptedFileKeyManager] Loading RSA key parameters from file C:\Users\legen\OneDrive\Dokumenti\GitHub\GitHooks\actions-runner\.credentials_rsaparams
[2025-05-24 17:32:07Z INFO ConfigurationStore] HasCredentials()
[2025-05-24 17:32:07Z INFO ConfigurationStore] stored True
[2025-05-24 17:32:07Z INFO CredentialManager] GetCredentialProvider
[2025-05-24 17:32:07Z INFO CredentialManager] Creating type OAuth
[2025-05-24 17:32:07Z INFO CredentialManager] Creating credential type: OAuth
[2025-05-24 17:32:07Z INFO RSAEncryptedFileKeyManager] Loading RSA key parameters from file C:\Users\legen\OneDrive\Dokumenti\GitHub\GitHooks\actions-runner\.credentials_rsaparams
[2025-05-24 17:32:58Z INFO ConfigurationStore] HasCredentials()
[2025-05-24 17:32:58Z INFO ConfigurationStore] stored True
[2025-05-24 17:32:58Z INFO CredentialManager] GetCredentialProvider
[2025-05-24 17:32:58Z INFO CredentialManager] Creating type OAuth
[2025-05-24 17:32:58Z INFO CredentialManager] Creating credential type: OAuth
[2025-05-24 17:32:58Z INFO RSAEncryptedFileKeyManager] Loading RSA key parameters from file C:\Users\legen\OneDrive\Dokumenti\GitHub\GitHooks\actions-runner\.credentials_rsaparams
[2025-05-24 17:33:48Z INFO ConfigurationStore] HasCredentials()
[2025-05-24 17:33:48Z INFO ConfigurationStore] stored True
[2025-05-24 17:33:48Z INFO CredentialManager] GetCredentialProvider
[2025-05-24 17:33:48Z INFO CredentialManager] Creating type OAuth
[2025-05-24 17:33:48Z INFO CredentialManager] Creating credential type: OAuth
[2025-05-24 17:33:48Z INFO RSAEncryptedFileKeyManager] Loading RSA key parameters from file C:\Users\legen\OneDrive\Dokumenti\GitHub\GitHooks\actions-runner\.credentials_rsaparams
[2025-05-24 17:34:39Z INFO ConfigurationStore] HasCredentials()
[2025-05-24 17:34:39Z INFO ConfigurationStore] stored True
[2025-05-24 17:34:39Z INFO CredentialManager] GetCredentialProvider
[2025-05-24 17:34:39Z INFO CredentialManager] Creating type OAuth
[2025-05-24 17:34:39Z INFO CredentialManager] Creating credential type: OAuth
[2025-05-24 17:34:39Z INFO RSAEncryptedFileKeyManager] Loading RSA key parameters from file C:\Users\legen\OneDrive\Dokumenti\GitHub\GitHooks\actions-runner\.credentials_rsaparams
[2025-05-24 17:35:29Z INFO ConfigurationStore] HasCredentials()
[2025-05-24 17:35:29Z INFO ConfigurationStore] stored True
[2025-05-24 17:35:29Z INFO CredentialManager] GetCredentialProvider
[2025-05-24 17:35:29Z INFO CredentialManager] Creating type OAuth
[2025-05-24 17:35:29Z INFO CredentialManager] Creating credential type: OAuth
[2025-05-24 17:35:29Z INFO RSAEncryptedFileKeyManager] Loading RSA key parameters from file C:\Users\legen\OneDrive\Dokumenti\GitHub\GitHooks\actions-runner\.credentials_rsaparams
[2025-05-24 17:36:19Z INFO ConfigurationStore] HasCredentials()
[2025-05-24 17:36:19Z INFO ConfigurationStore] stored True
[2025-05-24 17:36:19Z INFO CredentialManager] GetCredentialProvider
[2025-05-24 17:36:19Z INFO CredentialManager] Creating type OAuth
[2025-05-24 17:36:19Z INFO CredentialManager] Creating credential type: OAuth
[2025-05-24 17:36:19Z INFO RSAEncryptedFileKeyManager] Loading RSA key parameters from file C:\Users\legen\OneDrive\Dokumenti\GitHub\GitHooks\actions-runner\.credentials_rsaparams
[2025-05-24 17:37:10Z INFO ConfigurationStore] HasCredentials()
[2025-05-24 17:37:10Z INFO ConfigurationStore] stored True
[2025-05-24 17:37:10Z INFO CredentialManager] GetCredentialProvider
[2025-05-24 17:37:10Z INFO CredentialManager] Creating type OAuth
[2025-05-24 17:37:10Z INFO CredentialManager] Creating credential type: OAuth
[2025-05-24 17:37:10Z INFO RSAEncryptedFileKeyManager] Loading RSA key parameters from file C:\Users\legen\OneDrive\Dokumenti\GitHub\GitHooks\actions-runner\.credentials_rsaparams
[2025-05-24 17:38:01Z INFO ConfigurationStore] HasCredentials()
[2025-05-24 17:38:01Z INFO ConfigurationStore] stored True
[2025-05-24 17:38:01Z INFO CredentialManager] GetCredentialProvider
[2025-05-24 17:38:01Z INFO CredentialManager] Creating type OAuth
[2025-05-24 17:38:01Z INFO CredentialManager] Creating credential type: OAuth
[2025-05-24 17:38:01Z INFO RSAEncryptedFileKeyManager] Loading RSA key parameters from file C:\Users\legen\OneDrive\Dokumenti\GitHub\GitHooks\actions-runner\.credentials_rsaparams
[2025-05-24 17:38:51Z INFO ConfigurationStore] HasCredentials()
[2025-05-24 17:38:51Z INFO ConfigurationStore] stored True
[2025-05-24 17:38:51Z INFO CredentialManager] GetCredentialProvider
[2025-05-24 17:38:51Z INFO CredentialManager] Creating type OAuth
[2025-05-24 17:38:51Z INFO CredentialManager] Creating credential type: OAuth
[2025-05-24 17:38:51Z INFO RSAEncryptedFileKeyManager] Loading RSA key parameters from file C:\Users\legen\OneDrive\Dokumenti\GitHub\GitHooks\actions-runner\.credentials_rsaparams
[2025-05-24 17:39:42Z INFO ConfigurationStore] HasCredentials()
[2025-05-24 17:39:42Z INFO ConfigurationStore] stored True
[2025-05-24 17:39:42Z INFO CredentialManager] GetCredentialProvider
[2025-05-24 17:39:42Z INFO CredentialManager] Creating type OAuth
[2025-05-24 17:39:42Z INFO CredentialManager] Creating credential type: OAuth
[2025-05-24 17:39:42Z INFO RSAEncryptedFileKeyManager] Loading RSA key parameters from file C:\Users\legen\OneDrive\Dokumenti\GitHub\GitHooks\actions-runner\.credentials_rsaparams
[2025-05-24 17:40:32Z INFO ConfigurationStore] HasCredentials()
[2025-05-24 17:40:32Z INFO ConfigurationStore] stored True
[2025-05-24 17:40:32Z INFO CredentialManager] GetCredentialProvider
[2025-05-24 17:40:32Z INFO CredentialManager] Creating type OAuth
[2025-05-24 17:40:32Z INFO CredentialManager] Creating credential type: OAuth
[2025-05-24 17:40:32Z INFO RSAEncryptedFileKeyManager] Loading RSA key parameters from file C:\Users\legen\OneDrive\Dokumenti\GitHub\GitHooks\actions-runner\.credentials_rsaparams
[2025-05-24 17:41:22Z INFO ConfigurationStore] HasCredentials()
[2025-05-24 17:41:22Z INFO ConfigurationStore] stored True
[2025-05-24 17:41:22Z INFO CredentialManager] GetCredentialProvider
[2025-05-24 17:41:22Z INFO CredentialManager] Creating type OAuth
[2025-05-24 17:41:22Z INFO CredentialManager] Creating credential type: OAuth
[2025-05-24 17:41:22Z INFO RSAEncryptedFileKeyManager] Loading RSA key parameters from file C:\Users\legen\OneDrive\Dokumenti\GitHub\GitHooks\actions-runner\.credentials_rsaparams
[2025-05-24 17:42:13Z INFO RSAEncryptedFileKeyManager] Loading RSA key parameters from file C:\Users\legen\OneDrive\Dokumenti\GitHub\GitHooks\actions-runner\.credentials_rsaparams
[2025-05-24 17:42:14Z INFO GitHubActionsService] AAD Correlation ID for this token request: Unknown
[2025-05-24 17:42:14Z INFO ConfigurationStore] HasCredentials()
[2025-05-24 17:42:14Z INFO ConfigurationStore] stored True
[2025-05-24 17:42:14Z INFO CredentialManager] GetCredentialProvider
[2025-05-24 17:42:14Z INFO CredentialManager] Creating type OAuth
[2025-05-24 17:42:14Z INFO CredentialManager] Creating credential type: OAuth
[2025-05-24 17:42:14Z INFO RSAEncryptedFileKeyManager] Loading RSA key parameters from file C:\Users\legen\OneDrive\Dokumenti\GitHub\GitHooks\actions-runner\.credentials_rsaparams
[2025-05-24 17:43:04Z INFO ConfigurationStore] HasCredentials()
[2025-05-24 17:43:04Z INFO ConfigurationStore] stored True
[2025-05-24 17:43:04Z INFO CredentialManager] GetCredentialProvider
[2025-05-24 17:43:04Z INFO CredentialManager] Creating type OAuth
[2025-05-24 17:43:04Z INFO CredentialManager] Creating credential type: OAuth
[2025-05-24 17:43:04Z INFO RSAEncryptedFileKeyManager] Loading RSA key parameters from file C:\Users\legen\OneDrive\Dokumenti\GitHub\GitHooks\actions-runner\.credentials_rsaparams
[2025-05-24 17:43:55Z INFO ConfigurationStore] HasCredentials()
[2025-05-24 17:43:55Z INFO ConfigurationStore] stored True
[2025-05-24 17:43:55Z INFO CredentialManager] GetCredentialProvider
[2025-05-24 17:43:55Z INFO CredentialManager] Creating type OAuth
[2025-05-24 17:43:55Z INFO CredentialManager] Creating credential type: OAuth
[2025-05-24 17:43:55Z INFO RSAEncryptedFileKeyManager] Loading RSA key parameters from file C:\Users\legen\OneDrive\Dokumenti\GitHub\GitHooks\actions-runner\.credentials_rsaparams
[2025-05-24 17:44:45Z INFO ConfigurationStore] HasCredentials()
[2025-05-24 17:44:45Z INFO ConfigurationStore] stored True
[2025-05-24 17:44:45Z INFO CredentialManager] GetCredentialProvider
[2025-05-24 17:44:45Z INFO CredentialManager] Creating type OAuth
[2025-05-24 17:44:45Z INFO CredentialManager] Creating credential type: OAuth
[2025-05-24 17:44:45Z INFO RSAEncryptedFileKeyManager] Loading RSA key parameters from file C:\Users\legen\OneDrive\Dokumenti\GitHub\GitHooks\actions-runner\.credentials_rsaparams
[2025-05-24 17:45:36Z INFO ConfigurationStore] HasCredentials()
[2025-05-24 17:45:36Z INFO ConfigurationStore] stored True
[2025-05-24 17:45:36Z INFO CredentialManager] GetCredentialProvider
[2025-05-24 17:45:36Z INFO CredentialManager] Creating type OAuth
[2025-05-24 17:45:36Z INFO CredentialManager] Creating credential type: OAuth
[2025-05-24 17:45:36Z INFO RSAEncryptedFileKeyManager] Loading RSA key parameters from file C:\Users\legen\OneDrive\Dokumenti\GitHub\GitHooks\actions-runner\.credentials_rsaparams
[2025-05-24 17:46:26Z INFO ConfigurationStore] HasCredentials()
[2025-05-24 17:46:26Z INFO ConfigurationStore] stored True
[2025-05-24 17:46:26Z INFO CredentialManager] GetCredentialProvider
[2025-05-24 17:46:26Z INFO CredentialManager] Creating type OAuth
[2025-05-24 17:46:26Z INFO CredentialManager] Creating credential type: OAuth
[2025-05-24 17:46:26Z INFO RSAEncryptedFileKeyManager] Loading RSA key parameters from file C:\Users\legen\OneDrive\Dokumenti\GitHub\GitHooks\actions-runner\.credentials_rsaparams
[2025-05-24 17:47:17Z INFO ConfigurationStore] HasCredentials()
[2025-05-24 17:47:17Z INFO ConfigurationStore] stored True
[2025-05-24 17:47:17Z INFO CredentialManager] GetCredentialProvider
[2025-05-24 17:47:17Z INFO CredentialManager] Creating type OAuth
[2025-05-24 17:47:17Z INFO CredentialManager] Creating credential type: OAuth
[2025-05-24 17:47:17Z INFO RSAEncryptedFileKeyManager] Loading RSA key parameters from file C:\Users\legen\OneDrive\Dokumenti\GitHub\GitHooks\actions-runner\.credentials_rsaparams
[2025-05-24 17:48:07Z INFO ConfigurationStore] HasCredentials()
[2025-05-24 17:48:07Z INFO ConfigurationStore] stored True
[2025-05-24 17:48:07Z INFO CredentialManager] GetCredentialProvider
[2025-05-24 17:48:07Z INFO CredentialManager] Creating type OAuth
[2025-05-24 17:48:07Z INFO CredentialManager] Creating credential type: OAuth
[2025-05-24 17:48:07Z INFO RSAEncryptedFileKeyManager] Loading RSA key parameters from file C:\Users\legen\OneDrive\Dokumenti\GitHub\GitHooks\actions-runner\.credentials_rsaparams
[2025-05-24 17:48:58Z INFO ConfigurationStore] HasCredentials()
[2025-05-24 17:48:58Z INFO ConfigurationStore] stored True
[2025-05-24 17:48:58Z INFO CredentialManager] GetCredentialProvider
[2025-05-24 17:48:58Z INFO CredentialManager] Creating type OAuth
[2025-05-24 17:48:58Z INFO CredentialManager] Creating credential type: OAuth
[2025-05-24 17:48:58Z INFO RSAEncryptedFileKeyManager] Loading RSA key parameters from file C:\Users\legen\OneDrive\Dokumenti\GitHub\GitHooks\actions-runner\.credentials_rsaparams
[2025-05-24 17:49:48Z INFO ConfigurationStore] HasCredentials()
[2025-05-24 17:49:48Z INFO ConfigurationStore] stored True
[2025-05-24 17:49:48Z INFO CredentialManager] GetCredentialProvider
[2025-05-24 17:49:48Z INFO CredentialManager] Creating type OAuth
[2025-05-24 17:49:48Z INFO CredentialManager] Creating credential type: OAuth
[2025-05-24 17:49:48Z INFO RSAEncryptedFileKeyManager] Loading RSA key parameters from file C:\Users\legen\OneDrive\Dokumenti\GitHub\GitHooks\actions-runner\.credentials_rsaparams
[2025-05-24 17:50:38Z INFO ConfigurationStore] HasCredentials()
[2025-05-24 17:50:38Z INFO ConfigurationStore] stored True
[2025-05-24 17:50:38Z INFO CredentialManager] GetCredentialProvider
[2025-05-24 17:50:38Z INFO CredentialManager] Creating type OAuth
[2025-05-24 17:50:38Z INFO CredentialManager] Creating credential type: OAuth
[2025-05-24 17:50:38Z INFO RSAEncryptedFileKeyManager] Loading RSA key parameters from file C:\Users\legen\OneDrive\Dokumenti\GitHub\GitHooks\actions-runner\.credentials_rsaparams
[2025-05-24 17:51:29Z INFO ConfigurationStore] HasCredentials()
[2025-05-24 17:51:29Z INFO ConfigurationStore] stored True
[2025-05-24 17:51:29Z INFO CredentialManager] GetCredentialProvider
[2025-05-24 17:51:29Z INFO CredentialManager] Creating type OAuth
[2025-05-24 17:51:29Z INFO CredentialManager] Creating credential type: OAuth
[2025-05-24 17:51:29Z INFO RSAEncryptedFileKeyManager] Loading RSA key parameters from file C:\Users\legen\OneDrive\Dokumenti\GitHub\GitHooks\actions-runner\.credentials_rsaparams
[2025-05-24 17:52:19Z INFO ConfigurationStore] HasCredentials()
[2025-05-24 17:52:19Z INFO ConfigurationStore] stored True
[2025-05-24 17:52:19Z INFO CredentialManager] GetCredentialProvider
[2025-05-24 17:52:19Z INFO CredentialManager] Creating type OAuth
[2025-05-24 17:52:19Z INFO CredentialManager] Creating credential type: OAuth
[2025-05-24 17:52:19Z INFO RSAEncryptedFileKeyManager] Loading RSA key parameters from file C:\Users\legen\OneDrive\Dokumenti\GitHub\GitHooks\actions-runner\.credentials_rsaparams
[2025-05-24 17:53:10Z INFO ConfigurationStore] HasCredentials()
[2025-05-24 17:53:10Z INFO ConfigurationStore] stored True
[2025-05-24 17:53:10Z INFO CredentialManager] GetCredentialProvider
[2025-05-24 17:53:10Z INFO CredentialManager] Creating type OAuth
[2025-05-24 17:53:10Z INFO CredentialManager] Creating credential type: OAuth
[2025-05-24 17:53:10Z INFO RSAEncryptedFileKeyManager] Loading RSA key parameters from file C:\Users\legen\OneDrive\Dokumenti\GitHub\GitHooks\actions-runner\.credentials_rsaparams
[2025-05-24 17:54:00Z INFO ConfigurationStore] HasCredentials()
[2025-05-24 17:54:00Z INFO ConfigurationStore] stored True
[2025-05-24 17:54:00Z INFO CredentialManager] GetCredentialProvider
[2025-05-24 17:54:00Z INFO CredentialManager] Creating type OAuth
[2025-05-24 17:54:00Z INFO CredentialManager] Creating credential type: OAuth
[2025-05-24 17:54:00Z INFO RSAEncryptedFileKeyManager] Loading RSA key parameters from file C:\Users\legen\OneDrive\Dokumenti\GitHub\GitHooks\actions-runner\.credentials_rsaparams
[2025-05-24 17:54:51Z INFO ConfigurationStore] HasCredentials()
[2025-05-24 17:54:51Z INFO ConfigurationStore] stored True
[2025-05-24 17:54:51Z INFO CredentialManager] GetCredentialProvider
[2025-05-24 17:54:51Z INFO CredentialManager] Creating type OAuth
[2025-05-24 17:54:51Z INFO CredentialManager] Creating credential type: OAuth
[2025-05-24 17:54:51Z INFO RSAEncryptedFileKeyManager] Loading RSA key parameters from file C:\Users\legen\OneDrive\Dokumenti\GitHub\GitHooks\actions-runner\.credentials_rsaparams
[2025-05-24 17:55:41Z INFO ConfigurationStore] HasCredentials()
[2025-05-24 17:55:41Z INFO ConfigurationStore] stored True
[2025-05-24 17:55:41Z INFO CredentialManager] GetCredentialProvider
[2025-05-24 17:55:41Z INFO CredentialManager] Creating type OAuth
[2025-05-24 17:55:41Z INFO CredentialManager] Creating credential type: OAuth
[2025-05-24 17:55:41Z INFO RSAEncryptedFileKeyManager] Loading RSA key parameters from file C:\Users\legen\OneDrive\Dokumenti\GitHub\GitHooks\actions-runner\.credentials_rsaparams
[2025-05-24 17:56:31Z INFO ConfigurationStore] HasCredentials()
[2025-05-24 17:56:31Z INFO ConfigurationStore] stored True
[2025-05-24 17:56:31Z INFO CredentialManager] GetCredentialProvider
[2025-05-24 17:56:31Z INFO CredentialManager] Creating type OAuth
[2025-05-24 17:56:31Z INFO CredentialManager] Creating credential type: OAuth
[2025-05-24 17:56:31Z INFO RSAEncryptedFileKeyManager] Loading RSA key parameters from file C:\Users\legen\OneDrive\Dokumenti\GitHub\GitHooks\actions-runner\.credentials_rsaparams
[2025-05-24 17:57:22Z INFO MessageListener] No message retrieved from session '2d8f211f-2be3-4e30-a56c-8ea2ed6a58d0' within last 30 minutes.
[2025-05-24 17:57:22Z INFO ConfigurationStore] HasCredentials()
[2025-05-24 17:57:22Z INFO ConfigurationStore] stored True
[2025-05-24 17:57:22Z INFO CredentialManager] GetCredentialProvider
[2025-05-24 17:57:22Z INFO CredentialManager] Creating type OAuth
[2025-05-24 17:57:22Z INFO CredentialManager] Creating credential type: OAuth
[2025-05-24 17:57:22Z INFO RSAEncryptedFileKeyManager] Loading RSA key parameters from file C:\Users\legen\OneDrive\Dokumenti\GitHub\GitHooks\actions-runner\.credentials_rsaparams
[2025-05-24 17:58:12Z INFO ConfigurationStore] HasCredentials()
[2025-05-24 17:58:12Z INFO ConfigurationStore] stored True
[2025-05-24 17:58:12Z INFO CredentialManager] GetCredentialProvider
[2025-05-24 17:58:12Z INFO CredentialManager] Creating type OAuth
[2025-05-24 17:58:12Z INFO CredentialManager] Creating credential type: OAuth
[2025-05-24 17:58:12Z INFO RSAEncryptedFileKeyManager] Loading RSA key parameters from file C:\Users\legen\OneDrive\Dokumenti\GitHub\GitHooks\actions-runner\.credentials_rsaparams
[2025-05-24 17:59:02Z INFO ConfigurationStore] HasCredentials()
[2025-05-24 17:59:02Z INFO ConfigurationStore] stored True
[2025-05-24 17:59:02Z INFO CredentialManager] GetCredentialProvider
[2025-05-24 17:59:02Z INFO CredentialManager] Creating type OAuth
[2025-05-24 17:59:02Z INFO CredentialManager] Creating credential type: OAuth
[2025-05-24 17:59:02Z INFO RSAEncryptedFileKeyManager] Loading RSA key parameters from file C:\Users\legen\OneDrive\Dokumenti\GitHub\GitHooks\actions-runner\.credentials_rsaparams
[2025-05-24 17:59:53Z INFO ConfigurationStore] HasCredentials()
[2025-05-24 17:59:53Z INFO ConfigurationStore] stored True
[2025-05-24 17:59:53Z INFO CredentialManager] GetCredentialProvider
[2025-05-24 17:59:53Z INFO CredentialManager] Creating type OAuth
[2025-05-24 17:59:53Z INFO CredentialManager] Creating credential type: OAuth
[2025-05-24 17:59:53Z INFO RSAEncryptedFileKeyManager] Loading RSA key parameters from file C:\Users\legen\OneDrive\Dokumenti\GitHub\GitHooks\actions-runner\.credentials_rsaparams
[2025-05-24 18:00:43Z INFO ConfigurationStore] HasCredentials()
[2025-05-24 18:00:43Z INFO ConfigurationStore] stored True
[2025-05-24 18:00:43Z INFO CredentialManager] GetCredentialProvider
[2025-05-24 18:00:43Z INFO CredentialManager] Creating type OAuth
[2025-05-24 18:00:43Z INFO CredentialManager] Creating credential type: OAuth
[2025-05-24 18:00:43Z INFO RSAEncryptedFileKeyManager] Loading RSA key parameters from file C:\Users\legen\OneDrive\Dokumenti\GitHub\GitHooks\actions-runner\.credentials_rsaparams
[2025-05-24 18:01:34Z INFO ConfigurationStore] HasCredentials()
[2025-05-24 18:01:34Z INFO ConfigurationStore] stored True
[2025-05-24 18:01:34Z INFO CredentialManager] GetCredentialProvider
[2025-05-24 18:01:34Z INFO CredentialManager] Creating type OAuth
[2025-05-24 18:01:34Z INFO CredentialManager] Creating credential type: OAuth
[2025-05-24 18:01:34Z INFO RSAEncryptedFileKeyManager] Loading RSA key parameters from file C:\Users\legen\OneDrive\Dokumenti\GitHub\GitHooks\actions-runner\.credentials_rsaparams
[2025-05-24 18:02:24Z INFO ConfigurationStore] HasCredentials()
[2025-05-24 18:02:24Z INFO ConfigurationStore] stored True
[2025-05-24 18:02:24Z INFO CredentialManager] GetCredentialProvider
[2025-05-24 18:02:24Z INFO CredentialManager] Creating type OAuth
[2025-05-24 18:02:24Z INFO CredentialManager] Creating credential type: OAuth
[2025-05-24 18:02:24Z INFO RSAEncryptedFileKeyManager] Loading RSA key parameters from file C:\Users\legen\OneDrive\Dokumenti\GitHub\GitHooks\actions-runner\.credentials_rsaparams
[2025-05-24 18:03:14Z INFO ConfigurationStore] HasCredentials()
[2025-05-24 18:03:14Z INFO ConfigurationStore] stored True
[2025-05-24 18:03:14Z INFO CredentialManager] GetCredentialProvider
[2025-05-24 18:03:14Z INFO CredentialManager] Creating type OAuth
[2025-05-24 18:03:14Z INFO CredentialManager] Creating credential type: OAuth
[2025-05-24 18:03:14Z INFO RSAEncryptedFileKeyManager] Loading RSA key parameters from file C:\Users\legen\OneDrive\Dokumenti\GitHub\GitHooks\actions-runner\.credentials_rsaparams
[2025-05-24 18:04:05Z INFO ConfigurationStore] HasCredentials()
[2025-05-24 18:04:05Z INFO ConfigurationStore] stored True
[2025-05-24 18:04:05Z INFO CredentialManager] GetCredentialProvider
[2025-05-24 18:04:05Z INFO CredentialManager] Creating type OAuth
[2025-05-24 18:04:05Z INFO CredentialManager] Creating credential type: OAuth
[2025-05-24 18:04:05Z INFO RSAEncryptedFileKeyManager] Loading RSA key parameters from file C:\Users\legen\OneDrive\Dokumenti\GitHub\GitHooks\actions-runner\.credentials_rsaparams
[2025-05-24 18:04:55Z INFO ConfigurationStore] HasCredentials()
[2025-05-24 18:04:55Z INFO ConfigurationStore] stored True
[2025-05-24 18:04:55Z INFO CredentialManager] GetCredentialProvider
[2025-05-24 18:04:55Z INFO CredentialManager] Creating type OAuth
[2025-05-24 18:04:55Z INFO CredentialManager] Creating credential type: OAuth
[2025-05-24 18:04:55Z INFO RSAEncryptedFileKeyManager] Loading RSA key parameters from file C:\Users\legen\OneDrive\Dokumenti\GitHub\GitHooks\actions-runner\.credentials_rsaparams
[2025-05-24 18:05:46Z INFO ConfigurationStore] HasCredentials()
[2025-05-24 18:05:46Z INFO ConfigurationStore] stored True
[2025-05-24 18:05:46Z INFO CredentialManager] GetCredentialProvider
[2025-05-24 18:05:46Z INFO CredentialManager] Creating type OAuth
[2025-05-24 18:05:46Z INFO CredentialManager] Creating credential type: OAuth
[2025-05-24 18:05:46Z INFO RSAEncryptedFileKeyManager] Loading RSA key parameters from file C:\Users\legen\OneDrive\Dokumenti\GitHub\GitHooks\actions-runner\.credentials_rsaparams
[2025-05-24 18:06:36Z INFO ConfigurationStore] HasCredentials()
[2025-05-24 18:06:36Z INFO ConfigurationStore] stored True
[2025-05-24 18:06:36Z INFO CredentialManager] GetCredentialProvider
[2025-05-24 18:06:36Z INFO CredentialManager] Creating type OAuth
[2025-05-24 18:06:36Z INFO CredentialManager] Creating credential type: OAuth
[2025-05-24 18:06:36Z INFO RSAEncryptedFileKeyManager] Loading RSA key parameters from file C:\Users\legen\OneDrive\Dokumenti\GitHub\GitHooks\actions-runner\.credentials_rsaparams
[2025-05-24 18:07:27Z INFO ConfigurationStore] HasCredentials()
[2025-05-24 18:07:27Z INFO ConfigurationStore] stored True
[2025-05-24 18:07:27Z INFO CredentialManager] GetCredentialProvider
[2025-05-24 18:07:27Z INFO CredentialManager] Creating type OAuth
[2025-05-24 18:07:27Z INFO CredentialManager] Creating credential type: OAuth
[2025-05-24 18:07:27Z INFO RSAEncryptedFileKeyManager] Loading RSA key parameters from file C:\Users\legen\OneDrive\Dokumenti\GitHub\GitHooks\actions-runner\.credentials_rsaparams
[2025-05-24 18:08:17Z INFO ConfigurationStore] HasCredentials()
[2025-05-24 18:08:17Z INFO ConfigurationStore] stored True
[2025-05-24 18:08:17Z INFO CredentialManager] GetCredentialProvider
[2025-05-24 18:08:17Z INFO CredentialManager] Creating type OAuth
[2025-05-24 18:08:17Z INFO CredentialManager] Creating credential type: OAuth
[2025-05-24 18:08:17Z INFO RSAEncryptedFileKeyManager] Loading RSA key parameters from file C:\Users\legen\OneDrive\Dokumenti\GitHub\GitHooks\actions-runner\.credentials_rsaparams
[2025-05-24 18:09:07Z INFO ConfigurationStore] HasCredentials()
[2025-05-24 18:09:07Z INFO ConfigurationStore] stored True
[2025-05-24 18:09:07Z INFO CredentialManager] GetCredentialProvider
[2025-05-24 18:09:07Z INFO CredentialManager] Creating type OAuth
[2025-05-24 18:09:07Z INFO CredentialManager] Creating credential type: OAuth
[2025-05-24 18:09:07Z INFO RSAEncryptedFileKeyManager] Loading RSA key parameters from file C:\Users\legen\OneDrive\Dokumenti\GitHub\GitHooks\actions-runner\.credentials_rsaparams
[2025-05-24 18:09:58Z INFO ConfigurationStore] HasCredentials()
[2025-05-24 18:09:58Z INFO ConfigurationStore] stored True
[2025-05-24 18:09:58Z INFO CredentialManager] GetCredentialProvider
[2025-05-24 18:09:58Z INFO CredentialManager] Creating type OAuth
[2025-05-24 18:09:58Z INFO CredentialManager] Creating credential type: OAuth
[2025-05-24 18:09:58Z INFO RSAEncryptedFileKeyManager] Loading RSA key parameters from file C:\Users\legen\OneDrive\Dokumenti\GitHub\GitHooks\actions-runner\.credentials_rsaparams
[2025-05-24 18:10:48Z INFO ConfigurationStore] HasCredentials()
[2025-05-24 18:10:48Z INFO ConfigurationStore] stored True
[2025-05-24 18:10:48Z INFO CredentialManager] GetCredentialProvider
[2025-05-24 18:10:48Z INFO CredentialManager] Creating type OAuth
[2025-05-24 18:10:48Z INFO CredentialManager] Creating credential type: OAuth
[2025-05-24 18:10:48Z INFO RSAEncryptedFileKeyManager] Loading RSA key parameters from file C:\Users\legen\OneDrive\Dokumenti\GitHub\GitHooks\actions-runner\.credentials_rsaparams
[2025-05-24 18:11:39Z INFO ConfigurationStore] HasCredentials()
[2025-05-24 18:11:39Z INFO ConfigurationStore] stored True
[2025-05-24 18:11:39Z INFO CredentialManager] GetCredentialProvider
[2025-05-24 18:11:39Z INFO CredentialManager] Creating type OAuth
[2025-05-24 18:11:39Z INFO CredentialManager] Creating credential type: OAuth
[2025-05-24 18:11:39Z INFO RSAEncryptedFileKeyManager] Loading RSA key parameters from file C:\Users\legen\OneDrive\Dokumenti\GitHub\GitHooks\actions-runner\.credentials_rsaparams
[2025-05-24 18:12:29Z INFO ConfigurationStore] HasCredentials()
[2025-05-24 18:12:29Z INFO ConfigurationStore] stored True
[2025-05-24 18:12:29Z INFO CredentialManager] GetCredentialProvider
[2025-05-24 18:12:29Z INFO CredentialManager] Creating type OAuth
[2025-05-24 18:12:29Z INFO CredentialManager] Creating credential type: OAuth
[2025-05-24 18:12:29Z INFO RSAEncryptedFileKeyManager] Loading RSA key parameters from file C:\Users\legen\OneDrive\Dokumenti\GitHub\GitHooks\actions-runner\.credentials_rsaparams
[2025-05-24 18:13:19Z INFO ConfigurationStore] HasCredentials()
[2025-05-24 18:13:19Z INFO ConfigurationStore] stored True
[2025-05-24 18:13:19Z INFO CredentialManager] GetCredentialProvider
[2025-05-24 18:13:19Z INFO CredentialManager] Creating type OAuth
[2025-05-24 18:13:19Z INFO CredentialManager] Creating credential type: OAuth
[2025-05-24 18:13:19Z INFO RSAEncryptedFileKeyManager] Loading RSA key parameters from file C:\Users\legen\OneDrive\Dokumenti\GitHub\GitHooks\actions-runner\.credentials_rsaparams
[2025-05-24 18:14:10Z INFO ConfigurationStore] HasCredentials()
[2025-05-24 18:14:10Z INFO ConfigurationStore] stored True
[2025-05-24 18:14:10Z INFO CredentialManager] GetCredentialProvider
[2025-05-24 18:14:10Z INFO CredentialManager] Creating type OAuth
[2025-05-24 18:14:10Z INFO CredentialManager] Creating credential type: OAuth
[2025-05-24 18:14:10Z INFO RSAEncryptedFileKeyManager] Loading RSA key parameters from file C:\Users\legen\OneDrive\Dokumenti\GitHub\GitHooks\actions-runner\.credentials_rsaparams
[2025-05-24 18:15:00Z INFO ConfigurationStore] HasCredentials()
[2025-05-24 18:15:00Z INFO ConfigurationStore] stored True
[2025-05-24 18:15:00Z INFO CredentialManager] GetCredentialProvider
[2025-05-24 18:15:00Z INFO CredentialManager] Creating type OAuth
[2025-05-24 18:15:00Z INFO CredentialManager] Creating credential type: OAuth
[2025-05-24 18:15:00Z INFO RSAEncryptedFileKeyManager] Loading RSA key parameters from file C:\Users\legen\OneDrive\Dokumenti\GitHub\GitHooks\actions-runner\.credentials_rsaparams
[2025-05-24 18:15:51Z INFO ConfigurationStore] HasCredentials()
[2025-05-24 18:15:51Z INFO ConfigurationStore] stored True
[2025-05-24 18:15:51Z INFO CredentialManager] GetCredentialProvider
[2025-05-24 18:15:51Z INFO CredentialManager] Creating type OAuth
[2025-05-24 18:15:51Z INFO CredentialManager] Creating credential type: OAuth
[2025-05-24 18:15:51Z INFO RSAEncryptedFileKeyManager] Loading RSA key parameters from file C:\Users\legen\OneDrive\Dokumenti\GitHub\GitHooks\actions-runner\.credentials_rsaparams
[2025-05-24 18:16:42Z INFO ConfigurationStore] HasCredentials()
[2025-05-24 18:16:42Z INFO ConfigurationStore] stored True
[2025-05-24 18:16:42Z INFO CredentialManager] GetCredentialProvider
[2025-05-24 18:16:42Z INFO CredentialManager] Creating type OAuth
[2025-05-24 18:16:42Z INFO CredentialManager] Creating credential type: OAuth
[2025-05-24 18:16:42Z INFO RSAEncryptedFileKeyManager] Loading RSA key parameters from file C:\Users\legen\OneDrive\Dokumenti\GitHub\GitHooks\actions-runner\.credentials_rsaparams
[2025-05-24 18:16:42Z INFO RSAEncryptedFileKeyManager] Loading RSA key parameters from file C:\Users\legen\OneDrive\Dokumenti\GitHub\GitHooks\actions-runner\.credentials_rsaparams
[2025-05-24 18:16:43Z INFO GitHubActionsService] AAD Correlation ID for this token request: Unknown
[2025-05-24 18:17:33Z INFO ConfigurationStore] HasCredentials()
[2025-05-24 18:17:33Z INFO ConfigurationStore] stored True
[2025-05-24 18:17:33Z INFO CredentialManager] GetCredentialProvider
[2025-05-24 18:17:33Z INFO CredentialManager] Creating type OAuth
[2025-05-24 18:17:33Z INFO CredentialManager] Creating credential type: OAuth
[2025-05-24 18:17:33Z INFO RSAEncryptedFileKeyManager] Loading RSA key parameters from file C:\Users\legen\OneDrive\Dokumenti\GitHub\GitHooks\actions-runner\.credentials_rsaparams
[2025-05-24 18:18:24Z INFO ConfigurationStore] HasCredentials()
[2025-05-24 18:18:24Z INFO ConfigurationStore] stored True
[2025-05-24 18:18:24Z INFO CredentialManager] GetCredentialProvider
[2025-05-24 18:18:24Z INFO CredentialManager] Creating type OAuth
[2025-05-24 18:18:24Z INFO CredentialManager] Creating credential type: OAuth
[2025-05-24 18:18:24Z INFO RSAEncryptedFileKeyManager] Loading RSA key parameters from file C:\Users\legen\OneDrive\Dokumenti\GitHub\GitHooks\actions-runner\.credentials_rsaparams
[2025-05-24 18:19:14Z INFO ConfigurationStore] HasCredentials()
[2025-05-24 18:19:14Z INFO ConfigurationStore] stored True
[2025-05-24 18:19:14Z INFO CredentialManager] GetCredentialProvider
[2025-05-24 18:19:14Z INFO CredentialManager] Creating type OAuth
[2025-05-24 18:19:14Z INFO CredentialManager] Creating credential type: OAuth
[2025-05-24 18:19:14Z INFO RSAEncryptedFileKeyManager] Loading RSA key parameters from file C:\Users\legen\OneDrive\Dokumenti\GitHub\GitHooks\actions-runner\.credentials_rsaparams
[2025-05-24 18:20:04Z INFO ConfigurationStore] HasCredentials()
[2025-05-24 18:20:05Z INFO ConfigurationStore] stored True
[2025-05-24 18:20:05Z INFO CredentialManager] GetCredentialProvider
[2025-05-24 18:20:05Z INFO CredentialManager] Creating type OAuth
[2025-05-24 18:20:05Z INFO CredentialManager] Creating credential type: OAuth
[2025-05-24 18:20:05Z INFO RSAEncryptedFileKeyManager] Loading RSA key parameters from file C:\Users\legen\OneDrive\Dokumenti\GitHub\GitHooks\actions-runner\.credentials_rsaparams
[2025-05-24 18:20:56Z INFO ConfigurationStore] HasCredentials()
[2025-05-24 18:20:56Z INFO ConfigurationStore] stored True
[2025-05-24 18:20:56Z INFO CredentialManager] GetCredentialProvider
[2025-05-24 18:20:56Z INFO CredentialManager] Creating type OAuth
[2025-05-24 18:20:56Z INFO CredentialManager] Creating credential type: OAuth
[2025-05-24 18:20:56Z INFO RSAEncryptedFileKeyManager] Loading RSA key parameters from file C:\Users\legen\OneDrive\Dokumenti\GitHub\GitHooks\actions-runner\.credentials_rsaparams
[2025-05-24 18:21:47Z INFO ConfigurationStore] HasCredentials()
[2025-05-24 18:21:47Z INFO ConfigurationStore] stored True
[2025-05-24 18:21:47Z INFO CredentialManager] GetCredentialProvider
[2025-05-24 18:21:47Z INFO CredentialManager] Creating type OAuth
[2025-05-24 18:21:47Z INFO CredentialManager] Creating credential type: OAuth
[2025-05-24 18:21:47Z INFO RSAEncryptedFileKeyManager] Loading RSA key parameters from file C:\Users\legen\OneDrive\Dokumenti\GitHub\GitHooks\actions-runner\.credentials_rsaparams
[2025-05-24 18:22:37Z INFO ConfigurationStore] HasCredentials()
[2025-05-24 18:22:37Z INFO ConfigurationStore] stored True
[2025-05-24 18:22:37Z INFO CredentialManager] GetCredentialProvider
[2025-05-24 18:22:37Z INFO CredentialManager] Creating type OAuth
[2025-05-24 18:22:37Z INFO CredentialManager] Creating credential type: OAuth
[2025-05-24 18:22:37Z INFO RSAEncryptedFileKeyManager] Loading RSA key parameters from file C:\Users\legen\OneDrive\Dokumenti\GitHub\GitHooks\actions-runner\.credentials_rsaparams
[2025-05-24 18:23:27Z INFO ConfigurationStore] HasCredentials()
[2025-05-24 18:23:27Z INFO ConfigurationStore] stored True
[2025-05-24 18:23:27Z INFO CredentialManager] GetCredentialProvider
[2025-05-24 18:23:27Z INFO CredentialManager] Creating type OAuth
[2025-05-24 18:23:27Z INFO CredentialManager] Creating credential type: OAuth
[2025-05-24 18:23:27Z INFO RSAEncryptedFileKeyManager] Loading RSA key parameters from file C:\Users\legen\OneDrive\Dokumenti\GitHub\GitHooks\actions-runner\.credentials_rsaparams
[2025-05-24 18:24:18Z INFO ConfigurationStore] HasCredentials()
[2025-05-24 18:24:18Z INFO ConfigurationStore] stored True
[2025-05-24 18:24:18Z INFO CredentialManager] GetCredentialProvider
[2025-05-24 18:24:18Z INFO CredentialManager] Creating type OAuth
[2025-05-24 18:24:18Z INFO CredentialManager] Creating credential type: OAuth
[2025-05-24 18:24:18Z INFO RSAEncryptedFileKeyManager] Loading RSA key parameters from file C:\Users\legen\OneDrive\Dokumenti\GitHub\GitHooks\actions-runner\.credentials_rsaparams
[2025-05-24 18:25:08Z INFO ConfigurationStore] HasCredentials()
[2025-05-24 18:25:08Z INFO ConfigurationStore] stored True
[2025-05-24 18:25:08Z INFO CredentialManager] GetCredentialProvider
[2025-05-24 18:25:08Z INFO CredentialManager] Creating type OAuth
[2025-05-24 18:25:08Z INFO CredentialManager] Creating credential type: OAuth
[2025-05-24 18:25:08Z INFO RSAEncryptedFileKeyManager] Loading RSA key parameters from file C:\Users\legen\OneDrive\Dokumenti\GitHub\GitHooks\actions-runner\.credentials_rsaparams
[2025-05-24 18:25:59Z INFO ConfigurationStore] HasCredentials()
[2025-05-24 18:25:59Z INFO ConfigurationStore] stored True
[2025-05-24 18:25:59Z INFO CredentialManager] GetCredentialProvider
[2025-05-24 18:25:59Z INFO CredentialManager] Creating type OAuth
[2025-05-24 18:25:59Z INFO CredentialManager] Creating credential type: OAuth
[2025-05-24 18:25:59Z INFO RSAEncryptedFileKeyManager] Loading RSA key parameters from file C:\Users\legen\OneDrive\Dokumenti\GitHub\GitHooks\actions-runner\.credentials_rsaparams
[2025-05-24 18:26:49Z INFO ConfigurationStore] HasCredentials()
[2025-05-24 18:26:49Z INFO ConfigurationStore] stored True
[2025-05-24 18:26:49Z INFO CredentialManager] GetCredentialProvider
[2025-05-24 18:26:49Z INFO CredentialManager] Creating type OAuth
[2025-05-24 18:26:49Z INFO CredentialManager] Creating credential type: OAuth
[2025-05-24 18:26:49Z INFO RSAEncryptedFileKeyManager] Loading RSA key parameters from file C:\Users\legen\OneDrive\Dokumenti\GitHub\GitHooks\actions-runner\.credentials_rsaparams
[2025-05-24 18:27:39Z INFO MessageListener] No message retrieved from session '2d8f211f-2be3-4e30-a56c-8ea2ed6a58d0' within last 30 minutes.
[2025-05-24 18:27:40Z INFO ConfigurationStore] HasCredentials()
[2025-05-24 18:27:40Z INFO ConfigurationStore] stored True
[2025-05-24 18:27:40Z INFO CredentialManager] GetCredentialProvider
[2025-05-24 18:27:40Z INFO CredentialManager] Creating type OAuth
[2025-05-24 18:27:40Z INFO CredentialManager] Creating credential type: OAuth
[2025-05-24 18:27:40Z INFO RSAEncryptedFileKeyManager] Loading RSA key parameters from file C:\Users\legen\OneDrive\Dokumenti\GitHub\GitHooks\actions-runner\.credentials_rsaparams
[2025-05-24 18:28:30Z INFO ConfigurationStore] HasCredentials()
[2025-05-24 18:28:30Z INFO ConfigurationStore] stored True
[2025-05-24 18:28:30Z INFO CredentialManager] GetCredentialProvider
[2025-05-24 18:28:30Z INFO CredentialManager] Creating type OAuth
[2025-05-24 18:28:30Z INFO CredentialManager] Creating credential type: OAuth
[2025-05-24 18:28:30Z INFO RSAEncryptedFileKeyManager] Loading RSA key parameters from file C:\Users\legen\OneDrive\Dokumenti\GitHub\GitHooks\actions-runner\.credentials_rsaparams
[2025-05-24 18:29:20Z INFO ConfigurationStore] HasCredentials()
[2025-05-24 18:29:20Z INFO ConfigurationStore] stored True
[2025-05-24 18:29:20Z INFO CredentialManager] GetCredentialProvider
[2025-05-24 18:29:20Z INFO CredentialManager] Creating type OAuth
[2025-05-24 18:29:20Z INFO CredentialManager] Creating credential type: OAuth
[2025-05-24 18:29:20Z INFO RSAEncryptedFileKeyManager] Loading RSA key parameters from file C:\Users\legen\OneDrive\Dokumenti\GitHub\GitHooks\actions-runner\.credentials_rsaparams
[2025-05-24 18:30:11Z INFO ConfigurationStore] HasCredentials()
[2025-05-24 18:30:11Z INFO ConfigurationStore] stored True
[2025-05-24 18:30:11Z INFO CredentialManager] GetCredentialProvider
[2025-05-24 18:30:11Z INFO CredentialManager] Creating type OAuth
[2025-05-24 18:30:11Z INFO CredentialManager] Creating credential type: OAuth
[2025-05-24 18:30:11Z INFO RSAEncryptedFileKeyManager] Loading RSA key parameters from file C:\Users\legen\OneDrive\Dokumenti\GitHub\GitHooks\actions-runner\.credentials_rsaparams
[2025-05-24 18:31:01Z INFO ConfigurationStore] HasCredentials()
[2025-05-24 18:31:01Z INFO ConfigurationStore] stored True
[2025-05-24 18:31:01Z INFO CredentialManager] GetCredentialProvider
[2025-05-24 18:31:01Z INFO CredentialManager] Creating type OAuth
[2025-05-24 18:31:01Z INFO CredentialManager] Creating credential type: OAuth
[2025-05-24 18:31:01Z INFO RSAEncryptedFileKeyManager] Loading RSA key parameters from file C:\Users\legen\OneDrive\Dokumenti\GitHub\GitHooks\actions-runner\.credentials_rsaparams
[2025-05-24 18:31:52Z INFO ConfigurationStore] HasCredentials()
[2025-05-24 18:31:52Z INFO ConfigurationStore] stored True
[2025-05-24 18:31:52Z INFO CredentialManager] GetCredentialProvider
[2025-05-24 18:31:52Z INFO CredentialManager] Creating type OAuth
[2025-05-24 18:31:52Z INFO CredentialManager] Creating credential type: OAuth
[2025-05-24 18:31:52Z INFO RSAEncryptedFileKeyManager] Loading RSA key parameters from file C:\Users\legen\OneDrive\Dokumenti\GitHub\GitHooks\actions-runner\.credentials_rsaparams
[2025-05-24 18:32:42Z INFO ConfigurationStore] HasCredentials()
[2025-05-24 18:32:42Z INFO ConfigurationStore] stored True
[2025-05-24 18:32:42Z INFO CredentialManager] GetCredentialProvider
[2025-05-24 18:32:42Z INFO CredentialManager] Creating type OAuth
[2025-05-24 18:32:42Z INFO CredentialManager] Creating credential type: OAuth
[2025-05-24 18:32:42Z INFO RSAEncryptedFileKeyManager] Loading RSA key parameters from file C:\Users\legen\OneDrive\Dokumenti\GitHub\GitHooks\actions-runner\.credentials_rsaparams
[2025-05-24 18:33:32Z INFO ConfigurationStore] HasCredentials()
[2025-05-24 18:33:32Z INFO ConfigurationStore] stored True
[2025-05-24 18:33:32Z INFO CredentialManager] GetCredentialProvider
[2025-05-24 18:33:32Z INFO CredentialManager] Creating type OAuth
[2025-05-24 18:33:32Z INFO CredentialManager] Creating credential type: OAuth
[2025-05-24 18:33:32Z INFO RSAEncryptedFileKeyManager] Loading RSA key parameters from file C:\Users\legen\OneDrive\Dokumenti\GitHub\GitHooks\actions-runner\.credentials_rsaparams
[2025-05-24 18:34:23Z INFO ConfigurationStore] HasCredentials()
[2025-05-24 18:34:23Z INFO ConfigurationStore] stored True
[2025-05-24 18:34:23Z INFO CredentialManager] GetCredentialProvider
[2025-05-24 18:34:23Z INFO CredentialManager] Creating type OAuth
[2025-05-24 18:34:23Z INFO CredentialManager] Creating credential type: OAuth
[2025-05-24 18:34:23Z INFO RSAEncryptedFileKeyManager] Loading RSA key parameters from file C:\Users\legen\OneDrive\Dokumenti\GitHub\GitHooks\actions-runner\.credentials_rsaparams
[2025-05-24 18:35:13Z INFO ConfigurationStore] HasCredentials()
[2025-05-24 18:35:13Z INFO ConfigurationStore] stored True
[2025-05-24 18:35:13Z INFO CredentialManager] GetCredentialProvider
[2025-05-24 18:35:13Z INFO CredentialManager] Creating type OAuth
[2025-05-24 18:35:13Z INFO CredentialManager] Creating credential type: OAuth
[2025-05-24 18:35:13Z INFO RSAEncryptedFileKeyManager] Loading RSA key parameters from file C:\Users\legen\OneDrive\Dokumenti\GitHub\GitHooks\actions-runner\.credentials_rsaparams
[2025-05-24 18:36:04Z INFO ConfigurationStore] HasCredentials()
[2025-05-24 18:36:04Z INFO ConfigurationStore] stored True
[2025-05-24 18:36:04Z INFO CredentialManager] GetCredentialProvider
[2025-05-24 18:36:04Z INFO CredentialManager] Creating type OAuth
[2025-05-24 18:36:04Z INFO CredentialManager] Creating credential type: OAuth
[2025-05-24 18:36:04Z INFO RSAEncryptedFileKeyManager] Loading RSA key parameters from file C:\Users\legen\OneDrive\Dokumenti\GitHub\GitHooks\actions-runner\.credentials_rsaparams
[2025-05-24 18:36:54Z INFO ConfigurationStore] HasCredentials()
[2025-05-24 18:36:54Z INFO ConfigurationStore] stored True
[2025-05-24 18:36:54Z INFO CredentialManager] GetCredentialProvider
[2025-05-24 18:36:54Z INFO CredentialManager] Creating type OAuth
[2025-05-24 18:36:54Z INFO CredentialManager] Creating credential type: OAuth
[2025-05-24 18:36:54Z INFO RSAEncryptedFileKeyManager] Loading RSA key parameters from file C:\Users\legen\OneDrive\Dokumenti\GitHub\GitHooks\actions-runner\.credentials_rsaparams
[2025-05-24 18:37:44Z INFO RSAEncryptedFileKeyManager] Loading RSA key parameters from file C:\Users\legen\OneDrive\Dokumenti\GitHub\GitHooks\actions-runner\.credentials_rsaparams
[2025-05-24 18:37:45Z INFO GitHubActionsService] AAD Correlation ID for this token request: Unknown
[2025-05-24 18:37:45Z INFO ConfigurationStore] HasCredentials()
[2025-05-24 18:37:45Z INFO ConfigurationStore] stored True
[2025-05-24 18:37:45Z INFO CredentialManager] GetCredentialProvider
[2025-05-24 18:37:45Z INFO CredentialManager] Creating type OAuth
[2025-05-24 18:37:45Z INFO CredentialManager] Creating credential type: OAuth
[2025-05-24 18:37:45Z INFO RSAEncryptedFileKeyManager] Loading RSA key parameters from file C:\Users\legen\OneDrive\Dokumenti\GitHub\GitHooks\actions-runner\.credentials_rsaparams
[2025-05-24 18:38:36Z INFO ConfigurationStore] HasCredentials()
[2025-05-24 18:38:36Z INFO ConfigurationStore] stored True
[2025-05-24 18:38:36Z INFO CredentialManager] GetCredentialProvider
[2025-05-24 18:38:36Z INFO CredentialManager] Creating type OAuth
[2025-05-24 18:38:36Z INFO CredentialManager] Creating credential type: OAuth
[2025-05-24 18:38:36Z INFO RSAEncryptedFileKeyManager] Loading RSA key parameters from file C:\Users\legen\OneDrive\Dokumenti\GitHub\GitHooks\actions-runner\.credentials_rsaparams
[2025-05-24 18:39:26Z INFO ConfigurationStore] HasCredentials()
[2025-05-24 18:39:26Z INFO ConfigurationStore] stored True
[2025-05-24 18:39:26Z INFO CredentialManager] GetCredentialProvider
[2025-05-24 18:39:26Z INFO CredentialManager] Creating type OAuth
[2025-05-24 18:39:26Z INFO CredentialManager] Creating credential type: OAuth
[2025-05-24 18:39:26Z INFO RSAEncryptedFileKeyManager] Loading RSA key parameters from file C:\Users\legen\OneDrive\Dokumenti\GitHub\GitHooks\actions-runner\.credentials_rsaparams
[2025-05-24 18:40:17Z INFO ConfigurationStore] HasCredentials()
[2025-05-24 18:40:17Z INFO ConfigurationStore] stored True
[2025-05-24 18:40:17Z INFO CredentialManager] GetCredentialProvider
[2025-05-24 18:40:17Z INFO CredentialManager] Creating type OAuth
[2025-05-24 18:40:17Z INFO CredentialManager] Creating credential type: OAuth
[2025-05-24 18:40:17Z INFO RSAEncryptedFileKeyManager] Loading RSA key parameters from file C:\Users\legen\OneDrive\Dokumenti\GitHub\GitHooks\actions-runner\.credentials_rsaparams
[2025-05-24 18:41:07Z INFO ConfigurationStore] HasCredentials()
[2025-05-24 18:41:07Z INFO ConfigurationStore] stored True
[2025-05-24 18:41:07Z INFO CredentialManager] GetCredentialProvider
[2025-05-24 18:41:07Z INFO CredentialManager] Creating type OAuth
[2025-05-24 18:41:07Z INFO CredentialManager] Creating credential type: OAuth
[2025-05-24 18:41:07Z INFO RSAEncryptedFileKeyManager] Loading RSA key parameters from file C:\Users\legen\OneDrive\Dokumenti\GitHub\GitHooks\actions-runner\.credentials_rsaparams
[2025-05-24 18:41:57Z INFO ConfigurationStore] HasCredentials()
[2025-05-24 18:41:57Z INFO ConfigurationStore] stored True
[2025-05-24 18:41:57Z INFO CredentialManager] GetCredentialProvider
[2025-05-24 18:41:57Z INFO CredentialManager] Creating type OAuth
[2025-05-24 18:41:57Z INFO CredentialManager] Creating credential type: OAuth
[2025-05-24 18:41:57Z INFO RSAEncryptedFileKeyManager] Loading RSA key parameters from file C:\Users\legen\OneDrive\Dokumenti\GitHub\GitHooks\actions-runner\.credentials_rsaparams
[2025-05-24 18:42:48Z INFO ConfigurationStore] HasCredentials()
[2025-05-24 18:42:48Z INFO ConfigurationStore] stored True
[2025-05-24 18:42:48Z INFO CredentialManager] GetCredentialProvider
[2025-05-24 18:42:48Z INFO CredentialManager] Creating type OAuth
[2025-05-24 18:42:48Z INFO CredentialManager] Creating credential type: OAuth
[2025-05-24 18:42:48Z INFO RSAEncryptedFileKeyManager] Loading RSA key parameters from file C:\Users\legen\OneDrive\Dokumenti\GitHub\GitHooks\actions-runner\.credentials_rsaparams
[2025-05-24 18:43:38Z INFO ConfigurationStore] HasCredentials()
[2025-05-24 18:43:38Z INFO ConfigurationStore] stored True
[2025-05-24 18:43:38Z INFO CredentialManager] GetCredentialProvider
[2025-05-24 18:43:38Z INFO CredentialManager] Creating type OAuth
[2025-05-24 18:43:38Z INFO CredentialManager] Creating credential type: OAuth
[2025-05-24 18:43:38Z INFO RSAEncryptedFileKeyManager] Loading RSA key parameters from file C:\Users\legen\OneDrive\Dokumenti\GitHub\GitHooks\actions-runner\.credentials_rsaparams
[2025-05-24 18:44:29Z INFO ConfigurationStore] HasCredentials()
[2025-05-24 18:44:29Z INFO ConfigurationStore] stored True
[2025-05-24 18:44:29Z INFO CredentialManager] GetCredentialProvider
[2025-05-24 18:44:29Z INFO CredentialManager] Creating type OAuth
[2025-05-24 18:44:29Z INFO CredentialManager] Creating credential type: OAuth
[2025-05-24 18:44:29Z INFO RSAEncryptedFileKeyManager] Loading RSA key parameters from file C:\Users\legen\OneDrive\Dokumenti\GitHub\GitHooks\actions-runner\.credentials_rsaparams
[2025-05-24 18:45:19Z INFO ConfigurationStore] HasCredentials()
[2025-05-24 18:45:19Z INFO ConfigurationStore] stored True
[2025-05-24 18:45:19Z INFO CredentialManager] GetCredentialProvider
[2025-05-24 18:45:19Z INFO CredentialManager] Creating type OAuth
[2025-05-24 18:45:19Z INFO CredentialManager] Creating credential type: OAuth
[2025-05-24 18:45:19Z INFO RSAEncryptedFileKeyManager] Loading RSA key parameters from file C:\Users\legen\OneDrive\Dokumenti\GitHub\GitHooks\actions-runner\.credentials_rsaparams
[2025-05-24 18:46:09Z INFO ConfigurationStore] HasCredentials()
[2025-05-24 18:46:09Z INFO ConfigurationStore] stored True
[2025-05-24 18:46:09Z INFO CredentialManager] GetCredentialProvider
[2025-05-24 18:46:09Z INFO CredentialManager] Creating type OAuth
[2025-05-24 18:46:09Z INFO CredentialManager] Creating credential type: OAuth
[2025-05-24 18:46:09Z INFO RSAEncryptedFileKeyManager] Loading RSA key parameters from file C:\Users\legen\OneDrive\Dokumenti\GitHub\GitHooks\actions-runner\.credentials_rsaparams
[2025-05-24 18:47:00Z INFO ConfigurationStore] HasCredentials()
[2025-05-24 18:47:00Z INFO ConfigurationStore] stored True
[2025-05-24 18:47:00Z INFO CredentialManager] GetCredentialProvider
[2025-05-24 18:47:00Z INFO CredentialManager] Creating type OAuth
[2025-05-24 18:47:00Z INFO CredentialManager] Creating credential type: OAuth
[2025-05-24 18:47:00Z INFO RSAEncryptedFileKeyManager] Loading RSA key parameters from file C:\Users\legen\OneDrive\Dokumenti\GitHub\GitHooks\actions-runner\.credentials_rsaparams
[2025-05-24 18:47:50Z INFO ConfigurationStore] HasCredentials()
[2025-05-24 18:47:50Z INFO ConfigurationStore] stored True
[2025-05-24 18:47:50Z INFO CredentialManager] GetCredentialProvider
[2025-05-24 18:47:50Z INFO CredentialManager] Creating type OAuth
[2025-05-24 18:47:50Z INFO CredentialManager] Creating credential type: OAuth
[2025-05-24 18:47:50Z INFO RSAEncryptedFileKeyManager] Loading RSA key parameters from file C:\Users\legen\OneDrive\Dokumenti\GitHub\GitHooks\actions-runner\.credentials_rsaparams
[2025-05-24 18:48:40Z INFO ConfigurationStore] HasCredentials()
[2025-05-24 18:48:40Z INFO ConfigurationStore] stored True
[2025-05-24 18:48:40Z INFO CredentialManager] GetCredentialProvider
[2025-05-24 18:48:40Z INFO CredentialManager] Creating type OAuth
[2025-05-24 18:48:40Z INFO CredentialManager] Creating credential type: OAuth
[2025-05-24 18:48:40Z INFO RSAEncryptedFileKeyManager] Loading RSA key parameters from file C:\Users\legen\OneDrive\Dokumenti\GitHub\GitHooks\actions-runner\.credentials_rsaparams
[2025-05-24 18:49:31Z INFO ConfigurationStore] HasCredentials()
[2025-05-24 18:49:31Z INFO ConfigurationStore] stored True
[2025-05-24 18:49:31Z INFO CredentialManager] GetCredentialProvider
[2025-05-24 18:49:31Z INFO CredentialManager] Creating type OAuth
[2025-05-24 18:49:31Z INFO CredentialManager] Creating credential type: OAuth
[2025-05-24 18:49:31Z INFO RSAEncryptedFileKeyManager] Loading RSA key parameters from file C:\Users\legen\OneDrive\Dokumenti\GitHub\GitHooks\actions-runner\.credentials_rsaparams
[2025-05-24 18:50:21Z INFO ConfigurationStore] HasCredentials()
[2025-05-24 18:50:21Z INFO ConfigurationStore] stored True
[2025-05-24 18:50:21Z INFO CredentialManager] GetCredentialProvider
[2025-05-24 18:50:21Z INFO CredentialManager] Creating type OAuth
[2025-05-24 18:50:21Z INFO CredentialManager] Creating credential type: OAuth
[2025-05-24 18:50:21Z INFO RSAEncryptedFileKeyManager] Loading RSA key parameters from file C:\Users\legen\OneDrive\Dokumenti\GitHub\GitHooks\actions-runner\.credentials_rsaparams
[2025-05-24 18:51:12Z INFO ConfigurationStore] HasCredentials()
[2025-05-24 18:51:12Z INFO ConfigurationStore] stored True
[2025-05-24 18:51:12Z INFO CredentialManager] GetCredentialProvider
[2025-05-24 18:51:12Z INFO CredentialManager] Creating type OAuth
[2025-05-24 18:51:12Z INFO CredentialManager] Creating credential type: OAuth
[2025-05-24 18:51:12Z INFO RSAEncryptedFileKeyManager] Loading RSA key parameters from file C:\Users\legen\OneDrive\Dokumenti\GitHub\GitHooks\actions-runner\.credentials_rsaparams
[2025-05-24 18:52:02Z INFO ConfigurationStore] HasCredentials()
[2025-05-24 18:52:02Z INFO ConfigurationStore] stored True
[2025-05-24 18:52:02Z INFO CredentialManager] GetCredentialProvider
[2025-05-24 18:52:02Z INFO CredentialManager] Creating type OAuth
[2025-05-24 18:52:02Z INFO CredentialManager] Creating credential type: OAuth
[2025-05-24 18:52:02Z INFO RSAEncryptedFileKeyManager] Loading RSA key parameters from file C:\Users\legen\OneDrive\Dokumenti\GitHub\GitHooks\actions-runner\.credentials_rsaparams
[2025-05-24 18:52:53Z INFO ConfigurationStore] HasCredentials()
[2025-05-24 18:52:53Z INFO ConfigurationStore] stored True
[2025-05-24 18:52:53Z INFO CredentialManager] GetCredentialProvider
[2025-05-24 18:52:53Z INFO CredentialManager] Creating type OAuth
[2025-05-24 18:52:53Z INFO CredentialManager] Creating credential type: OAuth
[2025-05-24 18:52:53Z INFO RSAEncryptedFileKeyManager] Loading RSA key parameters from file C:\Users\legen\OneDrive\Dokumenti\GitHub\GitHooks\actions-runner\.credentials_rsaparams
[2025-05-24 18:53:43Z INFO ConfigurationStore] HasCredentials()
[2025-05-24 18:53:43Z INFO ConfigurationStore] stored True
[2025-05-24 18:53:43Z INFO CredentialManager] GetCredentialProvider
[2025-05-24 18:53:43Z INFO CredentialManager] Creating type OAuth
[2025-05-24 18:53:43Z INFO CredentialManager] Creating credential type: OAuth
[2025-05-24 18:53:43Z INFO RSAEncryptedFileKeyManager] Loading RSA key parameters from file C:\Users\legen\OneDrive\Dokumenti\GitHub\GitHooks\actions-runner\.credentials_rsaparams
[2025-05-24 18:54:33Z INFO ConfigurationStore] HasCredentials()
[2025-05-24 18:54:33Z INFO ConfigurationStore] stored True
[2025-05-24 18:54:33Z INFO CredentialManager] GetCredentialProvider
[2025-05-24 18:54:33Z INFO CredentialManager] Creating type OAuth
[2025-05-24 18:54:33Z INFO CredentialManager] Creating credential type: OAuth
[2025-05-24 18:54:33Z INFO RSAEncryptedFileKeyManager] Loading RSA key parameters from file C:\Users\legen\OneDrive\Dokumenti\GitHub\GitHooks\actions-runner\.credentials_rsaparams
[2025-05-24 18:55:24Z INFO ConfigurationStore] HasCredentials()
[2025-05-24 18:55:24Z INFO ConfigurationStore] stored True
[2025-05-24 18:55:24Z INFO CredentialManager] GetCredentialProvider
[2025-05-24 18:55:24Z INFO CredentialManager] Creating type OAuth
[2025-05-24 18:55:24Z INFO CredentialManager] Creating credential type: OAuth
[2025-05-24 18:55:24Z INFO RSAEncryptedFileKeyManager] Loading RSA key parameters from file C:\Users\legen\OneDrive\Dokumenti\GitHub\GitHooks\actions-runner\.credentials_rsaparams
[2025-05-24 18:56:14Z INFO ConfigurationStore] HasCredentials()
[2025-05-24 18:56:14Z INFO ConfigurationStore] stored True
[2025-05-24 18:56:14Z INFO CredentialManager] GetCredentialProvider
[2025-05-24 18:56:14Z INFO CredentialManager] Creating type OAuth
[2025-05-24 18:56:14Z INFO CredentialManager] Creating credential type: OAuth
[2025-05-24 18:56:14Z INFO RSAEncryptedFileKeyManager] Loading RSA key parameters from file C:\Users\legen\OneDrive\Dokumenti\GitHub\GitHooks\actions-runner\.credentials_rsaparams
[2025-05-24 18:57:05Z INFO ConfigurationStore] HasCredentials()
[2025-05-24 18:57:05Z INFO ConfigurationStore] stored True
[2025-05-24 18:57:05Z INFO CredentialManager] GetCredentialProvider
[2025-05-24 18:57:05Z INFO CredentialManager] Creating type OAuth
[2025-05-24 18:57:05Z INFO CredentialManager] Creating credential type: OAuth
[2025-05-24 18:57:05Z INFO RSAEncryptedFileKeyManager] Loading RSA key parameters from file C:\Users\legen\OneDrive\Dokumenti\GitHub\GitHooks\actions-runner\.credentials_rsaparams
[2025-05-24 18:57:55Z INFO MessageListener] No message retrieved from session '2d8f211f-2be3-4e30-a56c-8ea2ed6a58d0' within last 30 minutes.
[2025-05-24 18:57:55Z INFO ConfigurationStore] HasCredentials()
[2025-05-24 18:57:55Z INFO ConfigurationStore] stored True
[2025-05-24 18:57:55Z INFO CredentialManager] GetCredentialProvider
[2025-05-24 18:57:55Z INFO CredentialManager] Creating type OAuth
[2025-05-24 18:57:55Z INFO CredentialManager] Creating credential type: OAuth
[2025-05-24 18:57:55Z INFO RSAEncryptedFileKeyManager] Loading RSA key parameters from file C:\Users\legen\OneDrive\Dokumenti\GitHub\GitHooks\actions-runner\.credentials_rsaparams
[2025-05-24 18:58:45Z INFO ConfigurationStore] HasCredentials()
[2025-05-24 18:58:45Z INFO ConfigurationStore] stored True
[2025-05-24 18:58:45Z INFO CredentialManager] GetCredentialProvider
[2025-05-24 18:58:45Z INFO CredentialManager] Creating type OAuth
[2025-05-24 18:58:45Z INFO CredentialManager] Creating credential type: OAuth
[2025-05-24 18:58:45Z INFO RSAEncryptedFileKeyManager] Loading RSA key parameters from file C:\Users\legen\OneDrive\Dokumenti\GitHub\GitHooks\actions-runner\.credentials_rsaparams
[2025-05-24 18:59:36Z INFO ConfigurationStore] HasCredentials()
[2025-05-24 18:59:36Z INFO ConfigurationStore] stored True
[2025-05-24 18:59:36Z INFO CredentialManager] GetCredentialProvider
[2025-05-24 18:59:36Z INFO CredentialManager] Creating type OAuth
[2025-05-24 18:59:36Z INFO CredentialManager] Creating credential type: OAuth
[2025-05-24 18:59:36Z INFO RSAEncryptedFileKeyManager] Loading RSA key parameters from file C:\Users\legen\OneDrive\Dokumenti\GitHub\GitHooks\actions-runner\.credentials_rsaparams
[2025-05-24 19:00:26Z INFO ConfigurationStore] HasCredentials()
[2025-05-24 19:00:26Z INFO ConfigurationStore] stored True
[2025-05-24 19:00:26Z INFO CredentialManager] GetCredentialProvider
[2025-05-24 19:00:26Z INFO CredentialManager] Creating type OAuth
[2025-05-24 19:00:26Z INFO CredentialManager] Creating credential type: OAuth
[2025-05-24 19:00:26Z INFO RSAEncryptedFileKeyManager] Loading RSA key parameters from file C:\Users\legen\OneDrive\Dokumenti\GitHub\GitHooks\actions-runner\.credentials_rsaparams
[2025-05-24 19:01:17Z INFO ConfigurationStore] HasCredentials()
[2025-05-24 19:01:17Z INFO ConfigurationStore] stored True
[2025-05-24 19:01:17Z INFO CredentialManager] GetCredentialProvider
[2025-05-24 19:01:17Z INFO CredentialManager] Creating type OAuth
[2025-05-24 19:01:17Z INFO CredentialManager] Creating credential type: OAuth
[2025-05-24 19:01:17Z INFO RSAEncryptedFileKeyManager] Loading RSA key parameters from file C:\Users\legen\OneDrive\Dokumenti\GitHub\GitHooks\actions-runner\.credentials_rsaparams
[2025-05-24 19:02:07Z INFO ConfigurationStore] HasCredentials()
[2025-05-24 19:02:07Z INFO ConfigurationStore] stored True
[2025-05-24 19:02:07Z INFO CredentialManager] GetCredentialProvider
[2025-05-24 19:02:07Z INFO CredentialManager] Creating type OAuth
[2025-05-24 19:02:07Z INFO CredentialManager] Creating credential type: OAuth
[2025-05-24 19:02:07Z INFO RSAEncryptedFileKeyManager] Loading RSA key parameters from file C:\Users\legen\OneDrive\Dokumenti\GitHub\GitHooks\actions-runner\.credentials_rsaparams
[2025-05-24 19:02:58Z INFO ConfigurationStore] HasCredentials()
[2025-05-24 19:02:58Z INFO ConfigurationStore] stored True
[2025-05-24 19:02:58Z INFO CredentialManager] GetCredentialProvider
[2025-05-24 19:02:58Z INFO CredentialManager] Creating type OAuth
[2025-05-24 19:02:58Z INFO CredentialManager] Creating credential type: OAuth
[2025-05-24 19:02:58Z INFO RSAEncryptedFileKeyManager] Loading RSA key parameters from file C:\Users\legen\OneDrive\Dokumenti\GitHub\GitHooks\actions-runner\.credentials_rsaparams
[2025-05-24 19:03:48Z INFO ConfigurationStore] HasCredentials()
[2025-05-24 19:03:48Z INFO ConfigurationStore] stored True
[2025-05-24 19:03:48Z INFO CredentialManager] GetCredentialProvider
[2025-05-24 19:03:48Z INFO CredentialManager] Creating type OAuth
[2025-05-24 19:03:48Z INFO CredentialManager] Creating credential type: OAuth
[2025-05-24 19:03:48Z INFO RSAEncryptedFileKeyManager] Loading RSA key parameters from file C:\Users\legen\OneDrive\Dokumenti\GitHub\GitHooks\actions-runner\.credentials_rsaparams
[2025-05-24 19:04:38Z INFO ConfigurationStore] HasCredentials()
[2025-05-24 19:04:38Z INFO ConfigurationStore] stored True
[2025-05-24 19:04:38Z INFO CredentialManager] GetCredentialProvider
[2025-05-24 19:04:38Z INFO CredentialManager] Creating type OAuth
[2025-05-24 19:04:38Z INFO CredentialManager] Creating credential type: OAuth
[2025-05-24 19:04:38Z INFO RSAEncryptedFileKeyManager] Loading RSA key parameters from file C:\Users\legen\OneDrive\Dokumenti\GitHub\GitHooks\actions-runner\.credentials_rsaparams
[2025-05-24 19:05:29Z INFO ConfigurationStore] HasCredentials()
[2025-05-24 19:05:29Z INFO ConfigurationStore] stored True
[2025-05-24 19:05:29Z INFO CredentialManager] GetCredentialProvider
[2025-05-24 19:05:29Z INFO CredentialManager] Creating type OAuth
[2025-05-24 19:05:29Z INFO CredentialManager] Creating credential type: OAuth
[2025-05-24 19:05:29Z INFO RSAEncryptedFileKeyManager] Loading RSA key parameters from file C:\Users\legen\OneDrive\Dokumenti\GitHub\GitHooks\actions-runner\.credentials_rsaparams
[2025-05-24 19:06:19Z INFO ConfigurationStore] HasCredentials()
[2025-05-24 19:06:19Z INFO ConfigurationStore] stored True
[2025-05-24 19:06:19Z INFO CredentialManager] GetCredentialProvider
[2025-05-24 19:06:19Z INFO CredentialManager] Creating type OAuth
[2025-05-24 19:06:19Z INFO CredentialManager] Creating credential type: OAuth
[2025-05-24 19:06:19Z INFO RSAEncryptedFileKeyManager] Loading RSA key parameters from file C:\Users\legen\OneDrive\Dokumenti\GitHub\GitHooks\actions-runner\.credentials_rsaparams
[2025-05-24 19:07:10Z INFO ConfigurationStore] HasCredentials()
[2025-05-24 19:07:10Z INFO ConfigurationStore] stored True
[2025-05-24 19:07:10Z INFO CredentialManager] GetCredentialProvider
[2025-05-24 19:07:10Z INFO CredentialManager] Creating type OAuth
[2025-05-24 19:07:10Z INFO CredentialManager] Creating credential type: OAuth
[2025-05-24 19:07:10Z INFO RSAEncryptedFileKeyManager] Loading RSA key parameters from file C:\Users\legen\OneDrive\Dokumenti\GitHub\GitHooks\actions-runner\.credentials_rsaparams
[2025-05-24 19:07:10Z INFO RSAEncryptedFileKeyManager] Loading RSA key parameters from file C:\Users\legen\OneDrive\Dokumenti\GitHub\GitHooks\actions-runner\.credentials_rsaparams
[2025-05-24 19:07:11Z INFO GitHubActionsService] AAD Correlation ID for this token request: Unknown
[2025-05-24 19:08:01Z INFO ConfigurationStore] HasCredentials()
[2025-05-24 19:08:01Z INFO ConfigurationStore] stored True
[2025-05-24 19:08:01Z INFO CredentialManager] GetCredentialProvider
[2025-05-24 19:08:01Z INFO CredentialManager] Creating type OAuth
[2025-05-24 19:08:01Z INFO CredentialManager] Creating credential type: OAuth
[2025-05-24 19:08:01Z INFO RSAEncryptedFileKeyManager] Loading RSA key parameters from file C:\Users\legen\OneDrive\Dokumenti\GitHub\GitHooks\actions-runner\.credentials_rsaparams
[2025-05-24 19:08:52Z INFO ConfigurationStore] HasCredentials()
[2025-05-24 19:08:52Z INFO ConfigurationStore] stored True
[2025-05-24 19:08:52Z INFO CredentialManager] GetCredentialProvider
[2025-05-24 19:08:52Z INFO CredentialManager] Creating type OAuth
[2025-05-24 19:08:52Z INFO CredentialManager] Creating credential type: OAuth
[2025-05-24 19:08:52Z INFO RSAEncryptedFileKeyManager] Loading RSA key parameters from file C:\Users\legen\OneDrive\Dokumenti\GitHub\GitHooks\actions-runner\.credentials_rsaparams
[2025-05-24 19:09:42Z INFO ConfigurationStore] HasCredentials()
[2025-05-24 19:09:42Z INFO ConfigurationStore] stored True
[2025-05-24 19:09:42Z INFO CredentialManager] GetCredentialProvider
[2025-05-24 19:09:42Z INFO CredentialManager] Creating type OAuth
[2025-05-24 19:09:42Z INFO CredentialManager] Creating credential type: OAuth
[2025-05-24 19:09:42Z INFO RSAEncryptedFileKeyManager] Loading RSA key parameters from file C:\Users\legen\OneDrive\Dokumenti\GitHub\GitHooks\actions-runner\.credentials_rsaparams
[2025-05-24 19:10:32Z INFO ConfigurationStore] HasCredentials()
[2025-05-24 19:10:32Z INFO ConfigurationStore] stored True
[2025-05-24 19:10:32Z INFO CredentialManager] GetCredentialProvider
[2025-05-24 19:10:32Z INFO CredentialManager] Creating type OAuth
[2025-05-24 19:10:32Z INFO CredentialManager] Creating credential type: OAuth
[2025-05-24 19:10:32Z INFO RSAEncryptedFileKeyManager] Loading RSA key parameters from file C:\Users\legen\OneDrive\Dokumenti\GitHub\GitHooks\actions-runner\.credentials_rsaparams
[2025-05-24 19:11:23Z INFO ConfigurationStore] HasCredentials()
[2025-05-24 19:11:23Z INFO ConfigurationStore] stored True
[2025-05-24 19:11:23Z INFO CredentialManager] GetCredentialProvider
[2025-05-24 19:11:23Z INFO CredentialManager] Creating type OAuth
[2025-05-24 19:11:23Z INFO CredentialManager] Creating credential type: OAuth
[2025-05-24 19:11:23Z INFO RSAEncryptedFileKeyManager] Loading RSA key parameters from file C:\Users\legen\OneDrive\Dokumenti\GitHub\GitHooks\actions-runner\.credentials_rsaparams
[2025-05-24 19:12:13Z INFO ConfigurationStore] HasCredentials()
[2025-05-24 19:12:13Z INFO ConfigurationStore] stored True
[2025-05-24 19:12:13Z INFO CredentialManager] GetCredentialProvider
[2025-05-24 19:12:13Z INFO CredentialManager] Creating type OAuth
[2025-05-24 19:12:13Z INFO CredentialManager] Creating credential type: OAuth
[2025-05-24 19:12:13Z INFO RSAEncryptedFileKeyManager] Loading RSA key parameters from file C:\Users\legen\OneDrive\Dokumenti\GitHub\GitHooks\actions-runner\.credentials_rsaparams
[2025-05-24 19:13:04Z INFO ConfigurationStore] HasCredentials()
[2025-05-24 19:13:04Z INFO ConfigurationStore] stored True
[2025-05-24 19:13:04Z INFO CredentialManager] GetCredentialProvider
[2025-05-24 19:13:04Z INFO CredentialManager] Creating type OAuth
[2025-05-24 19:13:04Z INFO CredentialManager] Creating credential type: OAuth
[2025-05-24 19:13:04Z INFO RSAEncryptedFileKeyManager] Loading RSA key parameters from file C:\Users\legen\OneDrive\Dokumenti\GitHub\GitHooks\actions-runner\.credentials_rsaparams
[2025-05-24 19:13:54Z INFO ConfigurationStore] HasCredentials()
[2025-05-24 19:13:54Z INFO ConfigurationStore] stored True
[2025-05-24 19:13:54Z INFO CredentialManager] GetCredentialProvider
[2025-05-24 19:13:54Z INFO CredentialManager] Creating type OAuth
[2025-05-24 19:13:54Z INFO CredentialManager] Creating credential type: OAuth
[2025-05-24 19:13:54Z INFO RSAEncryptedFileKeyManager] Loading RSA key parameters from file C:\Users\legen\OneDrive\Dokumenti\GitHub\GitHooks\actions-runner\.credentials_rsaparams
[2025-05-24 19:14:45Z INFO ConfigurationStore] HasCredentials()
[2025-05-24 19:14:45Z INFO ConfigurationStore] stored True
[2025-05-24 19:14:45Z INFO CredentialManager] GetCredentialProvider
[2025-05-24 19:14:45Z INFO CredentialManager] Creating type OAuth
[2025-05-24 19:14:45Z INFO CredentialManager] Creating credential type: OAuth
[2025-05-24 19:14:45Z INFO RSAEncryptedFileKeyManager] Loading RSA key parameters from file C:\Users\legen\OneDrive\Dokumenti\GitHub\GitHooks\actions-runner\.credentials_rsaparams
[2025-05-24 19:15:35Z INFO ConfigurationStore] HasCredentials()
[2025-05-24 19:15:35Z INFO ConfigurationStore] stored True
[2025-05-24 19:15:35Z INFO CredentialManager] GetCredentialProvider
[2025-05-24 19:15:35Z INFO CredentialManager] Creating type OAuth
[2025-05-24 19:15:35Z INFO CredentialManager] Creating credential type: OAuth
[2025-05-24 19:15:35Z INFO RSAEncryptedFileKeyManager] Loading RSA key parameters from file C:\Users\legen\OneDrive\Dokumenti\GitHub\GitHooks\actions-runner\.credentials_rsaparams
[2025-05-24 19:16:25Z INFO ConfigurationStore] HasCredentials()
[2025-05-24 19:16:25Z INFO ConfigurationStore] stored True
[2025-05-24 19:16:25Z INFO CredentialManager] GetCredentialProvider
[2025-05-24 19:16:25Z INFO CredentialManager] Creating type OAuth
[2025-05-24 19:16:25Z INFO CredentialManager] Creating credential type: OAuth
[2025-05-24 19:16:25Z INFO RSAEncryptedFileKeyManager] Loading RSA key parameters from file C:\Users\legen\OneDrive\Dokumenti\GitHub\GitHooks\actions-runner\.credentials_rsaparams
[2025-05-24 19:17:16Z INFO ConfigurationStore] HasCredentials()
[2025-05-24 19:17:16Z INFO ConfigurationStore] stored True
[2025-05-24 19:17:16Z INFO CredentialManager] GetCredentialProvider
[2025-05-24 19:17:16Z INFO CredentialManager] Creating type OAuth
[2025-05-24 19:17:16Z INFO CredentialManager] Creating credential type: OAuth
[2025-05-24 19:17:16Z INFO RSAEncryptedFileKeyManager] Loading RSA key parameters from file C:\Users\legen\OneDrive\Dokumenti\GitHub\GitHooks\actions-runner\.credentials_rsaparams
[2025-05-24 19:18:06Z INFO ConfigurationStore] HasCredentials()
[2025-05-24 19:18:06Z INFO ConfigurationStore] stored True
[2025-05-24 19:18:06Z INFO CredentialManager] GetCredentialProvider
[2025-05-24 19:18:06Z INFO CredentialManager] Creating type OAuth
[2025-05-24 19:18:06Z INFO CredentialManager] Creating credential type: OAuth
[2025-05-24 19:18:06Z INFO RSAEncryptedFileKeyManager] Loading RSA key parameters from file C:\Users\legen\OneDrive\Dokumenti\GitHub\GitHooks\actions-runner\.credentials_rsaparams
[2025-05-24 19:18:57Z INFO ConfigurationStore] HasCredentials()
[2025-05-24 19:18:57Z INFO ConfigurationStore] stored True
[2025-05-24 19:18:57Z INFO CredentialManager] GetCredentialProvider
[2025-05-24 19:18:57Z INFO CredentialManager] Creating type OAuth
[2025-05-24 19:18:57Z INFO CredentialManager] Creating credential type: OAuth
[2025-05-24 19:18:57Z INFO RSAEncryptedFileKeyManager] Loading RSA key parameters from file C:\Users\legen\OneDrive\Dokumenti\GitHub\GitHooks\actions-runner\.credentials_rsaparams
[2025-05-24 19:19:47Z INFO ConfigurationStore] HasCredentials()
[2025-05-24 19:19:47Z INFO ConfigurationStore] stored True
[2025-05-24 19:19:47Z INFO CredentialManager] GetCredentialProvider
[2025-05-24 19:19:47Z INFO CredentialManager] Creating type OAuth
[2025-05-24 19:19:47Z INFO CredentialManager] Creating credential type: OAuth
[2025-05-24 19:19:47Z INFO RSAEncryptedFileKeyManager] Loading RSA key parameters from file C:\Users\legen\OneDrive\Dokumenti\GitHub\GitHooks\actions-runner\.credentials_rsaparams
[2025-05-24 19:20:37Z INFO ConfigurationStore] HasCredentials()
[2025-05-24 19:20:37Z INFO ConfigurationStore] stored True
[2025-05-24 19:20:37Z INFO CredentialManager] GetCredentialProvider
[2025-05-24 19:20:37Z INFO CredentialManager] Creating type OAuth
[2025-05-24 19:20:37Z INFO CredentialManager] Creating credential type: OAuth
[2025-05-24 19:20:37Z INFO RSAEncryptedFileKeyManager] Loading RSA key parameters from file C:\Users\legen\OneDrive\Dokumenti\GitHub\GitHooks\actions-runner\.credentials_rsaparams
[2025-05-24 19:21:28Z INFO ConfigurationStore] HasCredentials()
[2025-05-24 19:21:28Z INFO ConfigurationStore] stored True
[2025-05-24 19:21:28Z INFO CredentialManager] GetCredentialProvider
[2025-05-24 19:21:28Z INFO CredentialManager] Creating type OAuth
[2025-05-24 19:21:28Z INFO CredentialManager] Creating credential type: OAuth
[2025-05-24 19:21:28Z INFO RSAEncryptedFileKeyManager] Loading RSA key parameters from file C:\Users\legen\OneDrive\Dokumenti\GitHub\GitHooks\actions-runner\.credentials_rsaparams
[2025-05-24 19:22:18Z INFO ConfigurationStore] HasCredentials()
[2025-05-24 19:22:18Z INFO ConfigurationStore] stored True
[2025-05-24 19:22:18Z INFO CredentialManager] GetCredentialProvider
[2025-05-24 19:22:18Z INFO CredentialManager] Creating type OAuth
[2025-05-24 19:22:18Z INFO CredentialManager] Creating credential type: OAuth
[2025-05-24 19:22:18Z INFO RSAEncryptedFileKeyManager] Loading RSA key parameters from file C:\Users\legen\OneDrive\Dokumenti\GitHub\GitHooks\actions-runner\.credentials_rsaparams
[2025-05-24 19:23:09Z INFO ConfigurationStore] HasCredentials()
[2025-05-24 19:23:09Z INFO ConfigurationStore] stored True
[2025-05-24 19:23:09Z INFO CredentialManager] GetCredentialProvider
[2025-05-24 19:23:09Z INFO CredentialManager] Creating type OAuth
[2025-05-24 19:23:09Z INFO CredentialManager] Creating credential type: OAuth
[2025-05-24 19:23:09Z INFO RSAEncryptedFileKeyManager] Loading RSA key parameters from file C:\Users\legen\OneDrive\Dokumenti\GitHub\GitHooks\actions-runner\.credentials_rsaparams
[2025-05-24 19:23:59Z INFO ConfigurationStore] HasCredentials()
[2025-05-24 19:23:59Z INFO ConfigurationStore] stored True
[2025-05-24 19:23:59Z INFO CredentialManager] GetCredentialProvider
[2025-05-24 19:23:59Z INFO CredentialManager] Creating type OAuth
[2025-05-24 19:23:59Z INFO CredentialManager] Creating credential type: OAuth
[2025-05-24 19:23:59Z INFO RSAEncryptedFileKeyManager] Loading RSA key parameters from file C:\Users\legen\OneDrive\Dokumenti\GitHub\GitHooks\actions-runner\.credentials_rsaparams
[2025-05-24 19:24:50Z INFO ConfigurationStore] HasCredentials()
[2025-05-24 19:24:50Z INFO ConfigurationStore] stored True
[2025-05-24 19:24:50Z INFO CredentialManager] GetCredentialProvider
[2025-05-24 19:24:50Z INFO CredentialManager] Creating type OAuth
[2025-05-24 19:24:50Z INFO CredentialManager] Creating credential type: OAuth
[2025-05-24 19:24:50Z INFO RSAEncryptedFileKeyManager] Loading RSA key parameters from file C:\Users\legen\OneDrive\Dokumenti\GitHub\GitHooks\actions-runner\.credentials_rsaparams
[2025-05-24 19:25:40Z INFO ConfigurationStore] HasCredentials()
[2025-05-24 19:25:40Z INFO ConfigurationStore] stored True
[2025-05-24 19:25:40Z INFO CredentialManager] GetCredentialProvider
[2025-05-24 19:25:40Z INFO CredentialManager] Creating type OAuth
[2025-05-24 19:25:40Z INFO CredentialManager] Creating credential type: OAuth
[2025-05-24 19:25:40Z INFO RSAEncryptedFileKeyManager] Loading RSA key parameters from file C:\Users\legen\OneDrive\Dokumenti\GitHub\GitHooks\actions-runner\.credentials_rsaparams
[2025-05-24 19:26:30Z INFO ConfigurationStore] HasCredentials()
[2025-05-24 19:26:30Z INFO ConfigurationStore] stored True
[2025-05-24 19:26:30Z INFO CredentialManager] GetCredentialProvider
[2025-05-24 19:26:30Z INFO CredentialManager] Creating type OAuth
[2025-05-24 19:26:30Z INFO CredentialManager] Creating credential type: OAuth
[2025-05-24 19:26:30Z INFO RSAEncryptedFileKeyManager] Loading RSA key parameters from file C:\Users\legen\OneDrive\Dokumenti\GitHub\GitHooks\actions-runner\.credentials_rsaparams
[2025-05-24 19:27:21Z INFO ConfigurationStore] HasCredentials()
[2025-05-24 19:27:21Z INFO ConfigurationStore] stored True
[2025-05-24 19:27:21Z INFO CredentialManager] GetCredentialProvider
[2025-05-24 19:27:21Z INFO CredentialManager] Creating type OAuth
[2025-05-24 19:27:21Z INFO CredentialManager] Creating credential type: OAuth
[2025-05-24 19:27:21Z INFO RSAEncryptedFileKeyManager] Loading RSA key parameters from file C:\Users\legen\OneDrive\Dokumenti\GitHub\GitHooks\actions-runner\.credentials_rsaparams
[2025-05-24 19:28:11Z INFO MessageListener] No message retrieved from session '2d8f211f-2be3-4e30-a56c-8ea2ed6a58d0' within last 30 minutes.
[2025-05-24 19:28:11Z INFO ConfigurationStore] HasCredentials()
[2025-05-24 19:28:11Z INFO ConfigurationStore] stored True
[2025-05-24 19:28:11Z INFO CredentialManager] GetCredentialProvider
[2025-05-24 19:28:11Z INFO CredentialManager] Creating type OAuth
[2025-05-24 19:28:11Z INFO CredentialManager] Creating credential type: OAuth
[2025-05-24 19:28:11Z INFO RSAEncryptedFileKeyManager] Loading RSA key parameters from file C:\Users\legen\OneDrive\Dokumenti\GitHub\GitHooks\actions-runner\.credentials_rsaparams
[2025-05-24 19:29:02Z INFO ConfigurationStore] HasCredentials()
[2025-05-24 19:29:02Z INFO ConfigurationStore] stored True
[2025-05-24 19:29:02Z INFO CredentialManager] GetCredentialProvider
[2025-05-24 19:29:02Z INFO CredentialManager] Creating type OAuth
[2025-05-24 19:29:02Z INFO CredentialManager] Creating credential type: OAuth
[2025-05-24 19:29:02Z INFO RSAEncryptedFileKeyManager] Loading RSA key parameters from file C:\Users\legen\OneDrive\Dokumenti\GitHub\GitHooks\actions-runner\.credentials_rsaparams
[2025-05-24 19:29:52Z INFO ConfigurationStore] HasCredentials()
[2025-05-24 19:29:52Z INFO ConfigurationStore] stored True
[2025-05-24 19:29:52Z INFO CredentialManager] GetCredentialProvider
[2025-05-24 19:29:52Z INFO CredentialManager] Creating type OAuth
[2025-05-24 19:29:52Z INFO CredentialManager] Creating credential type: OAuth
[2025-05-24 19:29:52Z INFO RSAEncryptedFileKeyManager] Loading RSA key parameters from file C:\Users\legen\OneDrive\Dokumenti\GitHub\GitHooks\actions-runner\.credentials_rsaparams
[2025-05-24 19:30:42Z INFO ConfigurationStore] HasCredentials()
[2025-05-24 19:30:42Z INFO ConfigurationStore] stored True
[2025-05-24 19:30:42Z INFO CredentialManager] GetCredentialProvider
[2025-05-24 19:30:42Z INFO CredentialManager] Creating type OAuth
[2025-05-24 19:30:42Z INFO CredentialManager] Creating credential type: OAuth
[2025-05-24 19:30:42Z INFO RSAEncryptedFileKeyManager] Loading RSA key parameters from file C:\Users\legen\OneDrive\Dokumenti\GitHub\GitHooks\actions-runner\.credentials_rsaparams
[2025-05-24 19:31:33Z INFO ConfigurationStore] HasCredentials()
[2025-05-24 19:31:33Z INFO ConfigurationStore] stored True
[2025-05-24 19:31:33Z INFO CredentialManager] GetCredentialProvider
[2025-05-24 19:31:33Z INFO CredentialManager] Creating type OAuth
[2025-05-24 19:31:33Z INFO CredentialManager] Creating credential type: OAuth
[2025-05-24 19:31:33Z INFO RSAEncryptedFileKeyManager] Loading RSA key parameters from file C:\Users\legen\OneDrive\Dokumenti\GitHub\GitHooks\actions-runner\.credentials_rsaparams
[2025-05-24 19:32:23Z INFO ConfigurationStore] HasCredentials()
[2025-05-24 19:32:23Z INFO ConfigurationStore] stored True
[2025-05-24 19:32:23Z INFO CredentialManager] GetCredentialProvider
[2025-05-24 19:32:23Z INFO CredentialManager] Creating type OAuth
[2025-05-24 19:32:23Z INFO CredentialManager] Creating credential type: OAuth
[2025-05-24 19:32:23Z INFO RSAEncryptedFileKeyManager] Loading RSA key parameters from file C:\Users\legen\OneDrive\Dokumenti\GitHub\GitHooks\actions-runner\.credentials_rsaparams
[2025-05-24 19:33:14Z INFO RSAEncryptedFileKeyManager] Loading RSA key parameters from file C:\Users\legen\OneDrive\Dokumenti\GitHub\GitHooks\actions-runner\.credentials_rsaparams
[2025-05-24 19:33:15Z INFO GitHubActionsService] AAD Correlation ID for this token request: Unknown
[2025-05-24 19:33:15Z INFO ConfigurationStore] HasCredentials()
[2025-05-24 19:33:15Z INFO ConfigurationStore] stored True
[2025-05-24 19:33:15Z INFO CredentialManager] GetCredentialProvider
[2025-05-24 19:33:15Z INFO CredentialManager] Creating type OAuth
[2025-05-24 19:33:15Z INFO CredentialManager] Creating credential type: OAuth
[2025-05-24 19:33:15Z INFO RSAEncryptedFileKeyManager] Loading RSA key parameters from file C:\Users\legen\OneDrive\Dokumenti\GitHub\GitHooks\actions-runner\.credentials_rsaparams
[2025-05-24 19:34:05Z INFO ConfigurationStore] HasCredentials()
[2025-05-24 19:34:05Z INFO ConfigurationStore] stored True
[2025-05-24 19:34:05Z INFO CredentialManager] GetCredentialProvider
[2025-05-24 19:34:05Z INFO CredentialManager] Creating type OAuth
[2025-05-24 19:34:05Z INFO CredentialManager] Creating credential type: OAuth
[2025-05-24 19:34:05Z INFO RSAEncryptedFileKeyManager] Loading RSA key parameters from file C:\Users\legen\OneDrive\Dokumenti\GitHub\GitHooks\actions-runner\.credentials_rsaparams
[2025-05-24 19:34:56Z INFO ConfigurationStore] HasCredentials()
[2025-05-24 19:34:56Z INFO ConfigurationStore] stored True
[2025-05-24 19:34:56Z INFO CredentialManager] GetCredentialProvider
[2025-05-24 19:34:56Z INFO CredentialManager] Creating type OAuth
[2025-05-24 19:34:56Z INFO CredentialManager] Creating credential type: OAuth
[2025-05-24 19:34:56Z INFO RSAEncryptedFileKeyManager] Loading RSA key parameters from file C:\Users\legen\OneDrive\Dokumenti\GitHub\GitHooks\actions-runner\.credentials_rsaparams
[2025-05-24 19:35:46Z INFO ConfigurationStore] HasCredentials()
[2025-05-24 19:35:46Z INFO ConfigurationStore] stored True
[2025-05-24 19:35:46Z INFO CredentialManager] GetCredentialProvider
[2025-05-24 19:35:46Z INFO CredentialManager] Creating type OAuth
[2025-05-24 19:35:46Z INFO CredentialManager] Creating credential type: OAuth
[2025-05-24 19:35:46Z INFO RSAEncryptedFileKeyManager] Loading RSA key parameters from file C:\Users\legen\OneDrive\Dokumenti\GitHub\GitHooks\actions-runner\.credentials_rsaparams
[2025-05-24 19:36:36Z INFO ConfigurationStore] HasCredentials()
[2025-05-24 19:36:36Z INFO ConfigurationStore] stored True
[2025-05-24 19:36:36Z INFO CredentialManager] GetCredentialProvider
[2025-05-24 19:36:36Z INFO CredentialManager] Creating type OAuth
[2025-05-24 19:36:36Z INFO CredentialManager] Creating credential type: OAuth
[2025-05-24 19:36:36Z INFO RSAEncryptedFileKeyManager] Loading RSA key parameters from file C:\Users\legen\OneDrive\Dokumenti\GitHub\GitHooks\actions-runner\.credentials_rsaparams
[2025-05-24 19:37:27Z INFO ConfigurationStore] HasCredentials()
[2025-05-24 19:37:27Z INFO ConfigurationStore] stored True
[2025-05-24 19:37:27Z INFO CredentialManager] GetCredentialProvider
[2025-05-24 19:37:27Z INFO CredentialManager] Creating type OAuth
[2025-05-24 19:37:27Z INFO CredentialManager] Creating credential type: OAuth
[2025-05-24 19:37:27Z INFO RSAEncryptedFileKeyManager] Loading RSA key parameters from file C:\Users\legen\OneDrive\Dokumenti\GitHub\GitHooks\actions-runner\.credentials_rsaparams
[2025-05-24 19:38:17Z INFO ConfigurationStore] HasCredentials()
[2025-05-24 19:38:17Z INFO ConfigurationStore] stored True
[2025-05-24 19:38:17Z INFO CredentialManager] GetCredentialProvider
[2025-05-24 19:38:17Z INFO CredentialManager] Creating type OAuth
[2025-05-24 19:38:17Z INFO CredentialManager] Creating credential type: OAuth
[2025-05-24 19:38:17Z INFO RSAEncryptedFileKeyManager] Loading RSA key parameters from file C:\Users\legen\OneDrive\Dokumenti\GitHub\GitHooks\actions-runner\.credentials_rsaparams
[2025-05-24 19:39:08Z INFO ConfigurationStore] HasCredentials()
[2025-05-24 19:39:08Z INFO ConfigurationStore] stored True
[2025-05-24 19:39:08Z INFO CredentialManager] GetCredentialProvider
[2025-05-24 19:39:08Z INFO CredentialManager] Creating type OAuth
[2025-05-24 19:39:08Z INFO CredentialManager] Creating credential type: OAuth
[2025-05-24 19:39:08Z INFO RSAEncryptedFileKeyManager] Loading RSA key parameters from file C:\Users\legen\OneDrive\Dokumenti\GitHub\GitHooks\actions-runner\.credentials_rsaparams
[2025-05-24 19:39:58Z INFO ConfigurationStore] HasCredentials()
[2025-05-24 19:39:58Z INFO ConfigurationStore] stored True
[2025-05-24 19:39:58Z INFO CredentialManager] GetCredentialProvider
[2025-05-24 19:39:58Z INFO CredentialManager] Creating type OAuth
[2025-05-24 19:39:58Z INFO CredentialManager] Creating credential type: OAuth
[2025-05-24 19:39:58Z INFO RSAEncryptedFileKeyManager] Loading RSA key parameters from file C:\Users\legen\OneDrive\Dokumenti\GitHub\GitHooks\actions-runner\.credentials_rsaparams
[2025-05-24 19:40:49Z INFO ConfigurationStore] HasCredentials()
[2025-05-24 19:40:49Z INFO ConfigurationStore] stored True
[2025-05-24 19:40:49Z INFO CredentialManager] GetCredentialProvider
[2025-05-24 19:40:49Z INFO CredentialManager] Creating type OAuth
[2025-05-24 19:40:49Z INFO CredentialManager] Creating credential type: OAuth
[2025-05-24 19:40:49Z INFO RSAEncryptedFileKeyManager] Loading RSA key parameters from file C:\Users\legen\OneDrive\Dokumenti\GitHub\GitHooks\actions-runner\.credentials_rsaparams
[2025-05-24 19:41:39Z INFO ConfigurationStore] HasCredentials()
[2025-05-24 19:41:39Z INFO ConfigurationStore] stored True
[2025-05-24 19:41:39Z INFO CredentialManager] GetCredentialProvider
[2025-05-24 19:41:39Z INFO CredentialManager] Creating type OAuth
[2025-05-24 19:41:39Z INFO CredentialManager] Creating credential type: OAuth
[2025-05-24 19:41:39Z INFO RSAEncryptedFileKeyManager] Loading RSA key parameters from file C:\Users\legen\OneDrive\Dokumenti\GitHub\GitHooks\actions-runner\.credentials_rsaparams
[2025-05-24 19:42:29Z INFO ConfigurationStore] HasCredentials()
[2025-05-24 19:42:29Z INFO ConfigurationStore] stored True
[2025-05-24 19:42:29Z INFO CredentialManager] GetCredentialProvider
[2025-05-24 19:42:29Z INFO CredentialManager] Creating type OAuth
[2025-05-24 19:42:29Z INFO CredentialManager] Creating credential type: OAuth
[2025-05-24 19:42:29Z INFO RSAEncryptedFileKeyManager] Loading RSA key parameters from file C:\Users\legen\OneDrive\Dokumenti\GitHub\GitHooks\actions-runner\.credentials_rsaparams
[2025-05-24 19:43:20Z INFO ConfigurationStore] HasCredentials()
[2025-05-24 19:43:20Z INFO ConfigurationStore] stored True
[2025-05-24 19:43:20Z INFO CredentialManager] GetCredentialProvider
[2025-05-24 19:43:20Z INFO CredentialManager] Creating type OAuth
[2025-05-24 19:43:20Z INFO CredentialManager] Creating credential type: OAuth
[2025-05-24 19:43:20Z INFO RSAEncryptedFileKeyManager] Loading RSA key parameters from file C:\Users\legen\OneDrive\Dokumenti\GitHub\GitHooks\actions-runner\.credentials_rsaparams
[2025-05-24 19:44:10Z INFO ConfigurationStore] HasCredentials()
[2025-05-24 19:44:10Z INFO ConfigurationStore] stored True
[2025-05-24 19:44:10Z INFO CredentialManager] GetCredentialProvider
[2025-05-24 19:44:10Z INFO CredentialManager] Creating type OAuth
[2025-05-24 19:44:10Z INFO CredentialManager] Creating credential type: OAuth
[2025-05-24 19:44:10Z INFO RSAEncryptedFileKeyManager] Loading RSA key parameters from file C:\Users\legen\OneDrive\Dokumenti\GitHub\GitHooks\actions-runner\.credentials_rsaparams
[2025-05-24 19:45:01Z INFO ConfigurationStore] HasCredentials()
[2025-05-24 19:45:01Z INFO ConfigurationStore] stored True
[2025-05-24 19:45:01Z INFO CredentialManager] GetCredentialProvider
[2025-05-24 19:45:01Z INFO CredentialManager] Creating type OAuth
[2025-05-24 19:45:01Z INFO CredentialManager] Creating credential type: OAuth
[2025-05-24 19:45:01Z INFO RSAEncryptedFileKeyManager] Loading RSA key parameters from file C:\Users\legen\OneDrive\Dokumenti\GitHub\GitHooks\actions-runner\.credentials_rsaparams
[2025-05-24 19:45:51Z INFO ConfigurationStore] HasCredentials()
[2025-05-24 19:45:51Z INFO ConfigurationStore] stored True
[2025-05-24 19:45:51Z INFO CredentialManager] GetCredentialProvider
[2025-05-24 19:45:51Z INFO CredentialManager] Creating type OAuth
[2025-05-24 19:45:51Z INFO CredentialManager] Creating credential type: OAuth
[2025-05-24 19:45:51Z INFO RSAEncryptedFileKeyManager] Loading RSA key parameters from file C:\Users\legen\OneDrive\Dokumenti\GitHub\GitHooks\actions-runner\.credentials_rsaparams
[2025-05-24 19:46:42Z INFO ConfigurationStore] HasCredentials()
[2025-05-24 19:46:42Z INFO ConfigurationStore] stored True
[2025-05-24 19:46:42Z INFO CredentialManager] GetCredentialProvider
[2025-05-24 19:46:42Z INFO CredentialManager] Creating type OAuth
[2025-05-24 19:46:42Z INFO CredentialManager] Creating credential type: OAuth
[2025-05-24 19:46:42Z INFO RSAEncryptedFileKeyManager] Loading RSA key parameters from file C:\Users\legen\OneDrive\Dokumenti\GitHub\GitHooks\actions-runner\.credentials_rsaparams
[2025-05-24 19:47:32Z INFO ConfigurationStore] HasCredentials()
[2025-05-24 19:47:32Z INFO ConfigurationStore] stored True
[2025-05-24 19:47:32Z INFO CredentialManager] GetCredentialProvider
[2025-05-24 19:47:32Z INFO CredentialManager] Creating type OAuth
[2025-05-24 19:47:32Z INFO CredentialManager] Creating credential type: OAuth
[2025-05-24 19:47:32Z INFO RSAEncryptedFileKeyManager] Loading RSA key parameters from file C:\Users\legen\OneDrive\Dokumenti\GitHub\GitHooks\actions-runner\.credentials_rsaparams
[2025-05-24 19:48:22Z INFO ConfigurationStore] HasCredentials()
[2025-05-24 19:48:22Z INFO ConfigurationStore] stored True
[2025-05-24 19:48:22Z INFO CredentialManager] GetCredentialProvider
[2025-05-24 19:48:22Z INFO CredentialManager] Creating type OAuth
[2025-05-24 19:48:22Z INFO CredentialManager] Creating credential type: OAuth
[2025-05-24 19:48:22Z INFO RSAEncryptedFileKeyManager] Loading RSA key parameters from file C:\Users\legen\OneDrive\Dokumenti\GitHub\GitHooks\actions-runner\.credentials_rsaparams
[2025-05-24 19:49:13Z INFO ConfigurationStore] HasCredentials()
[2025-05-24 19:49:13Z INFO ConfigurationStore] stored True
[2025-05-24 19:49:13Z INFO CredentialManager] GetCredentialProvider
[2025-05-24 19:49:13Z INFO CredentialManager] Creating type OAuth
[2025-05-24 19:49:13Z INFO CredentialManager] Creating credential type: OAuth
[2025-05-24 19:49:13Z INFO RSAEncryptedFileKeyManager] Loading RSA key parameters from file C:\Users\legen\OneDrive\Dokumenti\GitHub\GitHooks\actions-runner\.credentials_rsaparams
[2025-05-24 19:50:03Z INFO ConfigurationStore] HasCredentials()
[2025-05-24 19:50:03Z INFO ConfigurationStore] stored True
[2025-05-24 19:50:03Z INFO CredentialManager] GetCredentialProvider
[2025-05-24 19:50:03Z INFO CredentialManager] Creating type OAuth
[2025-05-24 19:50:03Z INFO CredentialManager] Creating credential type: OAuth
[2025-05-24 19:50:03Z INFO RSAEncryptedFileKeyManager] Loading RSA key parameters from file C:\Users\legen\OneDrive\Dokumenti\GitHub\GitHooks\actions-runner\.credentials_rsaparams
[2025-05-24 19:50:54Z INFO ConfigurationStore] HasCredentials()
[2025-05-24 19:50:54Z INFO ConfigurationStore] stored True
[2025-05-24 19:50:54Z INFO CredentialManager] GetCredentialProvider
[2025-05-24 19:50:54Z INFO CredentialManager] Creating type OAuth
[2025-05-24 19:50:54Z INFO CredentialManager] Creating credential type: OAuth
[2025-05-24 19:50:54Z INFO RSAEncryptedFileKeyManager] Loading RSA key parameters from file C:\Users\legen\OneDrive\Dokumenti\GitHub\GitHooks\actions-runner\.credentials_rsaparams
[2025-05-24 19:51:44Z INFO ConfigurationStore] HasCredentials()
[2025-05-24 19:51:44Z INFO ConfigurationStore] stored True
[2025-05-24 19:51:44Z INFO CredentialManager] GetCredentialProvider
[2025-05-24 19:51:44Z INFO CredentialManager] Creating type OAuth
[2025-05-24 19:51:44Z INFO CredentialManager] Creating credential type: OAuth
[2025-05-24 19:51:44Z INFO RSAEncryptedFileKeyManager] Loading RSA key parameters from file C:\Users\legen\OneDrive\Dokumenti\GitHub\GitHooks\actions-runner\.credentials_rsaparams
[2025-05-24 19:52:34Z INFO ConfigurationStore] HasCredentials()
[2025-05-24 19:52:34Z INFO ConfigurationStore] stored True
[2025-05-24 19:52:34Z INFO CredentialManager] GetCredentialProvider
[2025-05-24 19:52:34Z INFO CredentialManager] Creating type OAuth
[2025-05-24 19:52:34Z INFO CredentialManager] Creating credential type: OAuth
[2025-05-24 19:52:34Z INFO RSAEncryptedFileKeyManager] Loading RSA key parameters from file C:\Users\legen\OneDrive\Dokumenti\GitHub\GitHooks\actions-runner\.credentials_rsaparams
[2025-05-24 19:53:25Z INFO ConfigurationStore] HasCredentials()
[2025-05-24 19:53:25Z INFO ConfigurationStore] stored True
[2025-05-24 19:53:25Z INFO CredentialManager] GetCredentialProvider
[2025-05-24 19:53:25Z INFO CredentialManager] Creating type OAuth
[2025-05-24 19:53:25Z INFO CredentialManager] Creating credential type: OAuth
[2025-05-24 19:53:25Z INFO RSAEncryptedFileKeyManager] Loading RSA key parameters from file C:\Users\legen\OneDrive\Dokumenti\GitHub\GitHooks\actions-runner\.credentials_rsaparams
[2025-05-24 19:54:15Z INFO ConfigurationStore] HasCredentials()
[2025-05-24 19:54:15Z INFO ConfigurationStore] stored True
[2025-05-24 19:54:15Z INFO CredentialManager] GetCredentialProvider
[2025-05-24 19:54:15Z INFO CredentialManager] Creating type OAuth
[2025-05-24 19:54:15Z INFO CredentialManager] Creating credential type: OAuth
[2025-05-24 19:54:15Z INFO RSAEncryptedFileKeyManager] Loading RSA key parameters from file C:\Users\legen\OneDrive\Dokumenti\GitHub\GitHooks\actions-runner\.credentials_rsaparams
[2025-05-24 19:55:06Z INFO ConfigurationStore] HasCredentials()
[2025-05-24 19:55:06Z INFO ConfigurationStore] stored True
[2025-05-24 19:55:06Z INFO CredentialManager] GetCredentialProvider
[2025-05-24 19:55:06Z INFO CredentialManager] Creating type OAuth
[2025-05-24 19:55:06Z INFO CredentialManager] Creating credential type: OAuth
[2025-05-24 19:55:06Z INFO RSAEncryptedFileKeyManager] Loading RSA key parameters from file C:\Users\legen\OneDrive\Dokumenti\GitHub\GitHooks\actions-runner\.credentials_rsaparams
[2025-05-24 19:55:56Z INFO ConfigurationStore] HasCredentials()
[2025-05-24 19:55:56Z INFO ConfigurationStore] stored True
[2025-05-24 19:55:56Z INFO CredentialManager] GetCredentialProvider
[2025-05-24 19:55:56Z INFO CredentialManager] Creating type OAuth
[2025-05-24 19:55:56Z INFO CredentialManager] Creating credential type: OAuth
[2025-05-24 19:55:56Z INFO RSAEncryptedFileKeyManager] Loading RSA key parameters from file C:\Users\legen\OneDrive\Dokumenti\GitHub\GitHooks\actions-runner\.credentials_rsaparams
[2025-05-24 19:56:47Z INFO ConfigurationStore] HasCredentials()
[2025-05-24 19:56:47Z INFO ConfigurationStore] stored True
[2025-05-24 19:56:47Z INFO CredentialManager] GetCredentialProvider
[2025-05-24 19:56:47Z INFO CredentialManager] Creating type OAuth
[2025-05-24 19:56:47Z INFO CredentialManager] Creating credential type: OAuth
[2025-05-24 19:56:47Z INFO RSAEncryptedFileKeyManager] Loading RSA key parameters from file C:\Users\legen\OneDrive\Dokumenti\GitHub\GitHooks\actions-runner\.credentials_rsaparams
[2025-05-24 19:57:37Z INFO ConfigurationStore] HasCredentials()
[2025-05-24 19:57:37Z INFO ConfigurationStore] stored True
[2025-05-24 19:57:37Z INFO CredentialManager] GetCredentialProvider
[2025-05-24 19:57:37Z INFO CredentialManager] Creating type OAuth
[2025-05-24 19:57:37Z INFO CredentialManager] Creating credential type: OAuth
[2025-05-24 19:57:37Z INFO RSAEncryptedFileKeyManager] Loading RSA key parameters from file C:\Users\legen\OneDrive\Dokumenti\GitHub\GitHooks\actions-runner\.credentials_rsaparams
[2025-05-24 19:57:37Z INFO RSAEncryptedFileKeyManager] Loading RSA key parameters from file C:\Users\legen\OneDrive\Dokumenti\GitHub\GitHooks\actions-runner\.credentials_rsaparams
[2025-05-24 19:57:38Z INFO GitHubActionsService] AAD Correlation ID for this token request: Unknown
[2025-05-24 19:58:29Z INFO MessageListener] No message retrieved from session '2d8f211f-2be3-4e30-a56c-8ea2ed6a58d0' within last 30 minutes.
[2025-05-24 19:58:29Z INFO ConfigurationStore] HasCredentials()
[2025-05-24 19:58:29Z INFO ConfigurationStore] stored True
[2025-05-24 19:58:29Z INFO CredentialManager] GetCredentialProvider
[2025-05-24 19:58:29Z INFO CredentialManager] Creating type OAuth
[2025-05-24 19:58:29Z INFO CredentialManager] Creating credential type: OAuth
[2025-05-24 19:58:29Z INFO RSAEncryptedFileKeyManager] Loading RSA key parameters from file C:\Users\legen\OneDrive\Dokumenti\GitHub\GitHooks\actions-runner\.credentials_rsaparams
[2025-05-24 19:59:19Z INFO ConfigurationStore] HasCredentials()
[2025-05-24 19:59:19Z INFO ConfigurationStore] stored True
[2025-05-24 19:59:19Z INFO CredentialManager] GetCredentialProvider
[2025-05-24 19:59:19Z INFO CredentialManager] Creating type OAuth
[2025-05-24 19:59:19Z INFO CredentialManager] Creating credential type: OAuth
[2025-05-24 19:59:19Z INFO RSAEncryptedFileKeyManager] Loading RSA key parameters from file C:\Users\legen\OneDrive\Dokumenti\GitHub\GitHooks\actions-runner\.credentials_rsaparams
[2025-05-24 20:00:10Z INFO ConfigurationStore] HasCredentials()
[2025-05-24 20:00:10Z INFO ConfigurationStore] stored True
[2025-05-24 20:00:10Z INFO CredentialManager] GetCredentialProvider
[2025-05-24 20:00:10Z INFO CredentialManager] Creating type OAuth
[2025-05-24 20:00:10Z INFO CredentialManager] Creating credential type: OAuth
[2025-05-24 20:00:10Z INFO RSAEncryptedFileKeyManager] Loading RSA key parameters from file C:\Users\legen\OneDrive\Dokumenti\GitHub\GitHooks\actions-runner\.credentials_rsaparams
[2025-05-24 20:01:00Z INFO ConfigurationStore] HasCredentials()
[2025-05-24 20:01:00Z INFO ConfigurationStore] stored True
[2025-05-24 20:01:00Z INFO CredentialManager] GetCredentialProvider
[2025-05-24 20:01:00Z INFO CredentialManager] Creating type OAuth
[2025-05-24 20:01:00Z INFO CredentialManager] Creating credential type: OAuth
[2025-05-24 20:01:00Z INFO RSAEncryptedFileKeyManager] Loading RSA key parameters from file C:\Users\legen\OneDrive\Dokumenti\GitHub\GitHooks\actions-runner\.credentials_rsaparams
[2025-05-24 20:01:51Z INFO ConfigurationStore] HasCredentials()
[2025-05-24 20:01:51Z INFO ConfigurationStore] stored True
[2025-05-24 20:01:51Z INFO CredentialManager] GetCredentialProvider
[2025-05-24 20:01:51Z INFO CredentialManager] Creating type OAuth
[2025-05-24 20:01:51Z INFO CredentialManager] Creating credential type: OAuth
[2025-05-24 20:01:51Z INFO RSAEncryptedFileKeyManager] Loading RSA key parameters from file C:\Users\legen\OneDrive\Dokumenti\GitHub\GitHooks\actions-runner\.credentials_rsaparams
[2025-05-24 20:02:41Z INFO ConfigurationStore] HasCredentials()
[2025-05-24 20:02:41Z INFO ConfigurationStore] stored True
[2025-05-24 20:02:41Z INFO CredentialManager] GetCredentialProvider
[2025-05-24 20:02:41Z INFO CredentialManager] Creating type OAuth
[2025-05-24 20:02:41Z INFO CredentialManager] Creating credential type: OAuth
[2025-05-24 20:02:41Z INFO RSAEncryptedFileKeyManager] Loading RSA key parameters from file C:\Users\legen\OneDrive\Dokumenti\GitHub\GitHooks\actions-runner\.credentials_rsaparams
[2025-05-24 20:03:32Z INFO ConfigurationStore] HasCredentials()
[2025-05-24 20:03:32Z INFO ConfigurationStore] stored True
[2025-05-24 20:03:32Z INFO CredentialManager] GetCredentialProvider
[2025-05-24 20:03:32Z INFO CredentialManager] Creating type OAuth
[2025-05-24 20:03:32Z INFO CredentialManager] Creating credential type: OAuth
[2025-05-24 20:03:32Z INFO RSAEncryptedFileKeyManager] Loading RSA key parameters from file C:\Users\legen\OneDrive\Dokumenti\GitHub\GitHooks\actions-runner\.credentials_rsaparams
[2025-05-24 20:04:22Z INFO ConfigurationStore] HasCredentials()
[2025-05-24 20:04:22Z INFO ConfigurationStore] stored True
[2025-05-24 20:04:22Z INFO CredentialManager] GetCredentialProvider
[2025-05-24 20:04:22Z INFO CredentialManager] Creating type OAuth
[2025-05-24 20:04:22Z INFO CredentialManager] Creating credential type: OAuth
[2025-05-24 20:04:22Z INFO RSAEncryptedFileKeyManager] Loading RSA key parameters from file C:\Users\legen\OneDrive\Dokumenti\GitHub\GitHooks\actions-runner\.credentials_rsaparams
[2025-05-24 20:05:12Z INFO ConfigurationStore] HasCredentials()
[2025-05-24 20:05:12Z INFO ConfigurationStore] stored True
[2025-05-24 20:05:12Z INFO CredentialManager] GetCredentialProvider
[2025-05-24 20:05:12Z INFO CredentialManager] Creating type OAuth
[2025-05-24 20:05:12Z INFO CredentialManager] Creating credential type: OAuth
[2025-05-24 20:05:12Z INFO RSAEncryptedFileKeyManager] Loading RSA key parameters from file C:\Users\legen\OneDrive\Dokumenti\GitHub\GitHooks\actions-runner\.credentials_rsaparams
[2025-05-24 20:06:03Z INFO ConfigurationStore] HasCredentials()
[2025-05-24 20:06:03Z INFO ConfigurationStore] stored True
[2025-05-24 20:06:03Z INFO CredentialManager] GetCredentialProvider
[2025-05-24 20:06:03Z INFO CredentialManager] Creating type OAuth
[2025-05-24 20:06:03Z INFO CredentialManager] Creating credential type: OAuth
[2025-05-24 20:06:03Z INFO RSAEncryptedFileKeyManager] Loading RSA key parameters from file C:\Users\legen\OneDrive\Dokumenti\GitHub\GitHooks\actions-runner\.credentials_rsaparams
[2025-05-24 20:06:53Z INFO ConfigurationStore] HasCredentials()
[2025-05-24 20:06:53Z INFO ConfigurationStore] stored True
[2025-05-24 20:06:53Z INFO CredentialManager] GetCredentialProvider
[2025-05-24 20:06:53Z INFO CredentialManager] Creating type OAuth
[2025-05-24 20:06:53Z INFO CredentialManager] Creating credential type: OAuth
[2025-05-24 20:06:53Z INFO RSAEncryptedFileKeyManager] Loading RSA key parameters from file C:\Users\legen\OneDrive\Dokumenti\GitHub\GitHooks\actions-runner\.credentials_rsaparams
[2025-05-24 20:07:44Z INFO ConfigurationStore] HasCredentials()
[2025-05-24 20:07:44Z INFO ConfigurationStore] stored True
[2025-05-24 20:07:44Z INFO CredentialManager] GetCredentialProvider
[2025-05-24 20:07:44Z INFO CredentialManager] Creating type OAuth
[2025-05-24 20:07:44Z INFO CredentialManager] Creating credential type: OAuth
[2025-05-24 20:07:44Z INFO RSAEncryptedFileKeyManager] Loading RSA key parameters from file C:\Users\legen\OneDrive\Dokumenti\GitHub\GitHooks\actions-runner\.credentials_rsaparams
[2025-05-24 20:08:34Z INFO ConfigurationStore] HasCredentials()
[2025-05-24 20:08:34Z INFO ConfigurationStore] stored True
[2025-05-24 20:08:34Z INFO CredentialManager] GetCredentialProvider
[2025-05-24 20:08:34Z INFO CredentialManager] Creating type OAuth
[2025-05-24 20:08:34Z INFO CredentialManager] Creating credential type: OAuth
[2025-05-24 20:08:34Z INFO RSAEncryptedFileKeyManager] Loading RSA key parameters from file C:\Users\legen\OneDrive\Dokumenti\GitHub\GitHooks\actions-runner\.credentials_rsaparams
[2025-05-24 20:09:25Z INFO ConfigurationStore] HasCredentials()
[2025-05-24 20:09:25Z INFO ConfigurationStore] stored True
[2025-05-24 20:09:25Z INFO CredentialManager] GetCredentialProvider
[2025-05-24 20:09:25Z INFO CredentialManager] Creating type OAuth
[2025-05-24 20:09:25Z INFO CredentialManager] Creating credential type: OAuth
[2025-05-24 20:09:25Z INFO RSAEncryptedFileKeyManager] Loading RSA key parameters from file C:\Users\legen\OneDrive\Dokumenti\GitHub\GitHooks\actions-runner\.credentials_rsaparams
[2025-05-24 20:10:15Z INFO ConfigurationStore] HasCredentials()
[2025-05-24 20:10:15Z INFO ConfigurationStore] stored True
[2025-05-24 20:10:15Z INFO CredentialManager] GetCredentialProvider
[2025-05-24 20:10:15Z INFO CredentialManager] Creating type OAuth
[2025-05-24 20:10:15Z INFO CredentialManager] Creating credential type: OAuth
[2025-05-24 20:10:15Z INFO RSAEncryptedFileKeyManager] Loading RSA key parameters from file C:\Users\legen\OneDrive\Dokumenti\GitHub\GitHooks\actions-runner\.credentials_rsaparams
[2025-05-24 20:11:05Z INFO ConfigurationStore] HasCredentials()
[2025-05-24 20:11:05Z INFO ConfigurationStore] stored True
[2025-05-24 20:11:05Z INFO CredentialManager] GetCredentialProvider
[2025-05-24 20:11:05Z INFO CredentialManager] Creating type OAuth
[2025-05-24 20:11:05Z INFO CredentialManager] Creating credential type: OAuth
[2025-05-24 20:11:05Z INFO RSAEncryptedFileKeyManager] Loading RSA key parameters from file C:\Users\legen\OneDrive\Dokumenti\GitHub\GitHooks\actions-runner\.credentials_rsaparams
[2025-05-24 20:11:56Z INFO ConfigurationStore] HasCredentials()
[2025-05-24 20:11:56Z INFO ConfigurationStore] stored True
[2025-05-24 20:11:56Z INFO CredentialManager] GetCredentialProvider
[2025-05-24 20:11:56Z INFO CredentialManager] Creating type OAuth
[2025-05-24 20:11:56Z INFO CredentialManager] Creating credential type: OAuth
[2025-05-24 20:11:56Z INFO RSAEncryptedFileKeyManager] Loading RSA key parameters from file C:\Users\legen\OneDrive\Dokumenti\GitHub\GitHooks\actions-runner\.credentials_rsaparams
[2025-05-24 20:12:46Z INFO ConfigurationStore] HasCredentials()
[2025-05-24 20:12:46Z INFO ConfigurationStore] stored True
[2025-05-24 20:12:46Z INFO CredentialManager] GetCredentialProvider
[2025-05-24 20:12:46Z INFO CredentialManager] Creating type OAuth
[2025-05-24 20:12:46Z INFO CredentialManager] Creating credential type: OAuth
[2025-05-24 20:12:46Z INFO RSAEncryptedFileKeyManager] Loading RSA key parameters from file C:\Users\legen\OneDrive\Dokumenti\GitHub\GitHooks\actions-runner\.credentials_rsaparams
[2025-05-24 20:13:37Z INFO ConfigurationStore] HasCredentials()
[2025-05-24 20:13:37Z INFO ConfigurationStore] stored True
[2025-05-24 20:13:37Z INFO CredentialManager] GetCredentialProvider
[2025-05-24 20:13:37Z INFO CredentialManager] Creating type OAuth
[2025-05-24 20:13:37Z INFO CredentialManager] Creating credential type: OAuth
[2025-05-24 20:13:37Z INFO RSAEncryptedFileKeyManager] Loading RSA key parameters from file C:\Users\legen\OneDrive\Dokumenti\GitHub\GitHooks\actions-runner\.credentials_rsaparams
[2025-05-24 20:14:27Z INFO ConfigurationStore] HasCredentials()
[2025-05-24 20:14:27Z INFO ConfigurationStore] stored True
[2025-05-24 20:14:27Z INFO CredentialManager] GetCredentialProvider
[2025-05-24 20:14:27Z INFO CredentialManager] Creating type OAuth
[2025-05-24 20:14:27Z INFO CredentialManager] Creating credential type: OAuth
[2025-05-24 20:14:27Z INFO RSAEncryptedFileKeyManager] Loading RSA key parameters from file C:\Users\legen\OneDrive\Dokumenti\GitHub\GitHooks\actions-runner\.credentials_rsaparams
[2025-05-24 20:15:18Z INFO ConfigurationStore] HasCredentials()
[2025-05-24 20:15:18Z INFO ConfigurationStore] stored True
[2025-05-24 20:15:18Z INFO CredentialManager] GetCredentialProvider
[2025-05-24 20:15:18Z INFO CredentialManager] Creating type OAuth
[2025-05-24 20:15:18Z INFO CredentialManager] Creating credential type: OAuth
[2025-05-24 20:15:18Z INFO RSAEncryptedFileKeyManager] Loading RSA key parameters from file C:\Users\legen\OneDrive\Dokumenti\GitHub\GitHooks\actions-runner\.credentials_rsaparams
[2025-05-24 20:16:08Z INFO ConfigurationStore] HasCredentials()
[2025-05-24 20:16:08Z INFO ConfigurationStore] stored True
[2025-05-24 20:16:08Z INFO CredentialManager] GetCredentialProvider
[2025-05-24 20:16:08Z INFO CredentialManager] Creating type OAuth
[2025-05-24 20:16:08Z INFO CredentialManager] Creating credential type: OAuth
[2025-05-24 20:16:08Z INFO RSAEncryptedFileKeyManager] Loading RSA key parameters from file C:\Users\legen\OneDrive\Dokumenti\GitHub\GitHooks\actions-runner\.credentials_rsaparams
[2025-05-24 20:16:59Z INFO ConfigurationStore] HasCredentials()
[2025-05-24 20:16:59Z INFO ConfigurationStore] stored True
[2025-05-24 20:16:59Z INFO CredentialManager] GetCredentialProvider
[2025-05-24 20:16:59Z INFO CredentialManager] Creating type OAuth
[2025-05-24 20:16:59Z INFO CredentialManager] Creating credential type: OAuth
[2025-05-24 20:16:59Z INFO RSAEncryptedFileKeyManager] Loading RSA key parameters from file C:\Users\legen\OneDrive\Dokumenti\GitHub\GitHooks\actions-runner\.credentials_rsaparams
[2025-05-24 20:17:49Z INFO ConfigurationStore] HasCredentials()
[2025-05-24 20:17:49Z INFO ConfigurationStore] stored True
[2025-05-24 20:17:49Z INFO CredentialManager] GetCredentialProvider
[2025-05-24 20:17:49Z INFO CredentialManager] Creating type OAuth
[2025-05-24 20:17:49Z INFO CredentialManager] Creating credential type: OAuth
[2025-05-24 20:17:49Z INFO RSAEncryptedFileKeyManager] Loading RSA key parameters from file C:\Users\legen\OneDrive\Dokumenti\GitHub\GitHooks\actions-runner\.credentials_rsaparams
[2025-05-24 20:18:39Z INFO ConfigurationStore] HasCredentials()
[2025-05-24 20:18:39Z INFO ConfigurationStore] stored True
[2025-05-24 20:18:39Z INFO CredentialManager] GetCredentialProvider
[2025-05-24 20:18:39Z INFO CredentialManager] Creating type OAuth
[2025-05-24 20:18:39Z INFO CredentialManager] Creating credential type: OAuth
[2025-05-24 20:18:39Z INFO RSAEncryptedFileKeyManager] Loading RSA key parameters from file C:\Users\legen\OneDrive\Dokumenti\GitHub\GitHooks\actions-runner\.credentials_rsaparams
[2025-05-24 20:19:30Z INFO ConfigurationStore] HasCredentials()
[2025-05-24 20:19:30Z INFO ConfigurationStore] stored True
[2025-05-24 20:19:30Z INFO CredentialManager] GetCredentialProvider
[2025-05-24 20:19:30Z INFO CredentialManager] Creating type OAuth
[2025-05-24 20:19:30Z INFO CredentialManager] Creating credential type: OAuth
[2025-05-24 20:19:30Z INFO RSAEncryptedFileKeyManager] Loading RSA key parameters from file C:\Users\legen\OneDrive\Dokumenti\GitHub\GitHooks\actions-runner\.credentials_rsaparams
[2025-05-24 20:20:20Z INFO ConfigurationStore] HasCredentials()
[2025-05-24 20:20:20Z INFO ConfigurationStore] stored True
[2025-05-24 20:20:20Z INFO CredentialManager] GetCredentialProvider
[2025-05-24 20:20:20Z INFO CredentialManager] Creating type OAuth
[2025-05-24 20:20:20Z INFO CredentialManager] Creating credential type: OAuth
[2025-05-24 20:20:20Z INFO RSAEncryptedFileKeyManager] Loading RSA key parameters from file C:\Users\legen\OneDrive\Dokumenti\GitHub\GitHooks\actions-runner\.credentials_rsaparams
[2025-05-24 20:21:11Z INFO ConfigurationStore] HasCredentials()
[2025-05-24 20:21:11Z INFO ConfigurationStore] stored True
[2025-05-24 20:21:11Z INFO CredentialManager] GetCredentialProvider
[2025-05-24 20:21:11Z INFO CredentialManager] Creating type OAuth
[2025-05-24 20:21:11Z INFO CredentialManager] Creating credential type: OAuth
[2025-05-24 20:21:11Z INFO RSAEncryptedFileKeyManager] Loading RSA key parameters from file C:\Users\legen\OneDrive\Dokumenti\GitHub\GitHooks\actions-runner\.credentials_rsaparams
[2025-05-24 20:22:01Z INFO ConfigurationStore] HasCredentials()
[2025-05-24 20:22:01Z INFO ConfigurationStore] stored True
[2025-05-24 20:22:01Z INFO CredentialManager] GetCredentialProvider
[2025-05-24 20:22:01Z INFO CredentialManager] Creating type OAuth
[2025-05-24 20:22:01Z INFO CredentialManager] Creating credential type: OAuth
[2025-05-24 20:22:01Z INFO RSAEncryptedFileKeyManager] Loading RSA key parameters from file C:\Users\legen\OneDrive\Dokumenti\GitHub\GitHooks\actions-runner\.credentials_rsaparams
[2025-05-24 20:22:51Z INFO ConfigurationStore] HasCredentials()
[2025-05-24 20:22:51Z INFO ConfigurationStore] stored True
[2025-05-24 20:22:51Z INFO CredentialManager] GetCredentialProvider
[2025-05-24 20:22:51Z INFO CredentialManager] Creating type OAuth
[2025-05-24 20:22:51Z INFO CredentialManager] Creating credential type: OAuth
[2025-05-24 20:22:51Z INFO RSAEncryptedFileKeyManager] Loading RSA key parameters from file C:\Users\legen\OneDrive\Dokumenti\GitHub\GitHooks\actions-runner\.credentials_rsaparams
[2025-05-24 20:23:42Z INFO ConfigurationStore] HasCredentials()
[2025-05-24 20:23:42Z INFO ConfigurationStore] stored True
[2025-05-24 20:23:42Z INFO CredentialManager] GetCredentialProvider
[2025-05-24 20:23:42Z INFO CredentialManager] Creating type OAuth
[2025-05-24 20:23:42Z INFO CredentialManager] Creating credential type: OAuth
[2025-05-24 20:23:42Z INFO RSAEncryptedFileKeyManager] Loading RSA key parameters from file C:\Users\legen\OneDrive\Dokumenti\GitHub\GitHooks\actions-runner\.credentials_rsaparams
[2025-05-24 20:24:32Z INFO ConfigurationStore] HasCredentials()
[2025-05-24 20:24:32Z INFO ConfigurationStore] stored True
[2025-05-24 20:24:32Z INFO CredentialManager] GetCredentialProvider
[2025-05-24 20:24:32Z INFO CredentialManager] Creating type OAuth
[2025-05-24 20:24:32Z INFO CredentialManager] Creating credential type: OAuth
[2025-05-24 20:24:32Z INFO RSAEncryptedFileKeyManager] Loading RSA key parameters from file C:\Users\legen\OneDrive\Dokumenti\GitHub\GitHooks\actions-runner\.credentials_rsaparams
[2025-05-24 20:25:23Z INFO ConfigurationStore] HasCredentials()
[2025-05-24 20:25:23Z INFO ConfigurationStore] stored True
[2025-05-24 20:25:23Z INFO CredentialManager] GetCredentialProvider
[2025-05-24 20:25:23Z INFO CredentialManager] Creating type OAuth
[2025-05-24 20:25:23Z INFO CredentialManager] Creating credential type: OAuth
[2025-05-24 20:25:23Z INFO RSAEncryptedFileKeyManager] Loading RSA key parameters from file C:\Users\legen\OneDrive\Dokumenti\GitHub\GitHooks\actions-runner\.credentials_rsaparams
[2025-05-24 20:26:13Z INFO ConfigurationStore] HasCredentials()
[2025-05-24 20:26:13Z INFO ConfigurationStore] stored True
[2025-05-24 20:26:13Z INFO CredentialManager] GetCredentialProvider
[2025-05-24 20:26:13Z INFO CredentialManager] Creating type OAuth
[2025-05-24 20:26:13Z INFO CredentialManager] Creating credential type: OAuth
[2025-05-24 20:26:13Z INFO RSAEncryptedFileKeyManager] Loading RSA key parameters from file C:\Users\legen\OneDrive\Dokumenti\GitHub\GitHooks\actions-runner\.credentials_rsaparams
[2025-05-24 20:27:03Z INFO ConfigurationStore] HasCredentials()
[2025-05-24 20:27:03Z INFO ConfigurationStore] stored True
[2025-05-24 20:27:03Z INFO CredentialManager] GetCredentialProvider
[2025-05-24 20:27:03Z INFO CredentialManager] Creating type OAuth
[2025-05-24 20:27:03Z INFO CredentialManager] Creating credential type: OAuth
[2025-05-24 20:27:03Z INFO RSAEncryptedFileKeyManager] Loading RSA key parameters from file C:\Users\legen\OneDrive\Dokumenti\GitHub\GitHooks\actions-runner\.credentials_rsaparams
[2025-05-24 20:27:54Z INFO ConfigurationStore] HasCredentials()
[2025-05-24 20:27:54Z INFO ConfigurationStore] stored True
[2025-05-24 20:27:54Z INFO CredentialManager] GetCredentialProvider
[2025-05-24 20:27:54Z INFO CredentialManager] Creating type OAuth
[2025-05-24 20:27:54Z INFO CredentialManager] Creating credential type: OAuth
[2025-05-24 20:27:54Z INFO RSAEncryptedFileKeyManager] Loading RSA key parameters from file C:\Users\legen\OneDrive\Dokumenti\GitHub\GitHooks\actions-runner\.credentials_rsaparams
[2025-05-24 20:28:44Z INFO MessageListener] No message retrieved from session '2d8f211f-2be3-4e30-a56c-8ea2ed6a58d0' within last 30 minutes.
[2025-05-24 20:28:44Z INFO RSAEncryptedFileKeyManager] Loading RSA key parameters from file C:\Users\legen\OneDrive\Dokumenti\GitHub\GitHooks\actions-runner\.credentials_rsaparams
[2025-05-24 20:28:45Z INFO GitHubActionsService] AAD Correlation ID for this token request: Unknown
[2025-05-24 20:28:45Z INFO ConfigurationStore] HasCredentials()
[2025-05-24 20:28:45Z INFO ConfigurationStore] stored True
[2025-05-24 20:28:45Z INFO CredentialManager] GetCredentialProvider
[2025-05-24 20:28:45Z INFO CredentialManager] Creating type OAuth
[2025-05-24 20:28:45Z INFO CredentialManager] Creating credential type: OAuth
[2025-05-24 20:28:45Z INFO RSAEncryptedFileKeyManager] Loading RSA key parameters from file C:\Users\legen\OneDrive\Dokumenti\GitHub\GitHooks\actions-runner\.credentials_rsaparams
[2025-05-24 20:29:36Z INFO ConfigurationStore] HasCredentials()
[2025-05-24 20:29:36Z INFO ConfigurationStore] stored True
[2025-05-24 20:29:36Z INFO CredentialManager] GetCredentialProvider
[2025-05-24 20:29:36Z INFO CredentialManager] Creating type OAuth
[2025-05-24 20:29:36Z INFO CredentialManager] Creating credential type: OAuth
[2025-05-24 20:29:36Z INFO RSAEncryptedFileKeyManager] Loading RSA key parameters from file C:\Users\legen\OneDrive\Dokumenti\GitHub\GitHooks\actions-runner\.credentials_rsaparams
[2025-05-24 20:30:26Z INFO ConfigurationStore] HasCredentials()
[2025-05-24 20:30:26Z INFO ConfigurationStore] stored True
[2025-05-24 20:30:26Z INFO CredentialManager] GetCredentialProvider
[2025-05-24 20:30:26Z INFO CredentialManager] Creating type OAuth
[2025-05-24 20:30:26Z INFO CredentialManager] Creating credential type: OAuth
[2025-05-24 20:30:26Z INFO RSAEncryptedFileKeyManager] Loading RSA key parameters from file C:\Users\legen\OneDrive\Dokumenti\GitHub\GitHooks\actions-runner\.credentials_rsaparams
[2025-05-24 20:31:17Z INFO ConfigurationStore] HasCredentials()
[2025-05-24 20:31:17Z INFO ConfigurationStore] stored True
[2025-05-24 20:31:17Z INFO CredentialManager] GetCredentialProvider
[2025-05-24 20:31:17Z INFO CredentialManager] Creating type OAuth
[2025-05-24 20:31:17Z INFO CredentialManager] Creating credential type: OAuth
[2025-05-24 20:31:17Z INFO RSAEncryptedFileKeyManager] Loading RSA key parameters from file C:\Users\legen\OneDrive\Dokumenti\GitHub\GitHooks\actions-runner\.credentials_rsaparams
[2025-05-24 20:32:07Z INFO ConfigurationStore] HasCredentials()
[2025-05-24 20:32:07Z INFO ConfigurationStore] stored True
[2025-05-24 20:32:07Z INFO CredentialManager] GetCredentialProvider
[2025-05-24 20:32:07Z INFO CredentialManager] Creating type OAuth
[2025-05-24 20:32:07Z INFO CredentialManager] Creating credential type: OAuth
[2025-05-24 20:32:07Z INFO RSAEncryptedFileKeyManager] Loading RSA key parameters from file C:\Users\legen\OneDrive\Dokumenti\GitHub\GitHooks\actions-runner\.credentials_rsaparams
[2025-05-24 20:32:57Z INFO ConfigurationStore] HasCredentials()
[2025-05-24 20:32:57Z INFO ConfigurationStore] stored True
[2025-05-24 20:32:57Z INFO CredentialManager] GetCredentialProvider
[2025-05-24 20:32:57Z INFO CredentialManager] Creating type OAuth
[2025-05-24 20:32:57Z INFO CredentialManager] Creating credential type: OAuth
[2025-05-24 20:32:57Z INFO RSAEncryptedFileKeyManager] Loading RSA key parameters from file C:\Users\legen\OneDrive\Dokumenti\GitHub\GitHooks\actions-runner\.credentials_rsaparams
[2025-05-24 20:33:48Z INFO ConfigurationStore] HasCredentials()
[2025-05-24 20:33:48Z INFO ConfigurationStore] stored True
[2025-05-24 20:33:48Z INFO CredentialManager] GetCredentialProvider
[2025-05-24 20:33:48Z INFO CredentialManager] Creating type OAuth
[2025-05-24 20:33:48Z INFO CredentialManager] Creating credential type: OAuth
[2025-05-24 20:33:48Z INFO RSAEncryptedFileKeyManager] Loading RSA key parameters from file C:\Users\legen\OneDrive\Dokumenti\GitHub\GitHooks\actions-runner\.credentials_rsaparams
[2025-05-24 20:34:38Z INFO ConfigurationStore] HasCredentials()
[2025-05-24 20:34:38Z INFO ConfigurationStore] stored True
[2025-05-24 20:34:38Z INFO CredentialManager] GetCredentialProvider
[2025-05-24 20:34:38Z INFO CredentialManager] Creating type OAuth
[2025-05-24 20:34:38Z INFO CredentialManager] Creating credential type: OAuth
[2025-05-24 20:34:38Z INFO RSAEncryptedFileKeyManager] Loading RSA key parameters from file C:\Users\legen\OneDrive\Dokumenti\GitHub\GitHooks\actions-runner\.credentials_rsaparams
[2025-05-24 20:35:29Z INFO ConfigurationStore] HasCredentials()
[2025-05-24 20:35:29Z INFO ConfigurationStore] stored True
[2025-05-24 20:35:29Z INFO CredentialManager] GetCredentialProvider
[2025-05-24 20:35:29Z INFO CredentialManager] Creating type OAuth
[2025-05-24 20:35:29Z INFO CredentialManager] Creating credential type: OAuth
[2025-05-24 20:35:29Z INFO RSAEncryptedFileKeyManager] Loading RSA key parameters from file C:\Users\legen\OneDrive\Dokumenti\GitHub\GitHooks\actions-runner\.credentials_rsaparams
[2025-05-24 20:36:19Z INFO ConfigurationStore] HasCredentials()
[2025-05-24 20:36:19Z INFO ConfigurationStore] stored True
[2025-05-24 20:36:19Z INFO CredentialManager] GetCredentialProvider
[2025-05-24 20:36:19Z INFO CredentialManager] Creating type OAuth
[2025-05-24 20:36:19Z INFO CredentialManager] Creating credential type: OAuth
[2025-05-24 20:36:19Z INFO RSAEncryptedFileKeyManager] Loading RSA key parameters from file C:\Users\legen\OneDrive\Dokumenti\GitHub\GitHooks\actions-runner\.credentials_rsaparams
[2025-05-24 20:37:09Z INFO ConfigurationStore] HasCredentials()
[2025-05-24 20:37:09Z INFO ConfigurationStore] stored True
[2025-05-24 20:37:09Z INFO CredentialManager] GetCredentialProvider
[2025-05-24 20:37:09Z INFO CredentialManager] Creating type OAuth
[2025-05-24 20:37:09Z INFO CredentialManager] Creating credential type: OAuth
[2025-05-24 20:37:09Z INFO RSAEncryptedFileKeyManager] Loading RSA key parameters from file C:\Users\legen\OneDrive\Dokumenti\GitHub\GitHooks\actions-runner\.credentials_rsaparams
[2025-05-24 20:38:00Z INFO ConfigurationStore] HasCredentials()
[2025-05-24 20:38:00Z INFO ConfigurationStore] stored True
[2025-05-24 20:38:00Z INFO CredentialManager] GetCredentialProvider
[2025-05-24 20:38:00Z INFO CredentialManager] Creating type OAuth
[2025-05-24 20:38:00Z INFO CredentialManager] Creating credential type: OAuth
[2025-05-24 20:38:00Z INFO RSAEncryptedFileKeyManager] Loading RSA key parameters from file C:\Users\legen\OneDrive\Dokumenti\GitHub\GitHooks\actions-runner\.credentials_rsaparams
[2025-05-24 20:38:50Z INFO ConfigurationStore] HasCredentials()
[2025-05-24 20:38:50Z INFO ConfigurationStore] stored True
[2025-05-24 20:38:50Z INFO CredentialManager] GetCredentialProvider
[2025-05-24 20:38:50Z INFO CredentialManager] Creating type OAuth
[2025-05-24 20:38:50Z INFO CredentialManager] Creating credential type: OAuth
[2025-05-24 20:38:50Z INFO RSAEncryptedFileKeyManager] Loading RSA key parameters from file C:\Users\legen\OneDrive\Dokumenti\GitHub\GitHooks\actions-runner\.credentials_rsaparams
[2025-05-24 20:39:41Z INFO ConfigurationStore] HasCredentials()
[2025-05-24 20:39:41Z INFO ConfigurationStore] stored True
[2025-05-24 20:39:41Z INFO CredentialManager] GetCredentialProvider
[2025-05-24 20:39:41Z INFO CredentialManager] Creating type OAuth
[2025-05-24 20:39:41Z INFO CredentialManager] Creating credential type: OAuth
[2025-05-24 20:39:41Z INFO RSAEncryptedFileKeyManager] Loading RSA key parameters from file C:\Users\legen\OneDrive\Dokumenti\GitHub\GitHooks\actions-runner\.credentials_rsaparams
[2025-05-24 20:40:31Z INFO ConfigurationStore] HasCredentials()
[2025-05-24 20:40:31Z INFO ConfigurationStore] stored True
[2025-05-24 20:40:31Z INFO CredentialManager] GetCredentialProvider
[2025-05-24 20:40:31Z INFO CredentialManager] Creating type OAuth
[2025-05-24 20:40:31Z INFO CredentialManager] Creating credential type: OAuth
[2025-05-24 20:40:31Z INFO RSAEncryptedFileKeyManager] Loading RSA key parameters from file C:\Users\legen\OneDrive\Dokumenti\GitHub\GitHooks\actions-runner\.credentials_rsaparams
[2025-05-24 20:41:21Z INFO ConfigurationStore] HasCredentials()
[2025-05-24 20:41:21Z INFO ConfigurationStore] stored True
[2025-05-24 20:41:21Z INFO CredentialManager] GetCredentialProvider
[2025-05-24 20:41:21Z INFO CredentialManager] Creating type OAuth
[2025-05-24 20:41:21Z INFO CredentialManager] Creating credential type: OAuth
[2025-05-24 20:41:21Z INFO RSAEncryptedFileKeyManager] Loading RSA key parameters from file C:\Users\legen\OneDrive\Dokumenti\GitHub\GitHooks\actions-runner\.credentials_rsaparams
[2025-05-24 20:42:12Z INFO ConfigurationStore] HasCredentials()
[2025-05-24 20:42:12Z INFO ConfigurationStore] stored True
[2025-05-24 20:42:12Z INFO CredentialManager] GetCredentialProvider
[2025-05-24 20:42:12Z INFO CredentialManager] Creating type OAuth
[2025-05-24 20:42:12Z INFO CredentialManager] Creating credential type: OAuth
[2025-05-24 20:42:12Z INFO RSAEncryptedFileKeyManager] Loading RSA key parameters from file C:\Users\legen\OneDrive\Dokumenti\GitHub\GitHooks\actions-runner\.credentials_rsaparams
[2025-05-24 20:43:02Z INFO ConfigurationStore] HasCredentials()
[2025-05-24 20:43:02Z INFO ConfigurationStore] stored True
[2025-05-24 20:43:02Z INFO CredentialManager] GetCredentialProvider
[2025-05-24 20:43:02Z INFO CredentialManager] Creating type OAuth
[2025-05-24 20:43:02Z INFO CredentialManager] Creating credential type: OAuth
[2025-05-24 20:43:02Z INFO RSAEncryptedFileKeyManager] Loading RSA key parameters from file C:\Users\legen\OneDrive\Dokumenti\GitHub\GitHooks\actions-runner\.credentials_rsaparams
[2025-05-24 20:43:53Z INFO ConfigurationStore] HasCredentials()
[2025-05-24 20:43:53Z INFO ConfigurationStore] stored True
[2025-05-24 20:43:53Z INFO CredentialManager] GetCredentialProvider
[2025-05-24 20:43:53Z INFO CredentialManager] Creating type OAuth
[2025-05-24 20:43:53Z INFO CredentialManager] Creating credential type: OAuth
[2025-05-24 20:43:53Z INFO RSAEncryptedFileKeyManager] Loading RSA key parameters from file C:\Users\legen\OneDrive\Dokumenti\GitHub\GitHooks\actions-runner\.credentials_rsaparams
[2025-05-24 20:44:43Z INFO ConfigurationStore] HasCredentials()
[2025-05-24 20:44:43Z INFO ConfigurationStore] stored True
[2025-05-24 20:44:43Z INFO CredentialManager] GetCredentialProvider
[2025-05-24 20:44:43Z INFO CredentialManager] Creating type OAuth
[2025-05-24 20:44:43Z INFO CredentialManager] Creating credential type: OAuth
[2025-05-24 20:44:43Z INFO RSAEncryptedFileKeyManager] Loading RSA key parameters from file C:\Users\legen\OneDrive\Dokumenti\GitHub\GitHooks\actions-runner\.credentials_rsaparams
[2025-05-24 20:45:34Z INFO ConfigurationStore] HasCredentials()
[2025-05-24 20:45:34Z INFO ConfigurationStore] stored True
[2025-05-24 20:45:34Z INFO CredentialManager] GetCredentialProvider
[2025-05-24 20:45:34Z INFO CredentialManager] Creating type OAuth
[2025-05-24 20:45:34Z INFO CredentialManager] Creating credential type: OAuth
[2025-05-24 20:45:34Z INFO RSAEncryptedFileKeyManager] Loading RSA key parameters from file C:\Users\legen\OneDrive\Dokumenti\GitHub\GitHooks\actions-runner\.credentials_rsaparams
[2025-05-24 20:46:24Z INFO ConfigurationStore] HasCredentials()
[2025-05-24 20:46:24Z INFO ConfigurationStore] stored True
[2025-05-24 20:46:24Z INFO CredentialManager] GetCredentialProvider
[2025-05-24 20:46:24Z INFO CredentialManager] Creating type OAuth
[2025-05-24 20:46:24Z INFO CredentialManager] Creating credential type: OAuth
[2025-05-24 20:46:24Z INFO RSAEncryptedFileKeyManager] Loading RSA key parameters from file C:\Users\legen\OneDrive\Dokumenti\GitHub\GitHooks\actions-runner\.credentials_rsaparams
[2025-05-24 20:47:14Z INFO ConfigurationStore] HasCredentials()
[2025-05-24 20:47:14Z INFO ConfigurationStore] stored True
[2025-05-24 20:47:14Z INFO CredentialManager] GetCredentialProvider
[2025-05-24 20:47:14Z INFO CredentialManager] Creating type OAuth
[2025-05-24 20:47:14Z INFO CredentialManager] Creating credential type: OAuth
[2025-05-24 20:47:14Z INFO RSAEncryptedFileKeyManager] Loading RSA key parameters from file C:\Users\legen\OneDrive\Dokumenti\GitHub\GitHooks\actions-runner\.credentials_rsaparams
[2025-05-24 20:48:05Z INFO ConfigurationStore] HasCredentials()
[2025-05-24 20:48:05Z INFO ConfigurationStore] stored True
[2025-05-24 20:48:05Z INFO CredentialManager] GetCredentialProvider
[2025-05-24 20:48:05Z INFO CredentialManager] Creating type OAuth
[2025-05-24 20:48:05Z INFO CredentialManager] Creating credential type: OAuth
[2025-05-24 20:48:05Z INFO RSAEncryptedFileKeyManager] Loading RSA key parameters from file C:\Users\legen\OneDrive\Dokumenti\GitHub\GitHooks\actions-runner\.credentials_rsaparams
[2025-05-24 20:48:05Z INFO RSAEncryptedFileKeyManager] Loading RSA key parameters from file C:\Users\legen\OneDrive\Dokumenti\GitHub\GitHooks\actions-runner\.credentials_rsaparams
[2025-05-24 20:48:06Z INFO GitHubActionsService] AAD Correlation ID for this token request: Unknown
[2025-05-25 14:23:49Z WARN GitHubActionsService] GET request to https://broker.actions.githubusercontent.com/message?sessionId=2d8f211f-2be3-4e30-a56c-8ea2ed6a58d0&status=Online&runnerVersion=2.324.0&os=Windows&architecture=X64&disableUpdate=false timed out after 100 seconds.
[2025-05-25 14:23:49Z ERR  BrokerServer] Catch exception during request
[2025-05-25 14:23:49Z ERR  BrokerServer] System.TimeoutException: The HTTP request timed out after 00:01:40.
 ---> System.Threading.Tasks.TaskCanceledException: The operation was canceled.
 ---> System.IO.IOException: Unable to read data from the transport connection: The I/O operation has been aborted because of either a thread exit or an application request..
 ---> System.Net.Sockets.SocketException (995): The I/O operation has been aborted because of either a thread exit or an application request.
   --- End of inner exception stack trace ---
   at System.Net.Sockets.Socket.AwaitableSocketAsyncEventArgs.ThrowException(SocketError error, CancellationToken cancellationToken)
   at System.Net.Sockets.Socket.AwaitableSocketAsyncEventArgs.System.Threading.Tasks.Sources.IValueTaskSource<System.Int32>.GetResult(Int16 token)
   at System.Net.Security.SslStream.EnsureFullTlsFrameAsync[TIOAdapter](CancellationToken cancellationToken, Int32 estimatedSize)
   at System.Runtime.CompilerServices.PoolingAsyncValueTaskMethodBuilder`1.StateMachineBox`1.System.Threading.Tasks.Sources.IValueTaskSource<TResult>.GetResult(Int16 token)
   at System.Net.Security.SslStream.ReadAsyncInternal[TIOAdapter](Memory`1 buffer, CancellationToken cancellationToken)
   at System.Runtime.CompilerServices.PoolingAsyncValueTaskMethodBuilder`1.StateMachineBox`1.System.Threading.Tasks.Sources.IValueTaskSource<TResult>.GetResult(Int16 token)
   at System.Net.Http.HttpConnection.SendAsync(HttpRequestMessage request, Boolean async, CancellationToken cancellationToken)
   --- End of inner exception stack trace ---
   at System.Net.Http.HttpConnection.SendAsync(HttpRequestMessage request, Boolean async, CancellationToken cancellationToken)
   at System.Net.Http.AuthenticationHelper.SendWithNtAuthAsync(HttpRequestMessage request, Uri authUri, Boolean async, ICredentials credentials, Boolean isProxyAuth, HttpConnection connection, HttpConnectionPool connectionPool, CancellationToken cancellationToken)
   at System.Net.Http.HttpConnectionPool.SendWithVersionDetectionAndRetryAsync(HttpRequestMessage request, Boolean async, Boolean doRequestAuth, CancellationToken cancellationToken)
   at System.Net.Http.AuthenticationHelper.SendWithAuthAsync(HttpRequestMessage request, Uri authUri, Boolean async, ICredentials credentials, Boolean preAuthenticate, Boolean isProxyAuth, Boolean doRequestAuth, HttpConnectionPool pool, CancellationToken cancellationToken)
   at System.Net.Http.RedirectHandler.SendAsync(HttpRequestMessage request, Boolean async, CancellationToken cancellationToken)
   at GitHub.Services.Common.RawHttpMessageHandler.SendAsync(HttpRequestMessage request, CancellationToken cancellationToken)
   --- End of inner exception stack trace ---
   at GitHub.Services.Common.RawHttpMessageHandler.SendAsync(HttpRequestMessage request, CancellationToken cancellationToken)
   at GitHub.Services.Common.VssHttpRetryMessageHandler.SendAsync(HttpRequestMessage request, CancellationToken cancellationToken)
   at System.Net.Http.HttpClient.<SendAsync>g__Core|83_0(HttpRequestMessage request, HttpCompletionOption completionOption, CancellationTokenSource cts, Boolean disposeCts, CancellationTokenSource pendingRequestsCts, CancellationToken originalCancellationToken)
   at Sdk.WebApi.WebApi.RawHttpClientBase.SendAsync(HttpRequestMessage message, HttpCompletionOption completionOption, Object userState, CancellationToken cancellationToken)
   at Sdk.WebApi.WebApi.RawHttpClientBase.SendAsync[T](HttpRequestMessage message, Boolean readErrorBody, Object userState, CancellationToken cancellationToken)
   at Sdk.WebApi.WebApi.RawHttpClientBase.SendAsync[T](HttpMethod method, IEnumerable`1 additionalHeaders, Uri requestUri, HttpContent content, IEnumerable`1 queryParameters, Boolean readErrorBody, Object userState, CancellationToken cancellationToken)
   at GitHub.Actions.RunService.WebApi.BrokerHttpClient.GetRunnerMessageAsync(Nullable`1 sessionId, String runnerVersion, Nullable`1 status, String os, String architecture, Nullable`1 disableUpdate, CancellationToken cancellationToken)
   at GitHub.Runner.Common.BrokerServer.<>c__DisplayClass7_0.<<GetRunnerMessageAsync>b__0>d.MoveNext()
--- End of stack trace from previous location ---
   at GitHub.Runner.Common.RunnerService.RetryRequest[T](Func`1 func, CancellationToken cancellationToken, Int32 maxRetryAttemptsCount, Func`2 shouldRetry)
[2025-05-25 14:23:49Z ERR  BrokerServer] #####################################################
[2025-05-25 14:23:49Z ERR  BrokerServer] System.Threading.Tasks.TaskCanceledException: The operation was canceled.
 ---> System.IO.IOException: Unable to read data from the transport connection: The I/O operation has been aborted because of either a thread exit or an application request..
 ---> System.Net.Sockets.SocketException (995): The I/O operation has been aborted because of either a thread exit or an application request.
   --- End of inner exception stack trace ---
   at System.Net.Sockets.Socket.AwaitableSocketAsyncEventArgs.ThrowException(SocketError error, CancellationToken cancellationToken)
   at System.Net.Sockets.Socket.AwaitableSocketAsyncEventArgs.System.Threading.Tasks.Sources.IValueTaskSource<System.Int32>.GetResult(Int16 token)
   at System.Net.Security.SslStream.EnsureFullTlsFrameAsync[TIOAdapter](CancellationToken cancellationToken, Int32 estimatedSize)
   at System.Runtime.CompilerServices.PoolingAsyncValueTaskMethodBuilder`1.StateMachineBox`1.System.Threading.Tasks.Sources.IValueTaskSource<TResult>.GetResult(Int16 token)
   at System.Net.Security.SslStream.ReadAsyncInternal[TIOAdapter](Memory`1 buffer, CancellationToken cancellationToken)
   at System.Runtime.CompilerServices.PoolingAsyncValueTaskMethodBuilder`1.StateMachineBox`1.System.Threading.Tasks.Sources.IValueTaskSource<TResult>.GetResult(Int16 token)
   at System.Net.Http.HttpConnection.SendAsync(HttpRequestMessage request, Boolean async, CancellationToken cancellationToken)
   --- End of inner exception stack trace ---
   at System.Net.Http.HttpConnection.SendAsync(HttpRequestMessage request, Boolean async, CancellationToken cancellationToken)
   at System.Net.Http.AuthenticationHelper.SendWithNtAuthAsync(HttpRequestMessage request, Uri authUri, Boolean async, ICredentials credentials, Boolean isProxyAuth, HttpConnection connection, HttpConnectionPool connectionPool, CancellationToken cancellationToken)
   at System.Net.Http.HttpConnectionPool.SendWithVersionDetectionAndRetryAsync(HttpRequestMessage request, Boolean async, Boolean doRequestAuth, CancellationToken cancellationToken)
   at System.Net.Http.AuthenticationHelper.SendWithAuthAsync(HttpRequestMessage request, Uri authUri, Boolean async, ICredentials credentials, Boolean preAuthenticate, Boolean isProxyAuth, Boolean doRequestAuth, HttpConnectionPool pool, CancellationToken cancellationToken)
   at System.Net.Http.RedirectHandler.SendAsync(HttpRequestMessage request, Boolean async, CancellationToken cancellationToken)
   at GitHub.Services.Common.RawHttpMessageHandler.SendAsync(HttpRequestMessage request, CancellationToken cancellationToken)
[2025-05-25 14:23:49Z ERR  BrokerServer] #####################################################
[2025-05-25 14:23:49Z ERR  BrokerServer] System.IO.IOException: Unable to read data from the transport connection: The I/O operation has been aborted because of either a thread exit or an application request..
 ---> System.Net.Sockets.SocketException (995): The I/O operation has been aborted because of either a thread exit or an application request.
   --- End of inner exception stack trace ---
   at System.Net.Sockets.Socket.AwaitableSocketAsyncEventArgs.ThrowException(SocketError error, CancellationToken cancellationToken)
   at System.Net.Sockets.Socket.AwaitableSocketAsyncEventArgs.System.Threading.Tasks.Sources.IValueTaskSource<System.Int32>.GetResult(Int16 token)
   at System.Net.Security.SslStream.EnsureFullTlsFrameAsync[TIOAdapter](CancellationToken cancellationToken, Int32 estimatedSize)
   at System.Runtime.CompilerServices.PoolingAsyncValueTaskMethodBuilder`1.StateMachineBox`1.System.Threading.Tasks.Sources.IValueTaskSource<TResult>.GetResult(Int16 token)
   at System.Net.Security.SslStream.ReadAsyncInternal[TIOAdapter](Memory`1 buffer, CancellationToken cancellationToken)
   at System.Runtime.CompilerServices.PoolingAsyncValueTaskMethodBuilder`1.StateMachineBox`1.System.Threading.Tasks.Sources.IValueTaskSource<TResult>.GetResult(Int16 token)
   at System.Net.Http.HttpConnection.SendAsync(HttpRequestMessage request, Boolean async, CancellationToken cancellationToken)
[2025-05-25 14:23:49Z ERR  BrokerServer] #####################################################
[2025-05-25 14:23:49Z ERR  BrokerServer] System.Net.Sockets.SocketException (995): The I/O operation has been aborted because of either a thread exit or an application request.
[2025-05-25 14:23:49Z WARN BrokerServer] Back off 7.713 seconds before next retry. 4 attempt left.
[2025-05-25 14:23:57Z INFO RSAEncryptedFileKeyManager] Loading RSA key parameters from file C:\Users\legen\OneDrive\Dokumenti\GitHub\GitHooks\actions-runner\.credentials_rsaparams
[2025-05-25 14:23:58Z INFO GitHubActionsService] AAD Correlation ID for this token request: Unknown
[2025-05-25 14:24:48Z INFO MessageListener] No message retrieved from session '2d8f211f-2be3-4e30-a56c-8ea2ed6a58d0' within last 30 minutes.
[2025-05-25 14:24:49Z INFO RSAEncryptedFileKeyManager] Loading RSA key parameters from file C:\Users\legen\OneDrive\Dokumenti\GitHub\GitHooks\actions-runner\.credentials_rsaparams
[2025-05-25 14:24:49Z INFO GitHubActionsService] AAD Correlation ID for this token request: Unknown
[2025-05-25 14:24:49Z INFO ConfigurationStore] HasCredentials()
[2025-05-25 14:24:49Z INFO ConfigurationStore] stored True
[2025-05-25 14:24:49Z INFO CredentialManager] GetCredentialProvider
[2025-05-25 14:24:49Z INFO CredentialManager] Creating type OAuth
[2025-05-25 14:24:49Z INFO CredentialManager] Creating credential type: OAuth
[2025-05-25 14:24:49Z INFO RSAEncryptedFileKeyManager] Loading RSA key parameters from file C:\Users\legen\OneDrive\Dokumenti\GitHub\GitHooks\actions-runner\.credentials_rsaparams
[2025-05-25 14:25:40Z INFO ConfigurationStore] HasCredentials()
[2025-05-25 14:25:40Z INFO ConfigurationStore] stored True
[2025-05-25 14:25:40Z INFO CredentialManager] GetCredentialProvider
[2025-05-25 14:25:40Z INFO CredentialManager] Creating type OAuth
[2025-05-25 14:25:40Z INFO CredentialManager] Creating credential type: OAuth
[2025-05-25 14:25:40Z INFO RSAEncryptedFileKeyManager] Loading RSA key parameters from file C:\Users\legen\OneDrive\Dokumenti\GitHub\GitHooks\actions-runner\.credentials_rsaparams
[2025-05-25 14:26:30Z INFO ConfigurationStore] HasCredentials()
[2025-05-25 14:26:30Z INFO ConfigurationStore] stored True
[2025-05-25 14:26:30Z INFO CredentialManager] GetCredentialProvider
[2025-05-25 14:26:30Z INFO CredentialManager] Creating type OAuth
[2025-05-25 14:26:30Z INFO CredentialManager] Creating credential type: OAuth
[2025-05-25 14:26:30Z INFO RSAEncryptedFileKeyManager] Loading RSA key parameters from file C:\Users\legen\OneDrive\Dokumenti\GitHub\GitHooks\actions-runner\.credentials_rsaparams
[2025-05-25 14:27:20Z INFO ConfigurationStore] HasCredentials()
[2025-05-25 14:27:20Z INFO ConfigurationStore] stored True
[2025-05-25 14:27:20Z INFO CredentialManager] GetCredentialProvider
[2025-05-25 14:27:20Z INFO CredentialManager] Creating type OAuth
[2025-05-25 14:27:20Z INFO CredentialManager] Creating credential type: OAuth
[2025-05-25 14:27:20Z INFO RSAEncryptedFileKeyManager] Loading RSA key parameters from file C:\Users\legen\OneDrive\Dokumenti\GitHub\GitHooks\actions-runner\.credentials_rsaparams
[2025-05-25 14:28:11Z INFO ConfigurationStore] HasCredentials()
[2025-05-25 14:28:11Z INFO ConfigurationStore] stored True
[2025-05-25 14:28:11Z INFO CredentialManager] GetCredentialProvider
[2025-05-25 14:28:11Z INFO CredentialManager] Creating type OAuth
[2025-05-25 14:28:11Z INFO CredentialManager] Creating credential type: OAuth
[2025-05-25 14:28:11Z INFO RSAEncryptedFileKeyManager] Loading RSA key parameters from file C:\Users\legen\OneDrive\Dokumenti\GitHub\GitHooks\actions-runner\.credentials_rsaparams
[2025-05-25 14:28:15Z INFO HostContext] Runner will be shutdown for UserCancelled
[2025-05-25 14:28:15Z WARN GitHubActionsService] GET request to https://broker.actions.githubusercontent.com/message?sessionId=2d8f211f-2be3-4e30-a56c-8ea2ed6a58d0&status=Online&runnerVersion=2.324.0&os=Windows&architecture=X64&disableUpdate=false has been cancelled.
[2025-05-25 14:28:15Z ERR  BrokerServer] Catch exception during request
[2025-05-25 14:28:15Z ERR  BrokerServer] System.Threading.Tasks.TaskCanceledException: The operation was canceled.
 ---> System.Threading.Tasks.TaskCanceledException: The operation was canceled.
 ---> System.IO.IOException: Unable to read data from the transport connection: The I/O operation has been aborted because of either a thread exit or an application request..
 ---> System.Net.Sockets.SocketException (995): The I/O operation has been aborted because of either a thread exit or an application request.
   --- End of inner exception stack trace ---
   at System.Net.Sockets.Socket.AwaitableSocketAsyncEventArgs.ThrowException(SocketError error, CancellationToken cancellationToken)
   at System.Net.Sockets.Socket.AwaitableSocketAsyncEventArgs.System.Threading.Tasks.Sources.IValueTaskSource<System.Int32>.GetResult(Int16 token)
   at System.Net.Security.SslStream.EnsureFullTlsFrameAsync[TIOAdapter](CancellationToken cancellationToken, Int32 estimatedSize)
   at System.Runtime.CompilerServices.PoolingAsyncValueTaskMethodBuilder`1.StateMachineBox`1.System.Threading.Tasks.Sources.IValueTaskSource<TResult>.GetResult(Int16 token)
   at System.Net.Security.SslStream.ReadAsyncInternal[TIOAdapter](Memory`1 buffer, CancellationToken cancellationToken)
   at System.Runtime.CompilerServices.PoolingAsyncValueTaskMethodBuilder`1.StateMachineBox`1.System.Threading.Tasks.Sources.IValueTaskSource<TResult>.GetResult(Int16 token)
   at System.Net.Http.HttpConnection.SendAsync(HttpRequestMessage request, Boolean async, CancellationToken cancellationToken)
   --- End of inner exception stack trace ---
   at System.Net.Http.HttpConnection.SendAsync(HttpRequestMessage request, Boolean async, CancellationToken cancellationToken)
   at System.Net.Http.AuthenticationHelper.SendWithNtAuthAsync(HttpRequestMessage request, Uri authUri, Boolean async, ICredentials credentials, Boolean isProxyAuth, HttpConnection connection, HttpConnectionPool connectionPool, CancellationToken cancellationToken)
   at System.Net.Http.HttpConnectionPool.SendWithVersionDetectionAndRetryAsync(HttpRequestMessage request, Boolean async, Boolean doRequestAuth, CancellationToken cancellationToken)
   at System.Net.Http.AuthenticationHelper.SendWithAuthAsync(HttpRequestMessage request, Uri authUri, Boolean async, ICredentials credentials, Boolean preAuthenticate, Boolean isProxyAuth, Boolean doRequestAuth, HttpConnectionPool pool, CancellationToken cancellationToken)
   at System.Net.Http.RedirectHandler.SendAsync(HttpRequestMessage request, Boolean async, CancellationToken cancellationToken)
   at GitHub.Services.Common.RawHttpMessageHandler.SendAsync(HttpRequestMessage request, CancellationToken cancellationToken)
   at GitHub.Services.Common.VssHttpRetryMessageHandler.SendAsync(HttpRequestMessage request, CancellationToken cancellationToken)
   at System.Net.Http.HttpClient.<SendAsync>g__Core|83_0(HttpRequestMessage request, HttpCompletionOption completionOption, CancellationTokenSource cts, Boolean disposeCts, CancellationTokenSource pendingRequestsCts, CancellationToken originalCancellationToken)
   --- End of inner exception stack trace ---
   at System.Net.Http.HttpClient.HandleFailure(Exception e, Boolean telemetryStarted, HttpResponseMessage response, CancellationTokenSource cts, CancellationToken cancellationToken, CancellationTokenSource pendingRequestsCts)
   at System.Net.Http.HttpClient.<SendAsync>g__Core|83_0(HttpRequestMessage request, HttpCompletionOption completionOption, CancellationTokenSource cts, Boolean disposeCts, CancellationTokenSource pendingRequestsCts, CancellationToken originalCancellationToken)
   at Sdk.WebApi.WebApi.RawHttpClientBase.SendAsync(HttpRequestMessage message, HttpCompletionOption completionOption, Object userState, CancellationToken cancellationToken)
   at Sdk.WebApi.WebApi.RawHttpClientBase.SendAsync[T](HttpRequestMessage message, Boolean readErrorBody, Object userState, CancellationToken cancellationToken)
   at Sdk.WebApi.WebApi.RawHttpClientBase.SendAsync[T](HttpMethod method, IEnumerable`1 additionalHeaders, Uri requestUri, HttpContent content, IEnumerable`1 queryParameters, Boolean readErrorBody, Object userState, CancellationToken cancellationToken)
   at GitHub.Actions.RunService.WebApi.BrokerHttpClient.GetRunnerMessageAsync(Nullable`1 sessionId, String runnerVersion, Nullable`1 status, String os, String architecture, Nullable`1 disableUpdate, CancellationToken cancellationToken)
   at GitHub.Runner.Common.BrokerServer.<>c__DisplayClass7_0.<<GetRunnerMessageAsync>b__0>d.MoveNext()
--- End of stack trace from previous location ---
   at GitHub.Runner.Common.RunnerService.RetryRequest[T](Func`1 func, CancellationToken cancellationToken, Int32 maxRetryAttemptsCount, Func`2 shouldRetry)
[2025-05-25 14:28:15Z ERR  BrokerServer] #####################################################
[2025-05-25 14:28:15Z ERR  BrokerServer] System.Threading.Tasks.TaskCanceledException: The operation was canceled.
 ---> System.IO.IOException: Unable to read data from the transport connection: The I/O operation has been aborted because of either a thread exit or an application request..
 ---> System.Net.Sockets.SocketException (995): The I/O operation has been aborted because of either a thread exit or an application request.
   --- End of inner exception stack trace ---
   at System.Net.Sockets.Socket.AwaitableSocketAsyncEventArgs.ThrowException(SocketError error, CancellationToken cancellationToken)
   at System.Net.Sockets.Socket.AwaitableSocketAsyncEventArgs.System.Threading.Tasks.Sources.IValueTaskSource<System.Int32>.GetResult(Int16 token)
   at System.Net.Security.SslStream.EnsureFullTlsFrameAsync[TIOAdapter](CancellationToken cancellationToken, Int32 estimatedSize)
   at System.Runtime.CompilerServices.PoolingAsyncValueTaskMethodBuilder`1.StateMachineBox`1.System.Threading.Tasks.Sources.IValueTaskSource<TResult>.GetResult(Int16 token)
   at System.Net.Security.SslStream.ReadAsyncInternal[TIOAdapter](Memory`1 buffer, CancellationToken cancellationToken)
   at System.Runtime.CompilerServices.PoolingAsyncValueTaskMethodBuilder`1.StateMachineBox`1.System.Threading.Tasks.Sources.IValueTaskSource<TResult>.GetResult(Int16 token)
   at System.Net.Http.HttpConnection.SendAsync(HttpRequestMessage request, Boolean async, CancellationToken cancellationToken)
   --- End of inner exception stack trace ---
   at System.Net.Http.HttpConnection.SendAsync(HttpRequestMessage request, Boolean async, CancellationToken cancellationToken)
   at System.Net.Http.AuthenticationHelper.SendWithNtAuthAsync(HttpRequestMessage request, Uri authUri, Boolean async, ICredentials credentials, Boolean isProxyAuth, HttpConnection connection, HttpConnectionPool connectionPool, CancellationToken cancellationToken)
   at System.Net.Http.HttpConnectionPool.SendWithVersionDetectionAndRetryAsync(HttpRequestMessage request, Boolean async, Boolean doRequestAuth, CancellationToken cancellationToken)
   at System.Net.Http.AuthenticationHelper.SendWithAuthAsync(HttpRequestMessage request, Uri authUri, Boolean async, ICredentials credentials, Boolean preAuthenticate, Boolean isProxyAuth, Boolean doRequestAuth, HttpConnectionPool pool, CancellationToken cancellationToken)
   at System.Net.Http.RedirectHandler.SendAsync(HttpRequestMessage request, Boolean async, CancellationToken cancellationToken)
   at GitHub.Services.Common.RawHttpMessageHandler.SendAsync(HttpRequestMessage request, CancellationToken cancellationToken)
   at GitHub.Services.Common.VssHttpRetryMessageHandler.SendAsync(HttpRequestMessage request, CancellationToken cancellationToken)
   at System.Net.Http.HttpClient.<SendAsync>g__Core|83_0(HttpRequestMessage request, HttpCompletionOption completionOption, CancellationTokenSource cts, Boolean disposeCts, CancellationTokenSource pendingRequestsCts, CancellationToken originalCancellationToken)
[2025-05-25 14:28:15Z ERR  BrokerServer] #####################################################
[2025-05-25 14:28:15Z ERR  BrokerServer] System.IO.IOException: Unable to read data from the transport connection: The I/O operation has been aborted because of either a thread exit or an application request..
 ---> System.Net.Sockets.SocketException (995): The I/O operation has been aborted because of either a thread exit or an application request.
   --- End of inner exception stack trace ---
   at System.Net.Sockets.Socket.AwaitableSocketAsyncEventArgs.ThrowException(SocketError error, CancellationToken cancellationToken)
   at System.Net.Sockets.Socket.AwaitableSocketAsyncEventArgs.System.Threading.Tasks.Sources.IValueTaskSource<System.Int32>.GetResult(Int16 token)
   at System.Net.Security.SslStream.EnsureFullTlsFrameAsync[TIOAdapter](CancellationToken cancellationToken, Int32 estimatedSize)
   at System.Runtime.CompilerServices.PoolingAsyncValueTaskMethodBuilder`1.StateMachineBox`1.System.Threading.Tasks.Sources.IValueTaskSource<TResult>.GetResult(Int16 token)
   at System.Net.Security.SslStream.ReadAsyncInternal[TIOAdapter](Memory`1 buffer, CancellationToken cancellationToken)
   at System.Runtime.CompilerServices.PoolingAsyncValueTaskMethodBuilder`1.StateMachineBox`1.System.Threading.Tasks.Sources.IValueTaskSource<TResult>.GetResult(Int16 token)
   at System.Net.Http.HttpConnection.SendAsync(HttpRequestMessage request, Boolean async, CancellationToken cancellationToken)
[2025-05-25 14:28:15Z ERR  BrokerServer] #####################################################
[2025-05-25 14:28:15Z ERR  BrokerServer] System.Net.Sockets.SocketException (995): The I/O operation has been aborted because of either a thread exit or an application request.
[2025-05-25 14:28:15Z WARN BrokerServer] Back off 7.002 seconds before next retry. 4 attempt left.
[2025-05-25 14:28:15Z INFO MessageListener] Get next message has been cancelled.
[2025-05-25 14:28:15Z INFO JobDispatcher] Shutting down JobDispatcher. Make sure all WorkerDispatcher has finished.
[2025-05-25 14:28:15Z INFO Runner] Deleting Runner Session...
[2025-05-25 14:28:15Z INFO Listener] Runner execution been cancelled.
